[{"id":1,"action":{"type":"block"},"condition":{"urlFilter":"||2mdn.net/2629844/*","isUrlFilterCaseSensitive":false},"priority":1},{"id":2,"action":{"type":"block"},"condition":{"urlFilter":"||65.109.238.16/openx-2.4.6/www/delivery/*","isUrlFilterCaseSensitive":false},"priority":1},{"id":3,"action":{"type":"block"},"condition":{"urlFilter":"||ads.e-go.gr/gbanner/","isUrlFilterCaseSensitive":false},"priority":1},{"id":4,"action":{"type":"block"},"condition":{"urlFilter":"||agronews.gr/images/banners/*","isUrlFilterCaseSensitive":false},"priority":1},{"id":5,"action":{"type":"block"},"condition":{"urlFilter":"||alogos.gr/images/banners/*","isUrlFilterCaseSensitive":false},"priority":1},{"id":6,"action":{"type":"block"},"condition":{"urlFilter":"||anendotos.gr/ads/*","isUrlFilterCaseSensitive":false},"priority":1},{"id":7,"action":{"type":"block"},"condition":{"urlFilter":"||astrack.mediacdn.com/ipquery?siteorigin=sportfm","isUrlFilterCaseSensitive":false},"priority":1},{"id":8,"action":{"type":"block"},"condition":{"urlFilter":"||asxetos.gr/ban/*","isUrlFilterCaseSensitive":false},"priority":1},{"id":9,"action":{"type":"block"},"condition":{"urlFilter":"||avclub.gr/forum/images/banners/*","isUrlFilterCaseSensitive":false},"priority":1},{"id":10,"action":{"type":"block"},"condition":{"urlFilter":"||avgi.gr/images/photoarchive/banners/","isUrlFilterCaseSensitive":false},"priority":1},{"id":11,"action":{"type":"block"},"condition":{"urlFilter":"||avopolis.gr/banners/*.swf","isUrlFilterCaseSensitive":false},"priority":1},{"id":12,"action":{"type":"block"},"condition":{"urlFilter":"||avopolis.gr/images/OTE*.gif","isUrlFilterCaseSensitive":false},"priority":1},{"id":13,"action":{"type":"block"},"condition":{"urlFilter":"||avopolis.gr/images/backskin5.gif","isUrlFilterCaseSensitive":false},"priority":1},{"id":14,"action":{"type":"block"},"condition":{"urlFilter":"||ax-easy.com/banners/","isUrlFilterCaseSensitive":false},"priority":1},{"id":15,"action":{"type":"block"},"condition":{"urlFilter":"||axiabanners.exodus.gr^","isUrlFilterCaseSensitive":false},"priority":1},{"id":16,"action":{"type":"block"},"condition":{"urlFilter":"||banners.otenet.gr/banner/all_banners/*","isUrlFilterCaseSensitive":false},"priority":1},{"id":17,"action":{"type":"block"},"condition":{"urlFilter":"||bestprice.gr/promos/allshops/*","isUrlFilterCaseSensitive":false},"priority":1},{"id":18,"action":{"type":"block"},"condition":{"urlFilter":"||boukouvalas.org/*.gif^","isUrlFilterCaseSensitive":false},"priority":1},{"id":19,"action":{"type":"block"},"condition":{"urlFilter":"||cacheserve.williamhill.com/*","isUrlFilterCaseSensitive":false},"priority":1},{"id":20,"action":{"type":"block"},"condition":{"urlFilter":"||cacheserve.williamhillcasino.com/*","isUrlFilterCaseSensitive":false},"priority":1},{"id":21,"action":{"type":"block"},"condition":{"urlFilter":"||capital.gr/banners/StaticBanners/*","isUrlFilterCaseSensitive":false},"priority":1},{"id":22,"action":{"type":"block"},"condition":{"urlFilter":"||cdn.orangeclickmedia.com^","isUrlFilterCaseSensitive":false},"priority":1},{"id":23,"action":{"type":"block"},"condition":{"urlFilter":"||connextra.com/VistaBet/*","isUrlFilterCaseSensitive":false},"priority":1},{"id":24,"action":{"type":"block"},"condition":{"urlFilter":"||contra.gr/XML/sponsors/","isUrlFilterCaseSensitive":false},"priority":1},{"id":25,"action":{"type":"block"},"condition":{"urlFilter":"||corfuland.gr/images/banners/*","isUrlFilterCaseSensitive":false},"priority":1},{"id":26,"action":{"type":"block"},"condition":{"urlFilter":"||dev.realize.gr/temp/away.swf?*","isUrlFilterCaseSensitive":false},"priority":1},{"id":27,"action":{"type":"block"},"condition":{"urlFilter":"||www.e-evros.gr/banners/*.gif","resourceTypes":["image"],"isUrlFilterCaseSensitive":false},"priority":101},{"id":28,"action":{"type":"block"},"condition":{"urlFilter":"||e-cannibals.gr/blog/wp-content/uploads/kanivaloiAD.jpg^","isUrlFilterCaseSensitive":false},"priority":1},{"id":29,"action":{"type":"block"},"condition":{"urlFilter":"||e-cannibals.gr/blog/wp-content/uploads/sm_kanivaloiAD.jpg^","isUrlFilterCaseSensitive":false},"priority":1},{"id":30,"action":{"type":"block"},"condition":{"urlFilter":"||e-cannibals.gr/blog/wp-content/uploads/somafusion_adsb.jpg^","isUrlFilterCaseSensitive":false},"priority":1},{"id":31,"action":{"type":"block"},"condition":{"urlFilter":"||e-shop.gr/banners/spamet.swf^","isUrlFilterCaseSensitive":false},"priority":1},{"id":32,"action":{"type":"block"},"condition":{"urlFilter":"||edu4u.gr/Portals/0/Banners/*","isUrlFilterCaseSensitive":false},"priority":1},{"id":33,"action":{"type":"block"},"condition":{"urlFilter":"||epiruspost.gr/images/banners/","isUrlFilterCaseSensitive":false},"priority":1},{"id":34,"action":{"type":"block"},"condition":{"urlFilter":"||files.capital.gr/adserver/*","isUrlFilterCaseSensitive":false},"priority":1},{"id":35,"action":{"type":"block"},"condition":{"urlFilter":"||files.capital.gr/banners/","isUrlFilterCaseSensitive":false},"priority":1},{"id":36,"action":{"type":"block"},"condition":{"urlFilter":"||files.capital.gr/images/dowjones/dowjones_home_logo_small.jpg","isUrlFilterCaseSensitive":false},"priority":1},{"id":37,"action":{"type":"block"},"condition":{"urlFilter":"||flights.gr/tromaktikos/","isUrlFilterCaseSensitive":false},"priority":1},{"id":38,"action":{"type":"block"},"condition":{"urlFilter":"||forthnet.gr/media/Banners/driveme/*","isUrlFilterCaseSensitive":false},"priority":1},{"id":39,"action":{"type":"block"},"condition":{"urlFilter":"||geoloc12.geovisite.com:82/private/geocounter.js","isUrlFilterCaseSensitive":false},"priority":1},{"id":40,"action":{"type":"block"},"condition":{"urlFilter":"||gpoint.com.gr/*.swf^","isUrlFilterCaseSensitive":false},"priority":1},{"id":41,"action":{"type":"block"},"condition":{"urlFilter":"||greeklug.gr/images/banners/","isUrlFilterCaseSensitive":false},"priority":1},{"id":42,"action":{"type":"block"},"condition":{"urlFilter":"||greektube.org/images/banners/*","isUrlFilterCaseSensitive":false},"priority":1},{"id":43,"action":{"type":"block"},"condition":{"urlFilter":"||imagehosting.gr/images/*","isUrlFilterCaseSensitive":false},"priority":1},{"id":44,"action":{"type":"block"},"condition":{"urlFilter":"||imageshack.gr/banners/*","isUrlFilterCaseSensitive":false},"priority":1},{"id":45,"action":{"type":"block"},"condition":{"urlFilter":"||imagine897.gr/dat/*","isUrlFilterCaseSensitive":false},"priority":1},{"id":46,"action":{"type":"block"},"condition":{"urlFilter":"||imerisia.gr/SLIDINGPEN/*","isUrlFilterCaseSensitive":false},"priority":1},{"id":47,"action":{"type":"block"},"condition":{"urlFilter":"||in.gr/banners/*","isUrlFilterCaseSensitive":false},"priority":1},{"id":48,"action":{"type":"block"},"condition":{"urlFilter":"||in.gr/files/1/2010/ingr-oviNokia.gif","isUrlFilterCaseSensitive":false},"priority":1},{"id":49,"action":{"type":"block"},"condition":{"urlFilter":"||in.gr/files/1/sponsors/","isUrlFilterCaseSensitive":false},"priority":1},{"id":50,"action":{"type":"block"},"condition":{"urlFilter":"||in.gr/googleAdsCode/*","isUrlFilterCaseSensitive":false},"priority":1},{"id":51,"action":{"type":"block"},"condition":{"urlFilter":"||insomnia.gr/templates/insomnia/images/battleleft.jpg^","isUrlFilterCaseSensitive":false},"priority":1},{"id":52,"action":{"type":"block"},"condition":{"urlFilter":"||insomnia.gr/templates/insomnia/images/cartoonbattle.jpg^","isUrlFilterCaseSensitive":false},"priority":1},{"id":53,"action":{"type":"block"},"condition":{"urlFilter":"||ioannina24.gr//images/banners/*","isUrlFilterCaseSensitive":false},"priority":1},{"id":54,"action":{"type":"block"},"condition":{"urlFilter":"||ioannina24.gr/images/banners/*","isUrlFilterCaseSensitive":false},"priority":1},{"id":55,"action":{"type":"block"},"condition":{"urlFilter":"||kathimerini.gr/webadmin/Ellada/BCA/","isUrlFilterCaseSensitive":false},"priority":1},{"id":56,"action":{"type":"block"},"condition":{"urlFilter":"||kathimerini.gr/webadmin/Glife/Chartis/*","isUrlFilterCaseSensitive":false},"priority":1},{"id":57,"action":{"type":"block"},"condition":{"urlFilter":"||kathimerini.gr/webadmin/techno/connx/*","isUrlFilterCaseSensitive":false},"priority":1},{"id":58,"action":{"type":"block"},"condition":{"urlFilter":"||kavalapoint.gr/wp-content/uploads/2023/11/ezgif.com*","resourceTypes":["image"],"isUrlFilterCaseSensitive":false},"priority":101},{"id":59,"action":{"type":"block"},"condition":{"urlFilter":"||lifo.gr/adsimg/*","isUrlFilterCaseSensitive":false},"priority":1},{"id":60,"action":{"type":"block"},"condition":{"urlFilter":"||livikos.gr/adserver/*","isUrlFilterCaseSensitive":false},"priority":1},{"id":61,"action":{"type":"block"},"condition":{"urlFilter":"||makthes.gr/filestore/banners/*","isUrlFilterCaseSensitive":false},"priority":1},{"id":62,"action":{"type":"block"},"condition":{"urlFilter":"||media.adslgr.com/www/images/1a31027deca376bfb2a140554a29a047.jpg^","isUrlFilterCaseSensitive":false},"priority":1},{"id":63,"action":{"type":"block"},"condition":{"urlFilter":"||media.adslgr.com/www/images/8d9b102aab0f8990eeeef58b57ed2c49.gif^","isUrlFilterCaseSensitive":false},"priority":1},{"id":64,"action":{"type":"block"},"condition":{"urlFilter":"||media.adslgr.com/www/images/934adc119cb74c815df8b1697cae4c98.png^","isUrlFilterCaseSensitive":false},"priority":1},{"id":65,"action":{"type":"block"},"condition":{"urlFilter":"||media2.feed.gr/filesystem/images/20090810/low/*","isUrlFilterCaseSensitive":false},"priority":1},{"id":66,"action":{"type":"block"},"condition":{"urlFilter":"||media2.feed.gr/pegasus/Multimedia/swf/*","isUrlFilterCaseSensitive":false},"priority":1},{"id":67,"action":{"type":"block"},"condition":{"urlFilter":"||meteo.gr/AddsCust/*","isUrlFilterCaseSensitive":false},"priority":1},{"id":68,"action":{"type":"block"},"condition":{"urlFilter":"||meteo.gr/absolutebmxe/banners/*","isUrlFilterCaseSensitive":false},"priority":1},{"id":69,"action":{"type":"block"},"condition":{"urlFilter":"||meteo.gr/graphics/ads/*","resourceTypes":["image"],"isUrlFilterCaseSensitive":false},"priority":101},{"id":70,"action":{"type":"block"},"condition":{"urlFilter":"||michanikos.gr/images/banner/*","isUrlFilterCaseSensitive":false},"priority":1},{"id":71,"action":{"type":"block"},"condition":{"urlFilter":"||moneybookers.com/images/banners/gr/","isUrlFilterCaseSensitive":false},"priority":1},{"id":72,"action":{"type":"block"},"condition":{"urlFilter":"||myshopper.gr/ads/","isUrlFilterCaseSensitive":false},"priority":1},{"id":73,"action":{"type":"block"},"condition":{"urlFilter":"||neo.gr/images/banners/*","isUrlFilterCaseSensitive":false},"priority":1},{"id":74,"action":{"type":"block"},"condition":{"urlFilter":"||neo.gr/website/ebuy-shops/*","isUrlFilterCaseSensitive":false},"priority":1},{"id":75,"action":{"type":"block"},"condition":{"urlFilter":"||paokmania.gr/images/banner_*","isUrlFilterCaseSensitive":false},"priority":1},{"id":76,"action":{"type":"block"},"condition":{"urlFilter":"||paokmania.gr/images/banners/*","isUrlFilterCaseSensitive":false},"priority":1},{"id":77,"action":{"type":"block"},"condition":{"urlFilter":"||paokmania.gr/images/stories/*","isUrlFilterCaseSensitive":false},"priority":1},{"id":78,"action":{"type":"block"},"condition":{"urlFilter":"||partypartners.com/images/marketing-materials/partycasino/greek/*","isUrlFilterCaseSensitive":false},"priority":1},{"id":79,"action":{"type":"block"},"condition":{"urlFilter":"||plaisio.gr/BannerImages/0910/*","isUrlFilterCaseSensitive":false},"priority":1},{"id":80,"action":{"type":"block"},"condition":{"urlFilter":"||politis-news.com/banners/*","isUrlFilterCaseSensitive":false},"priority":1},{"id":81,"action":{"type":"block"},"condition":{"urlFilter":"||prasini.gr/images/stories/banners/*","isUrlFilterCaseSensitive":false},"priority":1},{"id":82,"action":{"type":"block"},"condition":{"urlFilter":"||protothema.gr/hyperads/*","isUrlFilterCaseSensitive":false},"priority":1},{"id":83,"action":{"type":"block"},"condition":{"urlFilter":"||real.gr/Files/AdvBanners/*","isUrlFilterCaseSensitive":false},"priority":1},{"id":84,"action":{"type":"block"},"condition":{"urlFilter":"||resources.sport-fm.gr/sportfm/banners/*","isUrlFilterCaseSensitive":false},"priority":1},{"id":85,"action":{"type":"block"},"condition":{"urlFilter":"||resources.sport-fm.gr/supersportFM/images/layout/campaigns/*","isUrlFilterCaseSensitive":false},"priority":1},{"id":86,"action":{"type":"block"},"condition":{"urlFilter":"||scdn.gr/images/helmet/promo_material/*","isUrlFilterCaseSensitive":false},"priority":1},{"id":87,"action":{"type":"block"},"condition":{"urlFilter":"||sport-fm.gr/resrc/images/layout/campaigns/eshop/*","isUrlFilterCaseSensitive":false},"priority":1},{"id":88,"action":{"type":"block"},"condition":{"urlFilter":"||sport-fm.gr/resrc/images/layout/campaigns/europa/*","isUrlFilterCaseSensitive":false},"priority":1},{"id":89,"action":{"type":"block"},"condition":{"urlFilter":"||sport24.gr/ast/ads/fil/*","isUrlFilterCaseSensitive":false},"priority":1},{"id":90,"action":{"type":"block"},"condition":{"urlFilter":"||sportsioannina.gr/images/stories/Ads/","isUrlFilterCaseSensitive":false},"priority":1},{"id":91,"action":{"type":"block"},"condition":{"urlFilter":"||star-tv.gr/assets/media/SWF/*","isUrlFilterCaseSensitive":false},"priority":1},{"id":92,"action":{"type":"block"},"condition":{"urlFilter":"||static01.aek365.gr/ads/*","isUrlFilterCaseSensitive":false},"priority":1},{"id":93,"action":{"type":"block"},"condition":{"urlFilter":"||stercinemas.gr/SterCinemas/SterImagesLive/Banners/Right%20Banners/emporiki*","isUrlFilterCaseSensitive":false},"priority":1},{"id":94,"action":{"type":"block"},"condition":{"urlFilter":"||stercinemas.gr/SterCinemas/SterImagesLive/NESCAFE*","isUrlFilterCaseSensitive":false},"priority":1},{"id":95,"action":{"type":"block"},"condition":{"urlFilter":"||tech.in.gr/Themes/1/Default/Media/Technology/Skin/htc_left.jpg^","isUrlFilterCaseSensitive":false},"priority":1},{"id":96,"action":{"type":"block"},"condition":{"urlFilter":"||tech.in.gr/Themes/1/Default/Media/Technology/Skin/htc_right.jpg^","isUrlFilterCaseSensitive":false},"priority":1},{"id":97,"action":{"type":"block"},"condition":{"urlFilter":"||tech.in.gr/themes/1/default/Media/Technology/htc-1280grey.jpg^","isUrlFilterCaseSensitive":false},"priority":1},{"id":98,"action":{"type":"block"},"condition":{"urlFilter":"||videos.stifora.gr/banners/*","isUrlFilterCaseSensitive":false},"priority":1},{"id":99,"action":{"type":"block"},"condition":{"urlFilter":"||villagecinemas.gr/media/Banners/*","isUrlFilterCaseSensitive":false},"priority":1},{"id":100,"action":{"type":"block"},"condition":{"urlFilter":"||vrisko.gr/Logos/public/tromaktiko/3-300x250.swf^","isUrlFilterCaseSensitive":false},"priority":1},{"id":101,"action":{"type":"block"},"condition":{"urlFilter":"||wagershare.com/affiliate_media/flashbanners/","isUrlFilterCaseSensitive":false},"priority":1},{"id":102,"action":{"type":"block"},"condition":{"urlFilter":"||wk.kathimerini.gr/webadmin/woman/gifsXor/*","isUrlFilterCaseSensitive":false},"priority":1},{"id":103,"action":{"type":"block"},"condition":{"urlFilter":"||xe.gr/ProfessionalServices/banners/*","isUrlFilterCaseSensitive":false},"priority":1},{"id":104,"action":{"type":"block"},"condition":{"urlFilter":"||zougla.gr/hyperads/*","isUrlFilterCaseSensitive":false},"priority":1},{"id":105,"action":{"type":"block"},"condition":{"urlFilter":"||zougla.gr/uploads/thomas/travel_city_banner*","isUrlFilterCaseSensitive":false},"priority":1},{"id":106,"action":{"type":"block"},"condition":{"urlFilter":"||2810.gr/images/2810photo/pelates1/*","isUrlFilterCaseSensitive":false},"priority":1},{"id":107,"action":{"type":"block"},"condition":{"urlFilter":"||alfavita.gr/sites/default/files/efsyn_4.png","isUrlFilterCaseSensitive":false},"priority":1},{"id":108,"action":{"type":"block"},"condition":{"urlFilter":"||alfavita.gr/sites/www.alfavita.gr/themes/mixon/images/bannernew.swf","isUrlFilterCaseSensitive":false},"priority":1},{"id":109,"action":{"type":"block"},"condition":{"urlFilter":"||apergia.gr/images/adds/*","isUrlFilterCaseSensitive":false},"priority":1},{"id":110,"action":{"type":"block"},"condition":{"urlFilter":"||argiro.gr/Images/Promotions/*","isUrlFilterCaseSensitive":false},"priority":1},{"id":111,"action":{"type":"block"},"condition":{"urlFilter":"||athensmagazine.gr/files/banners/*","resourceTypes":["image"],"isUrlFilterCaseSensitive":false},"priority":101},{"id":112,"action":{"type":"block"},"condition":{"urlFilter":"||athensvoice.gr/files/honda/*","isUrlFilterCaseSensitive":false},"priority":1},{"id":113,"action":{"type":"block"},"condition":{"urlFilter":"||athensvoice.gr/files/samsung/*","isUrlFilterCaseSensitive":false},"priority":1},{"id":114,"action":{"type":"block"},"condition":{"urlFilter":"||athensvoice.gr/files/tezenis/*","isUrlFilterCaseSensitive":false},"priority":1},{"id":115,"action":{"type":"block"},"condition":{"urlFilter":"||athinorama.gr/adv/lmnts/*","isUrlFilterCaseSensitive":false},"priority":1},{"id":116,"action":{"type":"block"},"condition":{"urlFilter":"||athinorama.gr/lmnts/skins/*","isUrlFilterCaseSensitive":false},"priority":1},{"id":117,"action":{"type":"block"},"condition":{"urlFilter":"||away.gr/wp-content/themes/Carrington_Away/images/footer_l.jpg","isUrlFilterCaseSensitive":false},"priority":1},{"id":118,"action":{"type":"block"},"condition":{"urlFilter":"||bankingnews.gr/ad/*","resourceTypes":["image"],"isUrlFilterCaseSensitive":false},"priority":101},{"id":119,"action":{"type":"block"},"condition":{"urlFilter":"||bankingnews.gr/ad/*/*","resourceTypes":["sub_frame"],"isUrlFilterCaseSensitive":false},"priority":101},{"id":120,"action":{"type":"block"},"condition":{"urlFilter":"||bourdela.com/images/banners/*","isUrlFilterCaseSensitive":false},"priority":1},{"id":121,"action":{"type":"block"},"condition":{"urlFilter":"||bourdela.com/studiobanners/*","isUrlFilterCaseSensitive":false},"priority":1},{"id":122,"action":{"type":"block"},"condition":{"urlFilter":"||call.thebutterfly.eu/Snippet/","isUrlFilterCaseSensitive":false},"priority":1},{"id":123,"action":{"type":"block"},"condition":{"urlFilter":"||cdn-gr.sexgr.net/b/*","resourceTypes":["image"],"isUrlFilterCaseSensitive":false},"priority":101},{"id":124,"action":{"type":"block"},"condition":{"urlFilter":"||cdn.cnngreece.gr/media/com_news/ads/*","resourceTypes":["image"],"isUrlFilterCaseSensitive":false},"priority":101},{"id":125,"action":{"type":"block"},"condition":{"urlFilter":"||cdn.cnngreece.gr/media/com_news/ads/4/skin_new_cosmote_2.jpg","isUrlFilterCaseSensitive":false},"priority":1},{"id":126,"action":{"type":"block"},"condition":{"urlFilter":"||cdn.cnngreece.gr/templates/kgt_cnn/images/sponsors/videobox_1800x900.png","isUrlFilterCaseSensitive":false},"priority":1},{"id":127,"action":{"type":"block"},"condition":{"urlFilter":"||cdn1.bbend.net/media/com_news/ads/*","isUrlFilterCaseSensitive":false},"priority":1},{"id":128,"action":{"type":"block"},"condition":{"urlFilter":"||cdnprojectagora.s3.amazonaws.com/gr/gazzetta.js","initiatorDomains":["gazzetta.gr"],"resourceTypes":["script"],"isUrlFilterCaseSensitive":false},"priority":301},{"id":129,"action":{"type":"block"},"condition":{"urlFilter":"||cheapis.gr/widget/*","isUrlFilterCaseSensitive":false},"priority":1},{"id":130,"action":{"type":"block"},"condition":{"urlFilter":"||clickgr.gr/picture_library/*","isUrlFilterCaseSensitive":false},"priority":1},{"id":131,"action":{"type":"block"},"condition":{"urlFilter":"||comedylab.gr/ad/*","isUrlFilterCaseSensitive":false},"priority":1},{"id":132,"action":{"type":"block"},"condition":{"urlFilter":"||commission.gr/on/*","isUrlFilterCaseSensitive":false},"priority":1},{"id":133,"action":{"type":"block"},"condition":{"urlFilter":"||contra.gr/*/BINARY/original/adidas*.js","isUrlFilterCaseSensitive":false},"priority":1},{"id":134,"action":{"type":"block"},"condition":{"urlFilter":"||contra.gr/Basketball/article1799945.ece/BINARY/ORIGINAL","isUrlFilterCaseSensitive":false},"priority":1},{"id":135,"action":{"type":"block"},"condition":{"urlFilter":"||contra.gr/Columns/Paparazzi/article1188372.ece/BINARY/ORIGINAL","isUrlFilterCaseSensitive":false},"priority":1},{"id":136,"action":{"type":"block"},"condition":{"urlFilter":"||contra.gr/Columns/article1348068.ece/BINARY/ORIGINAL","isUrlFilterCaseSensitive":false},"priority":1},{"id":137,"action":{"type":"block"},"condition":{"urlFilter":"||contra.gr/Soccer/article1188569.ece/BINARY/*","isUrlFilterCaseSensitive":false},"priority":1},{"id":138,"action":{"type":"block"},"condition":{"urlFilter":"||contra.gr/Soccer/article1188575.ece/BINARY/*","isUrlFilterCaseSensitive":false},"priority":1},{"id":139,"action":{"type":"block"},"condition":{"urlFilter":"||contra.gr/genika/article1698130.ece/BINARY/original/ts.jpg","isUrlFilterCaseSensitive":false},"priority":1},{"id":140,"action":{"type":"block"},"condition":{"urlFilter":"||contra.gr/genika/article1805738.ece/BINARY/original/cbg.png","isUrlFilterCaseSensitive":false},"priority":1},{"id":141,"action":{"type":"block"},"condition":{"urlFilter":"||contra.gr/genika/article1938232.ece/Binary/original/header.png","isUrlFilterCaseSensitive":false},"priority":1},{"id":142,"action":{"type":"block"},"condition":{"urlFilter":"||contra.gr/genika/article2841960.ece/BINARY/original/contra-editors-skin.jpg","isUrlFilterCaseSensitive":false},"priority":1},{"id":143,"action":{"type":"block"},"condition":{"urlFilter":"||contra.gr/incoming/article4110736.ece/BINARY/original/stoiximan_contra.png","isUrlFilterCaseSensitive":false},"priority":1},{"id":144,"action":{"type":"block"},"condition":{"urlFilter":"||contra.gr/latest/article1196807.ece/BINARY/*","isUrlFilterCaseSensitive":false},"priority":1},{"id":145,"action":{"type":"block"},"condition":{"urlFilter":"||contra.gr/livematches/article1559168.ece/BINARY/original/contra_mc_opel_logo.png","isUrlFilterCaseSensitive":false},"priority":1},{"id":146,"action":{"type":"block"},"condition":{"urlFilter":"||contra.gr/multimedia/article3498428.ece/binary/original/contra-articlepng.png","isUrlFilterCaseSensitive":false},"priority":1},{"id":147,"action":{"type":"block"},"condition":{"urlFilter":"||contra.gr/multimedia/article3498429.ece/BINARY/original/sport24HP-left.png","isUrlFilterCaseSensitive":false},"priority":1},{"id":148,"action":{"type":"block"},"condition":{"urlFilter":"||contra.gr/multimedia/article3508528.ece/BINARY/original/stoiximan.png","isUrlFilterCaseSensitive":false},"priority":1},{"id":149,"action":{"type":"block"},"condition":{"urlFilter":"||contra.gr/multimedia/article3679751.ece/BINARY/original/contra-fasa-hp.png","isUrlFilterCaseSensitive":false},"priority":1},{"id":150,"action":{"type":"block"},"condition":{"urlFilter":"||contra.gr/multimedia/article4122214.ece/BINARY/original/stoiximan-euro2016.jpg","isUrlFilterCaseSensitive":false},"priority":1},{"id":151,"action":{"type":"block"},"condition":{"urlFilter":"||contra.gr/test/article1194453.ece/BINARY/ORIGINAL","isUrlFilterCaseSensitive":false},"priority":1},{"id":152,"action":{"type":"block"},"condition":{"urlFilter":"||contra.gr/test/article1315085.ece/BINARY/*","isUrlFilterCaseSensitive":false},"priority":1},{"id":153,"action":{"type":"block"},"condition":{"urlFilter":"||contra.gr/test/article1315517.ece/BINARY/original","isUrlFilterCaseSensitive":false},"priority":1},{"id":154,"action":{"type":"block"},"condition":{"urlFilter":"||contra.gr/test/article1316979.ece/BINARY/ORIGINAL","isUrlFilterCaseSensitive":false},"priority":1},{"id":155,"action":{"type":"block"},"condition":{"urlFilter":"||contra.gr/vathmologies/article1589967.ece/BINARY/original/*","isUrlFilterCaseSensitive":false},"priority":1},{"id":156,"action":{"type":"block"},"condition":{"urlFilter":"||cosmo.gr/XML/sponsors/","isUrlFilterCaseSensitive":false},"priority":1},{"id":157,"action":{"type":"block"},"condition":{"urlFilter":"||cosmo.gr/incoming/article1337227.ece/BINARY/*","isUrlFilterCaseSensitive":false},"priority":1},{"id":158,"action":{"type":"block"},"condition":{"urlFilter":"||cosmo.gr/latestArticles/article2315555.ece/BINARY/ORIGINAL","isUrlFilterCaseSensitive":false},"priority":1},{"id":159,"action":{"type":"block"},"condition":{"urlFilter":"||cretalive.gr/flash/full_banner/*","isUrlFilterCaseSensitive":false},"priority":1},{"id":160,"action":{"type":"block"},"condition":{"urlFilter":"||cretalive.gr/img/frontend/banners/*","isUrlFilterCaseSensitive":false},"priority":1},{"id":161,"action":{"type":"block"},"condition":{"urlFilter":"||cretalive.gr/img/frontend/businesscatalog/*","isUrlFilterCaseSensitive":false},"priority":1},{"id":162,"action":{"type":"block"},"condition":{"urlFilter":"||dealin.gr/iframes/5/*","isUrlFilterCaseSensitive":false},"priority":1},{"id":163,"action":{"type":"block"},"condition":{"urlFilter":"||defencenet.gr/defence/images/aroma300x250_black.jpg","isUrlFilterCaseSensitive":false},"priority":1},{"id":164,"action":{"type":"block"},"condition":{"urlFilter":"||defencenet.gr/defence/images/banners/*","isUrlFilterCaseSensitive":false},"priority":1},{"id":165,"action":{"type":"block"},"condition":{"urlFilter":"||deliver.mediacdn.com/live24/itrofi-wide.jpg","resourceTypes":["image"],"isUrlFilterCaseSensitive":false},"priority":101},{"id":166,"action":{"type":"block"},"condition":{"urlFilter":"||dikaiologitika.gr/images/banners/defence1.gif","isUrlFilterCaseSensitive":false},"priority":1},{"id":167,"action":{"type":"block"},"condition":{"urlFilter":"||e-ptolemeos.gr/*.gif","resourceTypes":["image"],"isUrlFilterCaseSensitive":false},"priority":101},{"id":168,"action":{"type":"block"},"condition":{"urlFilter":"||e-ptolemeos.gr/*banner","resourceTypes":["image"],"isUrlFilterCaseSensitive":false},"priority":101},{"id":169,"action":{"type":"block"},"condition":{"urlFilter":"||e-ptolemeos.gr/wp-content/uploads/2017/05/roi-eid-ban.jpg","isUrlFilterCaseSensitive":false},"priority":1},{"id":170,"action":{"type":"block"},"condition":{"urlFilter":"||ebusiness-interactive.forthnet.gr/portalsites/livescores/*","isUrlFilterCaseSensitive":false},"priority":1},{"id":171,"action":{"type":"block"},"condition":{"urlFilter":"||efsyn.gr/ads/*","isUrlFilterCaseSensitive":false},"priority":1},{"id":172,"action":{"type":"block"},"condition":{"urlFilter":"||efsyn.gr/wp-content/uploads/2013/10/banner*","isUrlFilterCaseSensitive":false},"priority":1},{"id":173,"action":{"type":"block"},"condition":{"urlFilter":"||efsyn.gr/wp-content/uploads/2014/05/housebanner300x250d.jpg","isUrlFilterCaseSensitive":false},"priority":1},{"id":174,"action":{"type":"block"},"condition":{"urlFilter":"||egnatiapost.gr/images/banners/*","isUrlFilterCaseSensitive":false},"priority":1},{"id":175,"action":{"type":"block"},"condition":{"urlFilter":"||egob2.feed.gr/filesystem/images/20130927/low/*","isUrlFilterCaseSensitive":false},"priority":1},{"id":176,"action":{"type":"block"},"condition":{"urlFilter":"||eleftheria.gr/IMAGES/BANNERS^","isUrlFilterCaseSensitive":false},"priority":1},{"id":177,"action":{"type":"block"},"condition":{"urlFilter":"||emea.gr/banner.php","isUrlFilterCaseSensitive":false},"priority":1},{"id":178,"action":{"type":"block"},"condition":{"urlFilter":"||emea.gr/ftp_files/*","isUrlFilterCaseSensitive":false},"priority":1},{"id":179,"action":{"type":"block"},"condition":{"urlFilter":"||enikos.gr/banners/bg/*","isUrlFilterCaseSensitive":false},"priority":1},{"id":180,"action":{"type":"block"},"condition":{"urlFilter":"||entertv.gr/sites/default/files/entertv_skin*","isUrlFilterCaseSensitive":false},"priority":1},{"id":181,"action":{"type":"block"},"condition":{"urlFilter":"||flix.gr/skins/*","isUrlFilterCaseSensitive":false},"priority":1},{"id":182,"action":{"type":"block"},"condition":{"urlFilter":"||flix.gr/static/skins/*","isUrlFilterCaseSensitive":false},"priority":1},{"id":183,"action":{"type":"block"},"condition":{"urlFilter":"||focuswebtv.gr/images/banners/*","resourceTypes":["image"],"isUrlFilterCaseSensitive":false},"priority":101},{"id":184,"action":{"type":"block"},"condition":{"urlFilter":"||fonitisparou.gr/*/banners/*","resourceTypes":["image"],"isUrlFilterCaseSensitive":false},"priority":101},{"id":185,"action":{"type":"block"},"condition":{"urlFilter":"||forthnet.gr/media/Banners/geodata/*","isUrlFilterCaseSensitive":false},"priority":1},{"id":186,"action":{"type":"block"},"condition":{"urlFilter":"||fvcreatives.s3.amazonaws.com/Perrier/20131115/banners/img/*","isUrlFilterCaseSensitive":false},"priority":1},{"id":187,"action":{"type":"block"},"condition":{"urlFilter":"||gameover.gr/images/promotion/fifa12/*","isUrlFilterCaseSensitive":false},"priority":1},{"id":188,"action":{"type":"block"},"condition":{"urlFilter":"||gazzetta.gr/images/banners/","isUrlFilterCaseSensitive":false},"priority":1},{"id":189,"action":{"type":"block"},"condition":{"urlFilter":"||gazzetta.gr/sites/all/themes/basic/images/banners/PokerStar*.jpg","isUrlFilterCaseSensitive":false},"priority":1},{"id":190,"action":{"type":"block"},"condition":{"urlFilter":"||gazzetta.gr/sites/default/files/Anytime*.jpg","isUrlFilterCaseSensitive":false},"priority":1},{"id":191,"action":{"type":"block"},"condition":{"urlFilter":"||gossip-tv.gr/images/banner*","isUrlFilterCaseSensitive":false},"priority":1},{"id":192,"action":{"type":"block"},"condition":{"urlFilter":"||gossip-tv.gr/media/com_news/ads/*","resourceTypes":["image"],"isUrlFilterCaseSensitive":false},"priority":101},{"id":193,"action":{"type":"block"},"condition":{"urlFilter":"||gossip-tv.gr/media/com_skins/skins/*","isUrlFilterCaseSensitive":false},"priority":1},{"id":194,"action":{"type":"block"},"condition":{"urlFilter":"||greek-movies.com/icon/banner*","isUrlFilterCaseSensitive":false},"priority":1},{"id":195,"action":{"type":"block"},"condition":{"urlFilter":"||hiphop.gr/ads/*","isUrlFilterCaseSensitive":false},"priority":1},{"id":196,"action":{"type":"block"},"condition":{"urlFilter":"||i-kyr.gr/wp-content/uploads/2016/03/banner*","resourceTypes":["image"],"isUrlFilterCaseSensitive":false},"priority":101},{"id":197,"action":{"type":"block"},"condition":{"urlFilter":"||i-kyr.gr/wp-content/uploads/2018/05/alpha*","resourceTypes":["image"],"isUrlFilterCaseSensitive":false},"priority":101},{"id":198,"action":{"type":"block"},"condition":{"urlFilter":"||idrones.gr/images/banners/*","resourceTypes":["image"],"isUrlFilterCaseSensitive":false},"priority":101},{"id":199,"action":{"type":"block"},"condition":{"urlFilter":"||iefimerida.gr/sites/all/themes/base/images/*CHIVAS*","isUrlFilterCaseSensitive":false},"priority":1},{"id":200,"action":{"type":"block"},"condition":{"urlFilter":"||imerisia.gr/images/top_stories_xorhgia2.gif","isUrlFilterCaseSensitive":false},"priority":1},{"id":201,"action":{"type":"block"},"condition":{"urlFilter":"||imerodromos.gr/wp-content/uploads/2017/02/podium-2.gif","resourceTypes":["image"],"isUrlFilterCaseSensitive":false},"priority":101},{"id":202,"action":{"type":"block"},"condition":{"urlFilter":"||imerodromos.gr/wp-content/uploads/2017/06/collectives1-20.jpg","resourceTypes":["image"],"isUrlFilterCaseSensitive":false},"priority":101},{"id":203,"action":{"type":"block"},"condition":{"urlFilter":"||imerodromos.gr/wp-content/uploads/2018/04/BANER_ASFALISTIKO_300X249.jpg","resourceTypes":["image"],"isUrlFilterCaseSensitive":false},"priority":101},{"id":204,"action":{"type":"block"},"condition":{"urlFilter":"||imerodromos.gr/wp-content/uploads/2018/05/Screen-Shot-2018-05-07-at-20.41.56.png","resourceTypes":["image"],"isUrlFilterCaseSensitive":false},"priority":101},{"id":205,"action":{"type":"block"},"condition":{"urlFilter":"||imerodromos.gr/wp-content/uploads/2018/05/Tiniakosgr.gif","resourceTypes":["image"],"isUrlFilterCaseSensitive":false},"priority":101},{"id":206,"action":{"type":"block"},"condition":{"urlFilter":"||imerodromos.gr/wp-content/uploads/2018/07/BoukoviBanner-500x417.jpg","resourceTypes":["image"],"isUrlFilterCaseSensitive":false},"priority":101},{"id":207,"action":{"type":"block"},"condition":{"urlFilter":"||imerodromos.gr/wp-content/uploads/2018/11/500X417_COLUMBIA.jpg","resourceTypes":["image"],"isUrlFilterCaseSensitive":false},"priority":101},{"id":208,"action":{"type":"block"},"condition":{"urlFilter":"||imerodromos.gr/wp-content/uploads/2018/11/500X417_MARCOS.jpg","resourceTypes":["image"],"isUrlFilterCaseSensitive":false},"priority":101},{"id":209,"action":{"type":"block"},"condition":{"urlFilter":"||imerodromos.gr/wp-content/uploads/2018/11/500X417_MARX.jpg","resourceTypes":["image"],"isUrlFilterCaseSensitive":false},"priority":101},{"id":210,"action":{"type":"block"},"condition":{"urlFilter":"||imerodromos.gr/wp-content/uploads/2018/12/MEGALH-ISTORIA-THS-ELLADAS-1.jpg","resourceTypes":["image"],"isUrlFilterCaseSensitive":false},"priority":101},{"id":211,"action":{"type":"block"},"condition":{"urlFilter":"||imerodromos.gr/wp-content/uploads/2018/12/MEGALH-ISTORIA-THS-ELLADAS-2.jpg","resourceTypes":["image"],"isUrlFilterCaseSensitive":false},"priority":101},{"id":212,"action":{"type":"block"},"condition":{"urlFilter":"||imerodromos.gr/wp-content/uploads/2018/12/na_ntysoume_tous_gymnous_500x417pix-2-1.gif","resourceTypes":["image"],"isUrlFilterCaseSensitive":false},"priority":101},{"id":213,"action":{"type":"block"},"condition":{"urlFilter":"||in.gr/Themes/1/Default/Media/ADSL_in-gr_logo.jpg","isUrlFilterCaseSensitive":false},"priority":1},{"id":214,"action":{"type":"block"},"condition":{"urlFilter":"||in.gr/Themes/1/Default/Media/UB_180x18.gif","isUrlFilterCaseSensitive":false},"priority":1},{"id":215,"action":{"type":"block"},"condition":{"urlFilter":"||in.gr/Themes/1/Default/Media/Woman/marie-claire-stamp.png","isUrlFilterCaseSensitive":false},"priority":1},{"id":216,"action":{"type":"block"},"condition":{"urlFilter":"||in.gr/Themes/1/Default/Media/chivas.gif","isUrlFilterCaseSensitive":false},"priority":1},{"id":217,"action":{"type":"block"},"condition":{"urlFilter":"||in.gr/Themes/1/Default/Media/havana180X18.jpg","isUrlFilterCaseSensitive":false},"priority":1},{"id":218,"action":{"type":"block"},"condition":{"urlFilter":"||in.gr/Themes/1/Default/Media/imommy.png","isUrlFilterCaseSensitive":false},"priority":1},{"id":219,"action":{"type":"block"},"condition":{"urlFilter":"||in.gr/Themes/1/Default/Media/logo-bp-ingr-95x20.gif","isUrlFilterCaseSensitive":false},"priority":1},{"id":220,"action":{"type":"block"},"condition":{"urlFilter":"||in.gr/Themes/1/Default/Media/logoTravelPlan_180x18.jpg","isUrlFilterCaseSensitive":false},"priority":1},{"id":221,"action":{"type":"block"},"condition":{"urlFilter":"||in.gr/Themes/1/Default/Media/logo_vb_1.jpg","isUrlFilterCaseSensitive":false},"priority":1},{"id":222,"action":{"type":"block"},"condition":{"urlFilter":"||in.gr/Themes/1/Default/Media/senso_pro*","isUrlFilterCaseSensitive":false},"priority":1},{"id":223,"action":{"type":"block"},"condition":{"urlFilter":"||in.gr/Themes/1/Default/Media/sensodyne-logo.png","isUrlFilterCaseSensitive":false},"priority":1},{"id":224,"action":{"type":"block"},"condition":{"urlFilter":"||in.gr/Themes/1/Default/Media/vb-logo-in.gif","isUrlFilterCaseSensitive":false},"priority":1},{"id":225,"action":{"type":"block"},"condition":{"urlFilter":"||in.gr/files/1/2011/banner/ofi365_370x60.jpg","isUrlFilterCaseSensitive":false},"priority":1},{"id":226,"action":{"type":"block"},"condition":{"urlFilter":"||in.gr/files/1/2012/01/09/office365_37060.jpg","isUrlFilterCaseSensitive":false},"priority":1},{"id":227,"action":{"type":"block"},"condition":{"urlFilter":"||insider.gr/sites/default/files/2019-02/EUROBANK%20RGB_1.png","resourceTypes":["image"],"isUrlFilterCaseSensitive":false},"priority":101},{"id":228,"action":{"type":"block"},"condition":{"urlFilter":"||insurer.gr/widgets/calc/insuCalc.html?*","isUrlFilterCaseSensitive":false},"priority":1},{"id":229,"action":{"type":"block"},"condition":{"urlFilter":"||interactive.forthnet.gr/banner*","isUrlFilterCaseSensitive":false},"priority":1},{"id":230,"action":{"type":"block"},"condition":{"urlFilter":"||ishow.gr/images/*Skin.jpg","isUrlFilterCaseSensitive":false},"priority":1},{"id":231,"action":{"type":"block"},"condition":{"urlFilter":"||kathimerini.com.cy/assets/modules/kat/banners/","isUrlFilterCaseSensitive":false},"priority":1},{"id":232,"action":{"type":"block"},"condition":{"urlFilter":"||kathimerini.gr/kath/adv/","isUrlFilterCaseSensitive":false},"priority":1},{"id":233,"action":{"type":"block"},"condition":{"urlFilter":"||kathimerini.gr/webadmin/home/Xor/*","isUrlFilterCaseSensitive":false},"priority":1},{"id":234,"action":{"type":"block"},"condition":{"urlFilter":"||koutipandoras.gr/img/adds/*","isUrlFilterCaseSensitive":false},"priority":1},{"id":235,"action":{"type":"block"},"condition":{"urlFilter":"||koutipandoras.gr/sites/default/files/*banner*.swf","isUrlFilterCaseSensitive":false},"priority":1},{"id":236,"action":{"type":"block"},"condition":{"urlFilter":"||koutipandoras.gr/skins/Koutipandoras.gr_Skin.jpg","isUrlFilterCaseSensitive":false},"priority":1},{"id":237,"action":{"type":"block"},"condition":{"urlFilter":"||lifo.gr/icache/300/600/1/989673_wind_mila.jpg","isUrlFilterCaseSensitive":false},"priority":1},{"id":238,"action":{"type":"block"},"condition":{"urlFilter":"||lifo.gr/icache/940/337/1/983904_GOT_970.jpg","isUrlFilterCaseSensitive":false},"priority":1},{"id":239,"action":{"type":"block"},"condition":{"urlFilter":"||logotypos.gr/wp-content/uploads/2018/01/ektypotik3.gif","resourceTypes":["image"],"isUrlFilterCaseSensitive":false},"priority":101},{"id":240,"action":{"type":"block"},"condition":{"urlFilter":"||logotypos.gr/wp-content/uploads/2018/02/EKTYPOTIKH_LOW.jpg","resourceTypes":["image"],"isUrlFilterCaseSensitive":false},"priority":101},{"id":241,"action":{"type":"block"},"condition":{"urlFilter":"||logotypos.gr/wp-content/uploads/2018/03/TELIKO_BACKGROUND.jpg","resourceTypes":["image"],"isUrlFilterCaseSensitive":false},"priority":101},{"id":242,"action":{"type":"block"},"condition":{"urlFilter":"||logotypos.gr/wp-content/uploads/2020/10/%CE%9C%CE%A5%CE%98%CE%99%CE%A3%CE%A4%CE%9F%CE%A1%CE%97%CE%9C%CE%91-%CE%A1%CE%9F%CE%A5%CE%A3%CE%A3%CE%9F%CE%A5%CE%9D%CE%95%CE%9B%CE%9F%CE%A3-scaled.jpg","resourceTypes":["image"],"isUrlFilterCaseSensitive":false},"priority":101},{"id":243,"action":{"type":"block"},"condition":{"urlFilter":"||luben.tv/wp-content/uploads/2014/11/output_cVZG2g.gif","isUrlFilterCaseSensitive":false},"priority":1},{"id":244,"action":{"type":"block"},"condition":{"urlFilter":"||luben.tv/wp-content/uploads/2015/07/CORONA-SUNSETS_A-1.jpg","isUrlFilterCaseSensitive":false},"priority":1},{"id":245,"action":{"type":"block"},"condition":{"urlFilter":"||luben.tv/wp-content/uploads/2015/09/unnamed.png","isUrlFilterCaseSensitive":false},"priority":1},{"id":246,"action":{"type":"block"},"condition":{"urlFilter":"||luben.tv/wp-content/uploads/2016/01/luben-skin-stoli-2-x480x780-new2.png","isUrlFilterCaseSensitive":false},"priority":1},{"id":247,"action":{"type":"block"},"condition":{"urlFilter":"||luben.tv/wp-content/uploads/2017/01/voyager.jpg","isUrlFilterCaseSensitive":false},"priority":1},{"id":248,"action":{"type":"block"},"condition":{"urlFilter":"||makeleio.gr/wp-content/uploads/2014/11/Klamin-300X250.jpg","isUrlFilterCaseSensitive":false},"priority":1},{"id":249,"action":{"type":"block"},"condition":{"urlFilter":"||makeleio.gr/wp-content/uploads/2014/11/NETRA_bannernew.jpg","isUrlFilterCaseSensitive":false},"priority":1},{"id":250,"action":{"type":"block"},"condition":{"urlFilter":"||makeleio.gr/wp-content/uploads/2015/09/HyalurOn-250X250-Zampidis-2.jpg","isUrlFilterCaseSensitive":false},"priority":1},{"id":251,"action":{"type":"block"},"condition":{"urlFilter":"||marketnews.gr/banners/delonghi.gif","resourceTypes":["image"],"isUrlFilterCaseSensitive":false},"priority":101},{"id":252,"action":{"type":"block"},"condition":{"urlFilter":"||marketnews.gr/banners/groupama_970x250.gif","isUrlFilterCaseSensitive":false},"priority":1},{"id":253,"action":{"type":"block"},"condition":{"urlFilter":"||marketnews.gr/banners/ipos.jpg","isUrlFilterCaseSensitive":false},"priority":1},{"id":254,"action":{"type":"block"},"condition":{"urlFilter":"||media.adslgr.com/www/images/0a7c90d00978af65bd2089862535b7e6.jpg","isUrlFilterCaseSensitive":false},"priority":1},{"id":255,"action":{"type":"block"},"condition":{"urlFilter":"||media.adslgr.com/www/images/727fbd95261492dbd269bccbc7fffbb3.jpg","isUrlFilterCaseSensitive":false},"priority":1},{"id":256,"action":{"type":"block"},"condition":{"urlFilter":"||media.adslgr.com/www/images/80ffb536c4617d7afe7c8be553b1c37d.jpg","isUrlFilterCaseSensitive":false},"priority":1},{"id":257,"action":{"type":"block"},"condition":{"urlFilter":"||media.adslgr.com/www/images/c1259c4e50e39b2fc908400addb29c96.jpg","isUrlFilterCaseSensitive":false},"priority":1},{"id":258,"action":{"type":"block"},"condition":{"urlFilter":"||media.adslgr.com/www/images/e3026593eee92619a864ff0841906cd0.gif","isUrlFilterCaseSensitive":false},"priority":1},{"id":259,"action":{"type":"block"},"condition":{"urlFilter":"||medlook.net/banners/*","isUrlFilterCaseSensitive":false},"priority":1},{"id":260,"action":{"type":"block"},"condition":{"urlFilter":"||megatv.com/webtv/newsbeast.asp?*","isUrlFilterCaseSensitive":false},"priority":1},{"id":261,"action":{"type":"block"},"condition":{"urlFilter":"||mignatiou.com/wp-content/uploads/2014/09/300x250_piraeus_stametrasou_final.jpg","isUrlFilterCaseSensitive":false},"priority":1},{"id":262,"action":{"type":"block"},"condition":{"urlFilter":"||milaraki.com/banner/*","isUrlFilterCaseSensitive":false},"priority":1},{"id":263,"action":{"type":"block"},"condition":{"urlFilter":"||missbloom.gr/images/*skin*","isUrlFilterCaseSensitive":false},"priority":1},{"id":264,"action":{"type":"block"},"condition":{"urlFilter":"||missbloom.gr/media/vidspics/*-skin.jpg","isUrlFilterCaseSensitive":false},"priority":1},{"id":265,"action":{"type":"block"},"condition":{"urlFilter":"||mothersblog.gr/media/com_skins/skins/79/*","isUrlFilterCaseSensitive":false},"priority":1},{"id":266,"action":{"type":"block"},"condition":{"urlFilter":"||mydirect.gr/CalculatorBanner.aspx?*","isUrlFilterCaseSensitive":false},"priority":1},{"id":267,"action":{"type":"block"},"condition":{"urlFilter":"||naxospress.gr/wp-content/uploads/313/152/public/assets/js/912/411.js","isUrlFilterCaseSensitive":false},"priority":1},{"id":268,"action":{"type":"block"},"condition":{"urlFilter":"||news.in.gr/Themes/1/Default/Media/image-ads-sponsor.jpg","isUrlFilterCaseSensitive":false},"priority":1},{"id":269,"action":{"type":"block"},"condition":{"urlFilter":"||newsbeast.gr/files/1/banners/animal/animal.jpg","isUrlFilterCaseSensitive":false},"priority":1},{"id":270,"action":{"type":"block"},"condition":{"urlFilter":"||newsbeast.gr/files/1/banners/axaTextAdImg.png","isUrlFilterCaseSensitive":false},"priority":1},{"id":271,"action":{"type":"block"},"condition":{"urlFilter":"||newsbeast.gr/files/1/top100europe/airfasttickets.png","isUrlFilterCaseSensitive":false},"priority":1},{"id":272,"action":{"type":"block"},"condition":{"urlFilter":"||newsbomb.gr/ads/*","isUrlFilterCaseSensitive":false},"priority":1},{"id":273,"action":{"type":"block"},"condition":{"urlFilter":"||newsbomb.gr/media/com_skins/*","isUrlFilterCaseSensitive":false},"priority":1},{"id":274,"action":{"type":"block"},"condition":{"urlFilter":"||newsit.gr/flash/banners/2015/06/CareMarket_banner300x250_29_6.gif","isUrlFilterCaseSensitive":false},"priority":1},{"id":275,"action":{"type":"block"},"condition":{"urlFilter":"||newsit.gr/flash/categories/category_xorhgia_blank_pixel.gif","isUrlFilterCaseSensitive":false},"priority":1},{"id":276,"action":{"type":"block"},"condition":{"urlFilter":"||newsit.gr/templates/default/images/newsit-11888-search.png","isUrlFilterCaseSensitive":false},"priority":1},{"id":277,"action":{"type":"block"},"condition":{"urlFilter":"||oneman.gr/antikeimena/article1635665.ece/BINARY/oneman.jpg","isUrlFilterCaseSensitive":false},"priority":1},{"id":278,"action":{"type":"block"},"condition":{"urlFilter":"||oneman.gr/antikeimena/article1635795.ece/BINARY/original/oneman_fasa.png","isUrlFilterCaseSensitive":false},"priority":1},{"id":279,"action":{"type":"block"},"condition":{"urlFilter":"||oneman.gr/incoming/article1517780.ece/BINARY/original/skin_onemanSONY.jpg","isUrlFilterCaseSensitive":false},"priority":1},{"id":280,"action":{"type":"block"},"condition":{"urlFilter":"||oneman.gr/keimena/style/article1659136.ece/BINARY/oneman.jpg","isUrlFilterCaseSensitive":false},"priority":1},{"id":281,"action":{"type":"block"},"condition":{"urlFilter":"||onlarissa.gr/wp-content/uploads/2016/09/icbsnew1200small.gif","resourceTypes":["image"],"isUrlFilterCaseSensitive":false},"priority":101},{"id":282,"action":{"type":"block"},"condition":{"urlFilter":"||onlarissa.gr/wp-content/uploads/2018/09/chefs-feb19-300x250.gif","isUrlFilterCaseSensitive":false},"priority":1},{"id":283,"action":{"type":"block"},"condition":{"urlFilter":"||onlarissa.gr/wp-content/uploads/2018/09/eda-thess.png","resourceTypes":["image"],"isUrlFilterCaseSensitive":false},"priority":101},{"id":284,"action":{"type":"block"},"condition":{"urlFilter":"||onlarissa.gr/wp-content/uploads/2018/09/europroodos.gif","resourceTypes":["image"],"isUrlFilterCaseSensitive":false},"priority":101},{"id":285,"action":{"type":"block"},"condition":{"urlFilter":"||onlarissa.gr/wp-content/uploads/2018/09/fashion-city.gif","resourceTypes":["image"],"isUrlFilterCaseSensitive":false},"priority":101},{"id":286,"action":{"type":"block"},"condition":{"urlFilter":"||onlarissa.gr/wp-content/uploads/2018/09/kazanas_xeimerines_ekptwseis_2019.gif","resourceTypes":["image"],"isUrlFilterCaseSensitive":false},"priority":101},{"id":287,"action":{"type":"block"},"condition":{"urlFilter":"||onlarissa.gr/wp-content/uploads/2018/09/larisa-300x250.gif","resourceTypes":["image"],"isUrlFilterCaseSensitive":false},"priority":101},{"id":288,"action":{"type":"block"},"condition":{"urlFilter":"||onlarissa.gr/wp-content/uploads/2018/09/nona-rossa.gif","resourceTypes":["image"],"isUrlFilterCaseSensitive":false},"priority":101},{"id":289,"action":{"type":"block"},"condition":{"urlFilter":"||onlarissa.gr/wp-content/uploads/2018/09/snoopy-1.gif","resourceTypes":["image"],"isUrlFilterCaseSensitive":false},"priority":101},{"id":290,"action":{"type":"block"},"condition":{"urlFilter":"||onlarissa.gr/wp-content/uploads/2018/09/snoopy.gif","resourceTypes":["image"],"isUrlFilterCaseSensitive":false},"priority":101},{"id":291,"action":{"type":"block"},"condition":{"urlFilter":"||onlarissa.gr/wp-content/uploads/2018/11/Webp.net-gifmaker-1.gif","resourceTypes":["image"],"isUrlFilterCaseSensitive":false},"priority":101},{"id":292,"action":{"type":"block"},"condition":{"urlFilter":"||onlarissa.gr/wp-content/uploads/2018/11/victoria-10.gif","resourceTypes":["image"],"isUrlFilterCaseSensitive":false},"priority":101},{"id":293,"action":{"type":"block"},"condition":{"urlFilter":"||onlarissa.gr/wp-content/uploads/2018/12/benneton.jpg","resourceTypes":["image"],"isUrlFilterCaseSensitive":false},"priority":101},{"id":294,"action":{"type":"block"},"condition":{"urlFilter":"||onlarissa.gr/wp-content/uploads/2018/12/giannakos-christmas.gif","resourceTypes":["image"],"isUrlFilterCaseSensitive":false},"priority":101},{"id":295,"action":{"type":"block"},"condition":{"urlFilter":"||onlarissa.gr/wp-content/uploads/2018/12/giannakos-miltos.gif","resourceTypes":["image"],"isUrlFilterCaseSensitive":false},"priority":101},{"id":296,"action":{"type":"block"},"condition":{"urlFilter":"||onlarissa.gr/wp-content/uploads/2018/12/karla-final.gif","resourceTypes":["image"],"isUrlFilterCaseSensitive":false},"priority":101},{"id":297,"action":{"type":"block"},"condition":{"urlFilter":"||onlarissa.gr/wp-content/uploads/2018/12/ktimatografisi.jpg","resourceTypes":["image"],"isUrlFilterCaseSensitive":false},"priority":101},{"id":298,"action":{"type":"block"},"condition":{"urlFilter":"||onlarissa.gr/wp-content/uploads/2019/01/leroy.gif","resourceTypes":["image"],"isUrlFilterCaseSensitive":false},"priority":101},{"id":299,"action":{"type":"block"},"condition":{"urlFilter":"||onlinedelivery.gr/banners/*","isUrlFilterCaseSensitive":false},"priority":1},{"id":300,"action":{"type":"block"},"condition":{"urlFilter":"||onsports.gr/media/com_skins/*","isUrlFilterCaseSensitive":false},"priority":1},{"id":301,"action":{"type":"block"},"condition":{"urlFilter":"||ough.gr/uploads/skins/skin_ough_gapyear-01.jpg","isUrlFilterCaseSensitive":false},"priority":1},{"id":302,"action":{"type":"block"},"condition":{"urlFilter":"||paparazzigr.tv/diafimistika/*","isUrlFilterCaseSensitive":false},"priority":1},{"id":303,"action":{"type":"block"},"condition":{"urlFilter":"||parallaximag.gr/wp-content/uploads/bebarkitcen.jpg","isUrlFilterCaseSensitive":false},"priority":1},{"id":304,"action":{"type":"block"},"condition":{"urlFilter":"||parapolitika.gr/Portals/0/Banners/","isUrlFilterCaseSensitive":false},"priority":1},{"id":305,"action":{"type":"block"},"condition":{"urlFilter":"||parianostypos.gr/images/banners/*","resourceTypes":["image"],"isUrlFilterCaseSensitive":false},"priority":101},{"id":306,"action":{"type":"block"},"condition":{"urlFilter":"||parianostypos.gr/*/diafimissi/*","resourceTypes":["image"],"isUrlFilterCaseSensitive":false},"priority":101},{"id":307,"action":{"type":"block"},"condition":{"urlFilter":"||prismanews.gr/images/banners/*","isUrlFilterCaseSensitive":false},"priority":1},{"id":308,"action":{"type":"block"},"condition":{"urlFilter":"||protagon.gr/resources/campaigns/*","isUrlFilterCaseSensitive":false},"priority":1},{"id":309,"action":{"type":"block"},"condition":{"urlFilter":"||protagon.gr/wp-content/uploads/2018/11/OPAP-NEW_Generic_3_174px-Protagon-1.jpg","resourceTypes":["image"],"isUrlFilterCaseSensitive":false},"priority":101},{"id":310,"action":{"type":"block"},"condition":{"urlFilter":"||protothema.gr/files/1/*/Skin*","isUrlFilterCaseSensitive":false},"priority":1},{"id":311,"action":{"type":"block"},"condition":{"urlFilter":"||protothema.gr/files/1/2012/11/12/anytime*","isUrlFilterCaseSensitive":false},"priority":1},{"id":312,"action":{"type":"block"},"condition":{"urlFilter":"||protothema.gr/files/1/2013/08/09/*","isUrlFilterCaseSensitive":false},"priority":1},{"id":313,"action":{"type":"block"},"condition":{"urlFilter":"||protothema.gr/files/1/bg-banners/*","isUrlFilterCaseSensitive":false},"priority":1},{"id":314,"action":{"type":"block"},"condition":{"urlFilter":"||queen.gr/media/com_news/ads/*","resourceTypes":["image"],"isUrlFilterCaseSensitive":false},"priority":101},{"id":315,"action":{"type":"block"},"condition":{"urlFilter":"||queen.gr/media/com_skins/skins/*","isUrlFilterCaseSensitive":false},"priority":1},{"id":316,"action":{"type":"block"},"condition":{"urlFilter":"||real.gr/BannersExternal.aspx*","isUrlFilterCaseSensitive":false},"priority":1},{"id":317,"action":{"type":"block"},"condition":{"urlFilter":"||real.gr/Files/Skins/*","isUrlFilterCaseSensitive":false},"priority":1},{"id":318,"action":{"type":"block"},"condition":{"urlFilter":"||real.gr/files/Banners/*","isUrlFilterCaseSensitive":false},"priority":1},{"id":319,"action":{"type":"block"},"condition":{"urlFilter":"||realestatenews.gr/images/stories/1theloakinita5.gif","resourceTypes":["image"],"isUrlFilterCaseSensitive":false},"priority":101},{"id":320,"action":{"type":"block"},"condition":{"urlFilter":"||realestatenews.gr/images/stories/250px.gif","resourceTypes":["image"],"isUrlFilterCaseSensitive":false},"priority":101},{"id":321,"action":{"type":"block"},"condition":{"urlFilter":"||realestatenews.gr/images/stories/banner-red.swf","resourceTypes":["object"],"isUrlFilterCaseSensitive":false},"priority":101},{"id":322,"action":{"type":"block"},"condition":{"urlFilter":"||realestatenews.gr/images/stories/baner-pontiki.gif","resourceTypes":["image"],"isUrlFilterCaseSensitive":false},"priority":101},{"id":323,"action":{"type":"block"},"condition":{"urlFilter":"||realestatenews.gr/images/stories/img-trap.jpg","resourceTypes":["image"],"isUrlFilterCaseSensitive":false},"priority":101},{"id":324,"action":{"type":"block"},"condition":{"urlFilter":"||realestatenews.gr/images/stories/logo-sygkatoikos-ren-a.gif","resourceTypes":["image"],"isUrlFilterCaseSensitive":false},"priority":101},{"id":325,"action":{"type":"block"},"condition":{"urlFilter":"||realestatenews.gr/images/stories/nomisma_140x60.gif","resourceTypes":["image"],"isUrlFilterCaseSensitive":false},"priority":101},{"id":326,"action":{"type":"block"},"condition":{"urlFilter":"||realestatenews.gr/images/stories/para_250x300.gif","resourceTypes":["image"],"isUrlFilterCaseSensitive":false},"priority":101},{"id":327,"action":{"type":"block"},"condition":{"urlFilter":"||realestatenews.gr/images/stories/pomidaani.gif","resourceTypes":["image"],"isUrlFilterCaseSensitive":false},"priority":101},{"id":328,"action":{"type":"block"},"condition":{"urlFilter":"||rockinathens.gr/wp-content/uploads/2016/08/ritual-banner.gif","resourceTypes":["image"],"isUrlFilterCaseSensitive":false},"priority":101},{"id":329,"action":{"type":"block"},"condition":{"urlFilter":"||roumlouki.gr/images/banners/*","isUrlFilterCaseSensitive":false},"priority":1},{"id":330,"action":{"type":"block"},"condition":{"urlFilter":"||roumlouki.gr/images/roumlouki_banners/*","isUrlFilterCaseSensitive":false},"priority":1},{"id":331,"action":{"type":"block"},"condition":{"urlFilter":"||runningnews.gr/bimages/","isUrlFilterCaseSensitive":false},"priority":1},{"id":332,"action":{"type":"block"},"condition":{"urlFilter":"||s3.amazonaws.com/bulkimages/2011/skins/newsit-11888-bg.jpg","isUrlFilterCaseSensitive":false},"priority":1},{"id":333,"action":{"type":"block"},"condition":{"urlFilter":"||s3.amazonaws.com/bulkimages/2012/newsit/opap_skin_newsit.jpg","isUrlFilterCaseSensitive":false},"priority":1},{"id":334,"action":{"type":"block"},"condition":{"urlFilter":"||scdn.gr/images/yogurt/dressings/forthnet/*","isUrlFilterCaseSensitive":false},"priority":1},{"id":335,"action":{"type":"block"},"condition":{"urlFilter":"||secnews.gr/wp-content/uploads/2014/11/DigitalBrains.png","isUrlFilterCaseSensitive":false},"priority":1},{"id":336,"action":{"type":"block"},"condition":{"urlFilter":"||secnews.gr/wp-content/uploads/2014/11/isoqar.png","isUrlFilterCaseSensitive":false},"priority":1},{"id":337,"action":{"type":"block"},"condition":{"urlFilter":"||secnews.gr/wp-content/uploads/2015/05/cyberkid1.jpg","isUrlFilterCaseSensitive":false},"priority":1},{"id":338,"action":{"type":"block"},"condition":{"urlFilter":"||secnews.gr/wp-content/uploads/2015/05/host1plusbanner2.jpg","isUrlFilterCaseSensitive":false},"priority":1},{"id":339,"action":{"type":"block"},"condition":{"urlFilter":"||secnews.gr/wp-content/uploads/2015/05/papei1.png","isUrlFilterCaseSensitive":false},"priority":1},{"id":340,"action":{"type":"block"},"condition":{"urlFilter":"||seleo.gr/images/stories/diafimisi/*","isUrlFilterCaseSensitive":false},"priority":1},{"id":341,"action":{"type":"block"},"condition":{"urlFilter":"||seleo.gr/images/stories/mast/*","isUrlFilterCaseSensitive":false},"priority":1},{"id":342,"action":{"type":"block"},"condition":{"urlFilter":"||seleo.gr/wp-content/uploads/2020/12/aaa5.png","resourceTypes":["image"],"isUrlFilterCaseSensitive":false},"priority":101},{"id":343,"action":{"type":"block"},"condition":{"urlFilter":"||seri.gr/sites/default/iframes/*","isUrlFilterCaseSensitive":false},"priority":1},{"id":344,"action":{"type":"block"},"condition":{"urlFilter":"||skai.gr/Themes/1/Default/Media/Layout_Renault/*","isUrlFilterCaseSensitive":false},"priority":1},{"id":345,"action":{"type":"block"},"condition":{"urlFilter":"||skai.gr/Themes/1/Default/Media/Skins/ethiniki-trapeza*","isUrlFilterCaseSensitive":false},"priority":1},{"id":346,"action":{"type":"block"},"condition":{"urlFilter":"||skai.gr/Themes/1/Default/Media/Skins/kri-kri*","isUrlFilterCaseSensitive":false},"priority":1},{"id":347,"action":{"type":"block"},"condition":{"urlFilter":"||skai.gr/Themes/1/Default/Media/Skins/samsung*","isUrlFilterCaseSensitive":false},"priority":1},{"id":348,"action":{"type":"block"},"condition":{"urlFilter":"||skai.gr/wp-content/themes/vantage/images/*skin*","isUrlFilterCaseSensitive":false},"priority":1},{"id":349,"action":{"type":"block"},"condition":{"urlFilter":"||skroutz.gr/images/helmet/promo/*","isUrlFilterCaseSensitive":false},"priority":1},{"id":350,"action":{"type":"block"},"condition":{"urlFilter":"||skroutz.gr/images/yogurt/dressings/wind/*","isUrlFilterCaseSensitive":false},"priority":1},{"id":351,"action":{"type":"block"},"condition":{"urlFilter":"||smart-ads.gr/adtextlinks","isUrlFilterCaseSensitive":false},"priority":1},{"id":352,"action":{"type":"block"},"condition":{"urlFilter":"||sofokleousin.gr/files/banners/*.jpg","isUrlFilterCaseSensitive":false},"priority":1},{"id":353,"action":{"type":"block"},"condition":{"urlFilter":"||sport-fm.gr/resrc/campaigns/windone/*","isUrlFilterCaseSensitive":false},"priority":1},{"id":354,"action":{"type":"block"},"condition":{"urlFilter":"||sport-fm.gr/resrc/campaigns_v2/*","isUrlFilterCaseSensitive":false},"priority":1},{"id":355,"action":{"type":"block"},"condition":{"urlFilter":"||sport-fm.gr/resrc/images/customBanners/novi_438x75_paysafe.jpg","isUrlFilterCaseSensitive":false},"priority":1},{"id":356,"action":{"type":"block"},"condition":{"urlFilter":"||sport103.gr/images/banners/*","isUrlFilterCaseSensitive":false},"priority":1},{"id":357,"action":{"type":"block"},"condition":{"urlFilter":"||sport24.gr/genika/article1951216.ece/BINARY/original/mc_tab.png","isUrlFilterCaseSensitive":false},"priority":1},{"id":358,"action":{"type":"block"},"condition":{"urlFilter":"||sport24.gr/incoming/article778267.ece/BINARY/*","isUrlFilterCaseSensitive":false},"priority":1},{"id":359,"action":{"type":"block"},"condition":{"urlFilter":"||sport24.gr/incoming/article854008.ece/BINARY/ORIGINAL","isUrlFilterCaseSensitive":false},"priority":1},{"id":360,"action":{"type":"block"},"condition":{"urlFilter":"||sport24.gr/multimedia/*/stoiximan*.jpg","isUrlFilterCaseSensitive":false},"priority":1},{"id":361,"action":{"type":"block"},"condition":{"urlFilter":"||sport24.gr/multimedia/*/stoiximan*.png","isUrlFilterCaseSensitive":false},"priority":1},{"id":362,"action":{"type":"block"},"condition":{"urlFilter":"||sport24.gr/img/app/9018330/0/o/0/0/matchcenter_stoiximan_desk.png","resourceTypes":["image"],"isUrlFilterCaseSensitive":false},"priority":101},{"id":363,"action":{"type":"block"},"condition":{"urlFilter":"||sportygossip.com/sites/all/themes/athensbars/images/bg/*","isUrlFilterCaseSensitive":false},"priority":1},{"id":364,"action":{"type":"block"},"condition":{"urlFilter":"||static.24media.gr/dealin/*","isUrlFilterCaseSensitive":false},"priority":1},{"id":365,"action":{"type":"block"},"condition":{"urlFilter":"||static.24media.gr/interstitials/betoto/*","isUrlFilterCaseSensitive":false},"priority":1},{"id":366,"action":{"type":"block"},"condition":{"urlFilter":"||static.24media.gr/push_down/bwin/*","isUrlFilterCaseSensitive":false},"priority":1},{"id":367,"action":{"type":"block"},"condition":{"urlFilter":"||static.crete2day.com/files/banners/*/*.gif","resourceTypes":["image"],"isUrlFilterCaseSensitive":false},"priority":101},{"id":368,"action":{"type":"block"},"condition":{"urlFilter":"||static.crete2day.com/files/banners/*.jpg","resourceTypes":["image"],"isUrlFilterCaseSensitive":false},"priority":101},{"id":369,"action":{"type":"block"},"condition":{"urlFilter":"||static.reembed.com/data/logos/*","isUrlFilterCaseSensitive":false},"priority":1},{"id":370,"action":{"type":"block"},"condition":{"urlFilter":"||static.scar.gr/ads/*","isUrlFilterCaseSensitive":false},"priority":1},{"id":371,"action":{"type":"block"},"condition":{"urlFilter":"||stokokkino.gr/photos/gsk.jpg","isUrlFilterCaseSensitive":false},"priority":1},{"id":372,"action":{"type":"block"},"condition":{"urlFilter":"||subs4free.com/js/wh4_s4f_p2.js","isUrlFilterCaseSensitive":false},"priority":1},{"id":373,"action":{"type":"block"},"condition":{"urlFilter":"||thepressproject.gr/ad/*","isUrlFilterCaseSensitive":false},"priority":1},{"id":374,"action":{"type":"block"},"condition":{"urlFilter":"||tlife.gr/flash/banners/*","isUrlFilterCaseSensitive":false},"priority":1},{"id":375,"action":{"type":"block"},"condition":{"urlFilter":"||tovima.gr/themes/1/Default/Media/home/pireos.jpg","isUrlFilterCaseSensitive":false},"priority":1},{"id":376,"action":{"type":"block"},"condition":{"urlFilter":"||travelstyle.gr/portal/files/banners/*","resourceTypes":["image"],"isUrlFilterCaseSensitive":false},"priority":101},{"id":377,"action":{"type":"block"},"condition":{"urlFilter":"||tuned.gr/images/stories/leo/vlas_toolbar.jpg","isUrlFilterCaseSensitive":false},"priority":1},{"id":378,"action":{"type":"block"},"condition":{"urlFilter":"||tvcreta.gr/upload_images/banners/*","isUrlFilterCaseSensitive":false},"priority":1},{"id":379,"action":{"type":"block"},"condition":{"urlFilter":"||tvxs.gr/sites/all/themes/xsonethree/skins/jobby_skinv3.jpg","resourceTypes":["image"],"isUrlFilterCaseSensitive":false},"priority":101},{"id":380,"action":{"type":"block"},"condition":{"urlFilter":"||unboxholics.com/images/banners/eGalaxy/e-galaxyNew.jpg","isUrlFilterCaseSensitive":false},"priority":1},{"id":381,"action":{"type":"block"},"condition":{"urlFilter":"||unboxholics.com/images/banners/inSpot/INSPOT_BANNER.jpg","isUrlFilterCaseSensitive":false},"priority":1},{"id":382,"action":{"type":"block"},"condition":{"urlFilter":"||unibet-cdn.com^","initiatorDomains":["contra.gr"],"isUrlFilterCaseSensitive":false},"priority":201},{"id":383,"action":{"type":"block"},"condition":{"urlFilter":"||usay.gr/hyperads/","isUrlFilterCaseSensitive":false},"priority":1},{"id":384,"action":{"type":"block"},"condition":{"urlFilter":"||vidata.gr/files/plugins/longtailvideo/v5a/r6/vidads.swf","isUrlFilterCaseSensitive":false},"priority":1},{"id":385,"action":{"type":"block"},"condition":{"urlFilter":"||widgets.nova.gr/nownext_compact/el/*","isUrlFilterCaseSensitive":false},"priority":1},{"id":386,"action":{"type":"block"},"condition":{"urlFilter":"||wigetmedia.com/tags/","isUrlFilterCaseSensitive":false},"priority":1},{"id":387,"action":{"type":"block"},"condition":{"urlFilter":"||www.anew.gr/admin/baners/*","isUrlFilterCaseSensitive":false},"priority":1},{"id":388,"action":{"type":"block"},"condition":{"urlFilter":"||www.candiadoc.gr/banners/*","isUrlFilterCaseSensitive":false},"priority":1},{"id":389,"action":{"type":"block"},"condition":{"urlFilter":"||www.creteplus.gr/assets/bnrs/*","isUrlFilterCaseSensitive":false},"priority":1},{"id":390,"action":{"type":"block"},"condition":{"urlFilter":"||www.diaforetiko.gr/wp-content/uploads/2015/03/droidbanner3.gif","isUrlFilterCaseSensitive":false},"priority":1},{"id":391,"action":{"type":"block"},"condition":{"urlFilter":"||www.e-food.gr/site-assets/img/coca/*","resourceTypes":["image"],"isUrlFilterCaseSensitive":false},"priority":101},{"id":392,"action":{"type":"block"},"condition":{"urlFilter":"||www.neakriti.gr/BannersExternal.aspx?bid=*","isUrlFilterCaseSensitive":false},"priority":1},{"id":393,"action":{"type":"block"},"condition":{"urlFilter":"||www.sportkit.gr/Widget.aspx*","isUrlFilterCaseSensitive":false},"priority":1},{"id":394,"action":{"type":"block"},"condition":{"urlFilter":"||www.taxheaven.gr/public/banners/*","resourceTypes":["image"],"isUrlFilterCaseSensitive":false},"priority":101},{"id":395,"action":{"type":"block"},"condition":{"urlFilter":"||www.taxheaven.gr/public/banners/*","resourceTypes":["object"],"isUrlFilterCaseSensitive":false},"priority":101},{"id":396,"action":{"type":"block"},"condition":{"urlFilter":"||www.thelosouvlakia.gr/cms/Uploads/ad/*","isUrlFilterCaseSensitive":false},"priority":1},{"id":397,"action":{"type":"block"},"condition":{"urlFilter":"||www.triakilakodika.gr/images/teamworkpm650.png","isUrlFilterCaseSensitive":false},"priority":1},{"id":398,"action":{"type":"block"},"condition":{"urlFilter":"||www.trinews.gr/runimg/2016_04_Saucony.gif","resourceTypes":["image"],"isUrlFilterCaseSensitive":false},"priority":101},{"id":399,"action":{"type":"block"},"condition":{"urlFilter":"||www.trinews.gr/runimg/2016_05_Ethicsports_150x300.gif","resourceTypes":["image"],"isUrlFilterCaseSensitive":false},"priority":101},{"id":400,"action":{"type":"block"},"condition":{"urlFilter":"||www.trinews.gr/runimg/2016_07_intersport-summersales_150x300.gif","resourceTypes":["image"],"isUrlFilterCaseSensitive":false},"priority":101},{"id":401,"action":{"type":"block"},"condition":{"urlFilter":"||yupiii.gr/banners/bg/*","isUrlFilterCaseSensitive":false},"priority":1},{"id":402,"action":{"type":"block"},"condition":{"urlFilter":"||zougla.gr/Uploads/Banners/*","isUrlFilterCaseSensitive":false},"priority":1},{"id":403,"action":{"type":"block"},"condition":{"urlFilter":"||services.madinad.com/analytics/*","initiatorDomains":["madinad-data.s3.amazonaws.com"],"isUrlFilterCaseSensitive":false},"priority":201},{"id":404,"action":{"type":"block"},"condition":{"urlFilter":"||madinad-data.s3.amazonaws.com^","resourceTypes":["sub_frame"],"isUrlFilterCaseSensitive":false},"priority":101},{"id":405,"action":{"type":"block"},"condition":{"urlFilter":"||adman.otenet.gr^","isUrlFilterCaseSensitive":false},"priority":1},{"id":406,"action":{"type":"block"},"condition":{"urlFilter":"||adserver.linkwise.gr^","isUrlFilterCaseSensitive":false},"priority":1},{"id":407,"action":{"type":"block"},"condition":{"urlFilter":"||affiliate.linkwise.gr^","isUrlFilterCaseSensitive":false},"priority":1},{"id":408,"action":{"type":"block"},"condition":{"urlFilter":"||ad.gr.doubleclick.net^","isUrlFilterCaseSensitive":false},"priority":1},{"id":409,"action":{"type":"block"},"condition":{"urlFilter":"||ads.24media.gr^","isUrlFilterCaseSensitive":false},"priority":1},{"id":410,"action":{"type":"block"},"condition":{"urlFilter":"||gr.partypoker.com^","isUrlFilterCaseSensitive":false},"priority":1},{"id":411,"action":{"type":"block"},"condition":{"urlFilter":"||obj.adman.gr^","isUrlFilterCaseSensitive":false},"priority":1},{"id":412,"action":{"type":"block"},"condition":{"urlFilter":"||promo.gpoint.com.gr^","isUrlFilterCaseSensitive":false},"priority":1},{"id":413,"action":{"type":"block"},"condition":{"urlFilter":"||promos.pathfinder.gr^","isUrlFilterCaseSensitive":false},"priority":1},{"id":414,"action":{"type":"block"},"condition":{"urlFilter":"||serve.ads.gr^","isUrlFilterCaseSensitive":false},"priority":1},{"id":415,"action":{"type":"block"},"condition":{"urlFilter":"||static.adman.gr^","isUrlFilterCaseSensitive":false},"priority":1},{"id":416,"action":{"type":"block"},"condition":{"urlFilter":"||ad2.linkwise.gr^","isUrlFilterCaseSensitive":false},"priority":1},{"id":417,"action":{"type":"block"},"condition":{"urlFilter":"||adman.kathimerini.gr^","isUrlFilterCaseSensitive":false},"priority":1},{"id":418,"action":{"type":"block"},"condition":{"urlFilter":"||ads.naftemporiki.gr^","isUrlFilterCaseSensitive":false},"priority":1},{"id":419,"action":{"type":"block"},"condition":{"urlFilter":"||adwebone.com^","domainType":"thirdParty","isUrlFilterCaseSensitive":false},"priority":2},{"id":420,"action":{"type":"block"},"condition":{"urlFilter":"||banners.dol.gr^","isUrlFilterCaseSensitive":false},"priority":1},{"id":421,"action":{"type":"block"},"condition":{"urlFilter":"||bold.adman.gr^","isUrlFilterCaseSensitive":false},"priority":1},{"id":422,"action":{"type":"block"},"condition":{"urlFilter":"||call.theowl.gr^","isUrlFilterCaseSensitive":false},"priority":1},{"id":423,"action":{"type":"block"},"condition":{"urlFilter":"||clickbanner.gr^","isUrlFilterCaseSensitive":false},"priority":1},{"id":424,"action":{"type":"block"},"condition":{"urlFilter":"||d.agkn.com^","isUrlFilterCaseSensitive":false},"priority":1},{"id":425,"action":{"type":"block"},"condition":{"urlFilter":"||educate.theowl.gr^","isUrlFilterCaseSensitive":false},"priority":1},{"id":426,"action":{"type":"block"},"condition":{"urlFilter":"||el.williamhillcasino.com^","isUrlFilterCaseSensitive":false},"priority":1},{"id":427,"action":{"type":"block"},"condition":{"urlFilter":"||gazzetta.adman.gr^","isUrlFilterCaseSensitive":false},"priority":1},{"id":428,"action":{"type":"block"},"condition":{"urlFilter":"||gpoint.gpoint.com.gr^","isUrlFilterCaseSensitive":false},"priority":1},{"id":429,"action":{"type":"block"},"condition":{"urlFilter":"||madinad.com^","domainType":"thirdParty","isUrlFilterCaseSensitive":false},"priority":2},{"id":430,"action":{"type":"block"},"condition":{"urlFilter":"||media.mybet.com^","isUrlFilterCaseSensitive":false},"priority":1},{"id":431,"action":{"type":"block"},"condition":{"urlFilter":"||phaistos-ssp.adman.gr^","isUrlFilterCaseSensitive":false},"priority":1},{"id":432,"action":{"type":"block"},"condition":{"urlFilter":"||scripts.bestprice.gr^","isUrlFilterCaseSensitive":false},"priority":1},{"id":433,"action":{"type":"block"},"condition":{"urlFilter":"||smartadserver.com^","isUrlFilterCaseSensitive":false},"priority":1},{"id":434,"action":{"type":"block"},"condition":{"urlFilter":"||switch.statman.gr^","isUrlFilterCaseSensitive":false},"priority":1},{"id":435,"action":{"type":"block"},"condition":{"urlFilter":"||vidads.gr^","domainType":"thirdParty","isUrlFilterCaseSensitive":false},"priority":2},{"id":436,"action":{"type":"block"},"condition":{"urlFilter":"||adstorebluebird.cy^","domainType":"thirdParty","isUrlFilterCaseSensitive":false},"priority":2},{"id":437,"action":{"type":"block"},"condition":{"urlFilter":"goldenconcept.ir^","resourceTypes":["main_frame"],"isUrlFilterCaseSensitive":false},"priority":101},{"id":438,"action":{"type":"block"},"condition":{"urlFilter":"indusviva.com^","resourceTypes":["main_frame"],"isUrlFilterCaseSensitive":false},"priority":101},{"id":439,"action":{"type":"allow"},"condition":{"urlFilter":"||politis-news.com/banners/entheta/","isUrlFilterCaseSensitive":false},"priority":100001},{"id":440,"action":{"type":"allow"},"condition":{"urlFilter":"||resources.sport-fm.gr/sportfm/newspapers/","isUrlFilterCaseSensitive":false},"priority":100001},{"id":442,"action":{"type":"allow"},"condition":{"urlFilter":"||sport-fm.gr/resrc/images/layout/campaigns/mb2010/bg-bck-block.jpg","isUrlFilterCaseSensitive":false},"priority":100001},{"id":443,"action":{"type":"allow"},"condition":{"urlFilter":"||sport-fm.gr/resrc/images/layout/campaigns/mb2010/bg-fp-block-mb2010.jpg","isUrlFilterCaseSensitive":false},"priority":100001},{"id":444,"action":{"type":"allow"},"condition":{"urlFilter":"||sport-fm.gr/resrc/images/layout/campaigns/mb2010/bg-fp-block__v3.jpg","isUrlFilterCaseSensitive":false},"priority":100001},{"id":445,"action":{"type":"allow"},"condition":{"urlFilter":"||ads.patris.gr/_banners/1421748421.gif","isUrlFilterCaseSensitive":false},"priority":100001},{"id":446,"action":{"type":"allow"},"condition":{"urlFilter":"||athinorama.gr/adv/lmnts/blank.gif","isUrlFilterCaseSensitive":false},"priority":100001},{"id":447,"action":{"type":"allow"},"condition":{"urlFilter":"||athinorama.gr/adv/lmnts/disimata/*","isUrlFilterCaseSensitive":false},"priority":100001},{"id":448,"action":{"type":"allow"},"condition":{"urlFilter":"||athinorama.gr/adv/lmnts/earth/*.swf","isUrlFilterCaseSensitive":false},"priority":100001},{"id":449,"action":{"type":"allow"},"condition":{"urlFilter":"||athinorama.gr/adv/lmnts/stegi/*.swf","isUrlFilterCaseSensitive":false},"priority":100001},{"id":450,"action":{"type":"allow"},"condition":{"urlFilter":"||contra.gr/XML/sponsors/pokergr/ilika/","isUrlFilterCaseSensitive":false},"priority":100001},{"id":451,"action":{"type":"allow"},"condition":{"urlFilter":"||megatv.com/*/XML/jw/adverts.asp?*","isUrlFilterCaseSensitive":false},"priority":100001},{"id":452,"action":{"type":"allow"},"condition":{"urlFilter":"||skaihd-f.akamaihd.net/z/advert/*","isUrlFilterCaseSensitive":false},"priority":100001},{"id":453,"action":{"type":"allow"},"condition":{"urlFilter":"||www.antenna.gr/js/adman-video*.js","initiatorDomains":["www.antenna.gr"],"resourceTypes":["script"],"isUrlFilterCaseSensitive":false},"priority":100301},{"id":454,"action":{"type":"allow"},"condition":{"urlFilter":"||xe.gr/property/recent_ads?*","isUrlFilterCaseSensitive":false},"priority":100001}]