[{"id":1,"action":{"type":"block"},"condition":{"urlFilter":"-reclameplaatjes/","isUrlFilterCaseSensitive":false},"priority":1},{"id":2,"action":{"type":"block"},"condition":{"urlFilter":"/adbron.","isUrlFilterCaseSensitive":false},"priority":1},{"id":3,"action":{"type":"block"},"condition":{"urlFilter":"/adtwee/*","isUrlFilterCaseSensitive":false},"priority":1},{"id":4,"action":{"type":"block"},"condition":{"urlFilter":"/adv_tekstlinks.","isUrlFilterCaseSensitive":false},"priority":1},{"id":5,"action":{"type":"block"},"condition":{"urlFilter":"/adverteerders/*","isUrlFilterCaseSensitive":false},"priority":1},{"id":6,"action":{"type":"block"},"condition":{"urlFilter":"/advertentie-banner-","isUrlFilterCaseSensitive":false},"priority":1},{"id":7,"action":{"type":"block"},"condition":{"urlFilter":"/advertentie.","excludedInitiatorDomains":["anzeigen-aufgabe-alpha.de","anzeigen-aufgabe-beta.de","anzeigen-aufgabe-test.de","rd.nl"],"isUrlFilterCaseSensitive":false},"priority":2},{"id":8,"action":{"type":"block"},"condition":{"urlFilter":"/advertentie/*","excludedInitiatorDomains":["anzeigen-aufgabe-alpha.de","anzeigen-aufgabe-beta.de","anzeigen-aufgabe-test.de","rd.nl"],"isUrlFilterCaseSensitive":false},"priority":2},{"id":9,"action":{"type":"block"},"condition":{"urlFilter":"/advertentie1.","isUrlFilterCaseSensitive":false},"priority":1},{"id":10,"action":{"type":"block"},"condition":{"urlFilter":"/advertentie2/*","isUrlFilterCaseSensitive":false},"priority":1},{"id":11,"action":{"type":"block"},"condition":{"urlFilter":"/advertentie_head.","isUrlFilterCaseSensitive":false},"priority":1},{"id":12,"action":{"type":"block"},"condition":{"urlFilter":"/advertentieblokje120x20.","isUrlFilterCaseSensitive":false},"priority":1},{"id":13,"action":{"type":"block"},"condition":{"urlFilter":"/advertentieblokje300x20.","isUrlFilterCaseSensitive":false},"priority":1},{"id":14,"action":{"type":"block"},"condition":{"urlFilter":"/advertenties.","isUrlFilterCaseSensitive":false},"priority":1},{"id":15,"action":{"type":"block"},"condition":{"urlFilter":"/advertenties/*","isUrlFilterCaseSensitive":false},"priority":1},{"id":16,"action":{"type":"block"},"condition":{"urlFilter":"/bannerlookup.","isUrlFilterCaseSensitive":false},"priority":1},{"id":17,"action":{"type":"block"},"condition":{"urlFilter":"/big_reclames/*","isUrlFilterCaseSensitive":false},"priority":1},{"id":18,"action":{"type":"block"},"condition":{"urlFilter":"/bolcom-partnerprogramma-wordpress-plugin/*","isUrlFilterCaseSensitive":false},"priority":1},{"id":19,"action":{"type":"block"},"condition":{"urlFilter":"/img/recl/*","isUrlFilterCaseSensitive":false},"priority":1},{"id":20,"action":{"type":"block"},"condition":{"urlFilter":"/mediahuis-ads/*","isUrlFilterCaseSensitive":false},"priority":1},{"id":21,"action":{"type":"block"},"condition":{"urlFilter":"/nmc/adv/*","isUrlFilterCaseSensitive":false},"priority":1},{"id":22,"action":{"type":"block"},"condition":{"urlFilter":"/pebble-adhese.","isUrlFilterCaseSensitive":false},"priority":1},{"id":23,"action":{"type":"block"},"condition":{"urlFilter":"/prikbordAdvertentie_","isUrlFilterCaseSensitive":false},"priority":1},{"id":24,"action":{"type":"block"},"condition":{"urlFilter":"/reclame-extra.","isUrlFilterCaseSensitive":false},"priority":1},{"id":25,"action":{"type":"block"},"condition":{"urlFilter":"/reclame-nieuws.","isUrlFilterCaseSensitive":false},"priority":1},{"id":26,"action":{"type":"block"},"condition":{"urlFilter":"/reclame2.","isUrlFilterCaseSensitive":false},"priority":1},{"id":27,"action":{"type":"block"},"condition":{"urlFilter":"/reclamebanners/*","isUrlFilterCaseSensitive":false},"priority":1},{"id":28,"action":{"type":"block"},"condition":{"urlFilter":"/small_reclames/*","isUrlFilterCaseSensitive":false},"priority":1},{"id":29,"action":{"type":"block"},"condition":{"urlFilter":"/tekst_advertentie_","isUrlFilterCaseSensitive":false},"priority":1},{"id":30,"action":{"type":"block"},"condition":{"urlFilter":"/topadvertentie.","isUrlFilterCaseSensitive":false},"priority":1},{"id":31,"action":{"type":"block"},"condition":{"urlFilter":"://promotie.","domainType":"thirdParty","isUrlFilterCaseSensitive":false},"priority":2},{"id":32,"action":{"type":"block"},"condition":{"urlFilter":"_advertentie300x250_","isUrlFilterCaseSensitive":false},"priority":1},{"id":33,"action":{"type":"block"},"condition":{"urlFilter":"_advertentieleaderboardhome.","isUrlFilterCaseSensitive":false},"priority":1},{"id":34,"action":{"type":"block"},"condition":{"urlFilter":"||2k19.nl^","domainType":"thirdParty","isUrlFilterCaseSensitive":false},"priority":2},{"id":35,"action":{"type":"block"},"condition":{"urlFilter":"||adrequest.net^","domainType":"thirdParty","isUrlFilterCaseSensitive":false},"priority":2},{"id":36,"action":{"type":"block"},"condition":{"urlFilter":"||adshim.com^","domainType":"thirdParty","isUrlFilterCaseSensitive":false},"priority":2},{"id":37,"action":{"type":"block"},"condition":{"urlFilter":"||affilaxy.com^","domainType":"thirdParty","isUrlFilterCaseSensitive":false},"priority":2},{"id":38,"action":{"type":"block"},"condition":{"urlFilter":"||affiliatepartners.com^","domainType":"thirdParty","isUrlFilterCaseSensitive":false},"priority":2},{"id":39,"action":{"type":"block"},"condition":{"urlFilter":"||affiliateprogramma.eu^","domainType":"thirdParty","isUrlFilterCaseSensitive":false},"priority":2},{"id":40,"action":{"type":"block"},"condition":{"urlFilter":"||banner-online.nl^","domainType":"thirdParty","isUrlFilterCaseSensitive":false},"priority":2},{"id":41,"action":{"type":"block"},"condition":{"urlFilter":"||believe-the-hype.be^","domainType":"thirdParty","isUrlFilterCaseSensitive":false},"priority":2},{"id":42,"action":{"type":"block"},"condition":{"urlFilter":"||botndm.nl^","domainType":"thirdParty","isUrlFilterCaseSensitive":false},"priority":2},{"id":43,"action":{"type":"block"},"condition":{"urlFilter":"||cashpartners.eu^","domainType":"thirdParty","isUrlFilterCaseSensitive":false},"priority":2},{"id":44,"action":{"type":"block"},"condition":{"urlFilter":"||crnsgngrpj.nl^","isUrlFilterCaseSensitive":false},"priority":1},{"id":45,"action":{"type":"block"},"condition":{"urlFilter":"||dntblckmpls.nl^","isUrlFilterCaseSensitive":false},"priority":1},{"id":46,"action":{"type":"block"},"condition":{"urlFilter":"||ds1.nl^","domainType":"thirdParty","isUrlFilterCaseSensitive":false},"priority":2},{"id":47,"action":{"type":"block"},"condition":{"urlFilter":"||dt51.net^","domainType":"thirdParty","isUrlFilterCaseSensitive":false},"priority":2},{"id":48,"action":{"type":"block"},"condition":{"urlFilter":"||dt71.net^","domainType":"thirdParty","isUrlFilterCaseSensitive":false},"priority":2},{"id":49,"action":{"type":"block"},"condition":{"urlFilter":"||gratis-neuken.com^","domainType":"thirdParty","isUrlFilterCaseSensitive":false},"priority":2},{"id":50,"action":{"type":"block"},"condition":{"urlFilter":"||mt67.net^","isUrlFilterCaseSensitive":false},"priority":1},{"id":51,"action":{"type":"block"},"condition":{"urlFilter":"||nojazz.eu^","isUrlFilterCaseSensitive":false},"priority":1},{"id":52,"action":{"type":"block"},"condition":{"urlFilter":"||nonstoppartner.net^","domainType":"thirdParty","isUrlFilterCaseSensitive":false},"priority":2},{"id":53,"action":{"type":"block"},"condition":{"urlFilter":"||online-banners.nl^","domainType":"thirdParty","isUrlFilterCaseSensitive":false},"priority":2},{"id":54,"action":{"type":"block"},"condition":{"urlFilter":"||optoutadvertising.com^","domainType":"thirdParty","isUrlFilterCaseSensitive":false},"priority":2},{"id":55,"action":{"type":"block"},"condition":{"urlFilter":"||sponsorkliks.com^","domainType":"thirdParty","isUrlFilterCaseSensitive":false},"priority":2},{"id":56,"action":{"type":"block"},"condition":{"urlFilter":"||static-dscn.net^","domainType":"thirdParty","isUrlFilterCaseSensitive":false},"priority":2},{"id":57,"action":{"type":"block"},"condition":{"urlFilter":"||tools-affil2.com^","domainType":"thirdParty","isUrlFilterCaseSensitive":false},"priority":2},{"id":58,"action":{"type":"block"},"condition":{"urlFilter":"||tools.islive.nl^","domainType":"thirdParty","isUrlFilterCaseSensitive":false},"priority":2},{"id":59,"action":{"type":"block"},"condition":{"urlFilter":"||travelads.be^","domainType":"thirdParty","isUrlFilterCaseSensitive":false},"priority":2},{"id":60,"action":{"type":"block"},"condition":{"urlFilter":"||viadata.store^","isUrlFilterCaseSensitive":false},"priority":1},{"id":61,"action":{"type":"block"},"condition":{"urlFilter":"||vpscash.nl^","domainType":"thirdParty","isUrlFilterCaseSensitive":false},"priority":2},{"id":62,"action":{"type":"block"},"condition":{"urlFilter":"||xpartners.nl^","domainType":"thirdParty","isUrlFilterCaseSensitive":false},"priority":2},{"id":63,"action":{"type":"block"},"condition":{"urlFilter":".nl/adurl/","initiatorDomains":["start-player.npo.nl"],"resourceTypes":["xmlhttprequest"],"isUrlFilterCaseSensitive":false},"priority":301},{"id":64,"action":{"type":"block"},"condition":{"urlFilter":"||adcdn.ster.nl^","domainType":"thirdParty","isUrlFilterCaseSensitive":false},"priority":2},{"id":65,"action":{"type":"block"},"condition":{"urlFilter":"||ads.nextday.media^","isUrlFilterCaseSensitive":false},"priority":1},{"id":66,"action":{"type":"block"},"condition":{"urlFilter":"||advertising-cdn.dpgmedia.cloud^","isUrlFilterCaseSensitive":false},"priority":1},{"id":67,"action":{"type":"block"},"condition":{"urlFilter":"||advertising-module.api.dpgmedia.cloud^","isUrlFilterCaseSensitive":false},"priority":1},{"id":68,"action":{"type":"block"},"condition":{"urlFilter":"||bannersimages.s-bol.com^","domainType":"thirdParty","isUrlFilterCaseSensitive":false},"priority":2},{"id":69,"action":{"type":"block"},"condition":{"urlFilter":"||bnpparibasmarkets.nl/widget/","domainType":"thirdParty","isUrlFilterCaseSensitive":false},"priority":2},{"id":70,"action":{"type":"block"},"condition":{"urlFilter":"||bol.com/nl/upload/banners/","isUrlFilterCaseSensitive":false},"priority":1},{"id":71,"action":{"type":"block"},"condition":{"urlFilter":"||bol.com/nl/upload/partnerprogramma/","isUrlFilterCaseSensitive":false},"priority":1},{"id":72,"action":{"type":"block"},"condition":{"urlFilter":"||centraal.helpmij.nl/images/nieuwsbrief/nod32-colofon.jpg","isUrlFilterCaseSensitive":false},"priority":1},{"id":73,"action":{"type":"block"},"condition":{"urlFilter":"||cloudfront.net/-/media/6-parnerships/","initiatorDomains":["feyenoord.nl"],"isUrlFilterCaseSensitive":false},"priority":201},{"id":74,"action":{"type":"block"},"condition":{"urlFilter":"||cloudfront.net/Assets/images/partners/","initiatorDomains":["feyenoord.nl"],"isUrlFilterCaseSensitive":false},"priority":201},{"id":75,"action":{"type":"block"},"condition":{"urlFilter":"||cloudfront.net/banners/","initiatorDomains":["eredivisie.nl"],"isUrlFilterCaseSensitive":false},"priority":201},{"id":76,"action":{"type":"block"},"condition":{"urlFilter":"||feenstra-internetservices.nl/?_dnid=","domainType":"thirdParty","isUrlFilterCaseSensitive":false},"priority":2},{"id":77,"action":{"type":"block"},"condition":{"urlFilter":"||fx.nl/_ext/widget/","domainType":"thirdParty","isUrlFilterCaseSensitive":false},"priority":2},{"id":78,"action":{"type":"block"},"condition":{"urlFilter":"||go2.go2cloud.org^","isUrlFilterCaseSensitive":false},"priority":1},{"id":79,"action":{"type":"block"},"condition":{"urlFilter":"||infotalia.com/worktalia_promo_","isUrlFilterCaseSensitive":false},"priority":1},{"id":80,"action":{"type":"block"},"condition":{"urlFilter":"||jobat.be/extra/trackuityhn/ticker_new.html","domainType":"thirdParty","isUrlFilterCaseSensitive":false},"priority":2},{"id":81,"action":{"type":"block"},"condition":{"urlFilter":"||jobfish.nl/widget/","domainType":"thirdParty","isUrlFilterCaseSensitive":false},"priority":2},{"id":82,"action":{"type":"block"},"condition":{"urlFilter":"||kjdsfjisdfjr23.azurewebsites.net^","isUrlFilterCaseSensitive":false},"priority":1},{"id":83,"action":{"type":"block"},"condition":{"urlFilter":"||mmcdn.nl/tags/","isUrlFilterCaseSensitive":false},"priority":1},{"id":84,"action":{"type":"block"},"condition":{"urlFilter":"||nextdaymedia-ads.s3.amazonaws.com^","isUrlFilterCaseSensitive":false},"priority":1},{"id":85,"action":{"type":"block"},"condition":{"urlFilter":"||ouders.nl/uploads/alt/","initiatorDomains":["viafora.nl"],"isUrlFilterCaseSensitive":false},"priority":201},{"id":86,"action":{"type":"block"},"condition":{"urlFilter":"||partner.bol.com^","domainType":"thirdParty","isUrlFilterCaseSensitive":false},"priority":2},{"id":87,"action":{"type":"block"},"condition":{"urlFilter":"||partnerprogramma.bol.com^","domainType":"thirdParty","isUrlFilterCaseSensitive":false},"priority":2},{"id":88,"action":{"type":"block"},"condition":{"urlFilter":"||pexi.nl/dpos/widget-","initiatorDomains":["intermediair.nl"],"isUrlFilterCaseSensitive":false},"priority":201},{"id":89,"action":{"type":"block"},"condition":{"urlFilter":"||pornokartel.nl^","domainType":"thirdParty","resourceTypes":["image"],"isUrlFilterCaseSensitive":false},"priority":102},{"id":90,"action":{"type":"block"},"condition":{"urlFilter":"||pubble.nl/Content.svc/getAdCollection?","isUrlFilterCaseSensitive":false},"priority":1},{"id":91,"action":{"type":"block"},"condition":{"urlFilter":"||recreatief.nl/kerstarrangementen.gif","isUrlFilterCaseSensitive":false},"priority":1},{"id":92,"action":{"type":"block"},"condition":{"urlFilter":"||s-bol.com/nl/upload/partnerprogramma/","isUrlFilterCaseSensitive":false},"priority":1},{"id":93,"action":{"type":"block"},"condition":{"urlFilter":"||search-result.com^*/klokad2.js","isUrlFilterCaseSensitive":false},"priority":1},{"id":94,"action":{"type":"block"},"condition":{"urlFilter":"||sedproductions.nl/banners/","isUrlFilterCaseSensitive":false},"priority":1},{"id":95,"action":{"type":"block"},"condition":{"urlFilter":"||seks.com/img/bnr.gif","isUrlFilterCaseSensitive":false},"priority":1},{"id":96,"action":{"type":"block"},"condition":{"urlFilter":"||seksbuddy.nl/img/frontend/banners/","isUrlFilterCaseSensitive":false},"priority":1},{"id":97,"action":{"type":"block"},"condition":{"urlFilter":"||sociaaldigitaal.nl/img/Banner-","domainType":"thirdParty","isUrlFilterCaseSensitive":false},"priority":2},{"id":98,"action":{"type":"block"},"condition":{"urlFilter":"||sp.dpgmedia.net^","domainType":"thirdParty","isUrlFilterCaseSensitive":false},"priority":2},{"id":99,"action":{"type":"block"},"condition":{"urlFilter":"||stepstone.be/*?event=widgettool.","domainType":"thirdParty","isUrlFilterCaseSensitive":false},"priority":2},{"id":100,"action":{"type":"block"},"condition":{"urlFilter":"||strafrechtadvocaten.nl/media/banner/","domainType":"thirdParty","isUrlFilterCaseSensitive":false},"priority":2},{"id":101,"action":{"type":"block"},"condition":{"urlFilter":"||swpportal.com/upload/squarebanners/","isUrlFilterCaseSensitive":false},"priority":1},{"id":102,"action":{"type":"block"},"condition":{"urlFilter":"||t.bazarow.com^","domainType":"thirdParty","isUrlFilterCaseSensitive":false},"priority":2},{"id":103,"action":{"type":"block"},"condition":{"urlFilter":"||traffic.12flirt.com^","isUrlFilterCaseSensitive":false},"priority":1},{"id":104,"action":{"type":"block"},"condition":{"urlFilter":"||viralize.tv/display/","initiatorDomains":["startpagina.nl"],"isUrlFilterCaseSensitive":false},"priority":201},{"id":105,"action":{"type":"block"},"condition":{"urlFilter":"||wertuipsertj34.azurewebsites.net^","resourceTypes":["xmlhttprequest"],"isUrlFilterCaseSensitive":false},"priority":101},{"id":106,"action":{"type":"block"},"condition":{"urlFilter":"||widget.vpnnederland.nl^","initiatorDomains":["nzbserver.com"],"isUrlFilterCaseSensitive":false},"priority":201},{"id":107,"action":{"type":"block"},"condition":{"urlFilter":"||widgets.skyscanner.net^","initiatorDomains":["puuropreis.nl"],"isUrlFilterCaseSensitive":false},"priority":201},{"id":108,"action":{"type":"block"},"condition":{"urlFilter":"||windows.net/banners/","initiatorDomains":["agf.nl","bpnieuws.nl","groentennieuws.nl","uiennieuws.nl"],"isUrlFilterCaseSensitive":false},"priority":126},{"id":109,"action":{"type":"block"},"condition":{"urlFilter":"||wp.com/www.bol.com/nl/upload/partnerprogramma/","isUrlFilterCaseSensitive":false},"priority":1},{"id":110,"action":{"type":"block"},"condition":{"urlFilter":"||xmissy.nl/admnfiles1809/sinclub/freechatbanner_","isUrlFilterCaseSensitive":false},"priority":1},{"id":111,"action":{"type":"block"},"condition":{"urlFilter":"||123video.nl^*/300x100_","isUrlFilterCaseSensitive":false},"priority":1},{"id":112,"action":{"type":"block"},"condition":{"urlFilter":"||1twente.nl/Ads/","isUrlFilterCaseSensitive":false},"priority":1},{"id":113,"action":{"type":"block"},"condition":{"urlFilter":"||2link.be/banners/","isUrlFilterCaseSensitive":false},"priority":1},{"id":114,"action":{"type":"block"},"condition":{"urlFilter":"||aa.tweakers.nl^","isUrlFilterCaseSensitive":false},"priority":1},{"id":115,"action":{"type":"block"},"condition":{"urlFilter":"||aafm.nl/cms/wp-content/themes/omroepalmelo/img/banners/","isUrlFilterCaseSensitive":false},"priority":1},{"id":116,"action":{"type":"block"},"condition":{"urlFilter":"||abcsuriname.com/images/banners/","isUrlFilterCaseSensitive":false},"priority":1},{"id":117,"action":{"type":"block"},"condition":{"urlFilter":"||adodenhaag.nl/images/banners/","isUrlFilterCaseSensitive":false},"priority":1},{"id":118,"action":{"type":"block"},"condition":{"urlFilter":"||agconnect.nl/sites/ag/files/styles/partner_","isUrlFilterCaseSensitive":false},"priority":1},{"id":119,"action":{"type":"block"},"condition":{"urlFilter":"||am-forum.nl/upload/logo_elektrodump.png","isUrlFilterCaseSensitive":false},"priority":1},{"id":120,"action":{"type":"block"},"condition":{"urlFilter":"||antilliaansdagblad.com/images/banners/","isUrlFilterCaseSensitive":false},"priority":1},{"id":121,"action":{"type":"block"},"condition":{"urlFilter":"||apintie.sr/bannerz/","isUrlFilterCaseSensitive":false},"priority":1},{"id":122,"action":{"type":"block"},"condition":{"urlFilter":"||autosport.nl/images/Banner-","isUrlFilterCaseSensitive":false},"priority":1},{"id":123,"action":{"type":"block"},"condition":{"urlFilter":"||autosport.nl/images/banners/","isUrlFilterCaseSensitive":false},"priority":1},{"id":124,"action":{"type":"block"},"condition":{"urlFilter":"||baarsclassicrock.nl/wp-content/uploads/*/banner_","isUrlFilterCaseSensitive":false},"priority":1},{"id":125,"action":{"type":"block"},"condition":{"urlFilter":"||bdsm-vrienden.nl/sb_data/modules/mod_aav/","isUrlFilterCaseSensitive":false},"priority":1},{"id":126,"action":{"type":"block"},"condition":{"urlFilter":"||bdsmgirl.nl/banners/","isUrlFilterCaseSensitive":false},"priority":1},{"id":127,"action":{"type":"block"},"condition":{"urlFilter":"||bdsmgirl.nl^*/banner/","isUrlFilterCaseSensitive":false},"priority":1},{"id":128,"action":{"type":"block"},"condition":{"urlFilter":"||belgiancycling.be^*/Banners/","isUrlFilterCaseSensitive":false},"priority":1},{"id":129,"action":{"type":"block"},"condition":{"urlFilter":"||belgiancycling.be^*/Logo%27s%20partners/","isUrlFilterCaseSensitive":false},"priority":1},{"id":130,"action":{"type":"block"},"condition":{"urlFilter":"||bloovi.be/frontend/files/banners/","isUrlFilterCaseSensitive":false},"priority":1},{"id":131,"action":{"type":"block"},"condition":{"urlFilter":"||bodemvondstenwereld.nl/images/banners/","isUrlFilterCaseSensitive":false},"priority":1},{"id":132,"action":{"type":"block"},"condition":{"urlFilter":"||boek9.nl/sites/default/files/advertisements/","isUrlFilterCaseSensitive":false},"priority":1},{"id":133,"action":{"type":"block"},"condition":{"urlFilter":"||boek9.nl/sites/default/files/rotating-banners/","isUrlFilterCaseSensitive":false},"priority":1},{"id":134,"action":{"type":"block"},"condition":{"urlFilter":"||bol-an.nl/wp-content/uploads/*/Adv_","isUrlFilterCaseSensitive":false},"priority":1},{"id":135,"action":{"type":"block"},"condition":{"urlFilter":"||brandweerspotters.nl/modules/banners/","isUrlFilterCaseSensitive":false},"priority":1},{"id":136,"action":{"type":"block"},"condition":{"urlFilter":"||buzzbie.nl/uploads/banners/","isUrlFilterCaseSensitive":false},"priority":1},{"id":137,"action":{"type":"block"},"condition":{"urlFilter":"||cdn-webcam-harlingen.nl/adv/","isUrlFilterCaseSensitive":false},"priority":1},{"id":138,"action":{"type":"block"},"condition":{"urlFilter":"||chatmetvreemden.be/static/html/","isUrlFilterCaseSensitive":false},"priority":1},{"id":139,"action":{"type":"block"},"condition":{"urlFilter":"||chatmetvreemden.nl/static/html/","isUrlFilterCaseSensitive":false},"priority":1},{"id":140,"action":{"type":"block"},"condition":{"urlFilter":"||christelijknieuws.nl^*/banner/","isUrlFilterCaseSensitive":false},"priority":1},{"id":141,"action":{"type":"block"},"condition":{"urlFilter":"||ciaotutti.nl/wp-content/uploads/Banner_","isUrlFilterCaseSensitive":false},"priority":1},{"id":142,"action":{"type":"block"},"condition":{"urlFilter":"||clubbrugge.be^*/partner/","isUrlFilterCaseSensitive":false},"priority":1},{"id":143,"action":{"type":"block"},"condition":{"urlFilter":"||coastline945fm.nl/cache/partners/","isUrlFilterCaseSensitive":false},"priority":1},{"id":144,"action":{"type":"block"},"condition":{"urlFilter":"||coastlinefm.nl/cache/partners/","isUrlFilterCaseSensitive":false},"priority":1},{"id":145,"action":{"type":"block"},"condition":{"urlFilter":"||content1.pcmweb.nl^","isUrlFilterCaseSensitive":false},"priority":1},{"id":146,"action":{"type":"block"},"condition":{"urlFilter":"||content1.pu.nl^","isUrlFilterCaseSensitive":false},"priority":1},{"id":147,"action":{"type":"block"},"condition":{"urlFilter":"||content1.wasmachines.nl^","isUrlFilterCaseSensitive":false},"priority":1},{"id":148,"action":{"type":"block"},"condition":{"urlFilter":"||content1.zoom.nl^","isUrlFilterCaseSensitive":false},"priority":1},{"id":149,"action":{"type":"block"},"condition":{"urlFilter":"||content2.besteproduct.nl^","isUrlFilterCaseSensitive":false},"priority":1},{"id":150,"action":{"type":"block"},"condition":{"urlFilter":"||content2.kieskeurig.nl^","isUrlFilterCaseSensitive":false},"priority":1},{"id":151,"action":{"type":"block"},"condition":{"urlFilter":"||content2.pu.nl^","isUrlFilterCaseSensitive":false},"priority":1},{"id":152,"action":{"type":"block"},"condition":{"urlFilter":"||content2.wasmachines.nl^","isUrlFilterCaseSensitive":false},"priority":1},{"id":153,"action":{"type":"block"},"condition":{"urlFilter":"||content2.zoom.nl^","isUrlFilterCaseSensitive":false},"priority":1},{"id":154,"action":{"type":"block"},"condition":{"urlFilter":"||cryptobenelux.com/wp-content/uploads/*-banner-","isUrlFilterCaseSensitive":false},"priority":1},{"id":155,"action":{"type":"block"},"condition":{"urlFilter":"||cryptobenelux.com/wp-content/uploads/*-Banner.","isUrlFilterCaseSensitive":false},"priority":1},{"id":156,"action":{"type":"block"},"condition":{"urlFilter":"||cryptobenelux.com/wp-content/uploads/*/banner_","isUrlFilterCaseSensitive":false},"priority":1},{"id":157,"action":{"type":"block"},"condition":{"urlFilter":"||cryptoprijzen.com/cryptoprijzen-widget/","isUrlFilterCaseSensitive":false},"priority":1},{"id":158,"action":{"type":"block"},"condition":{"urlFilter":"||debestevpn.nl/wp-content/*-banner.","isUrlFilterCaseSensitive":false},"priority":1},{"id":159,"action":{"type":"block"},"condition":{"urlFilter":"||decibel.nl/wp-content/uploads/*/banner-","isUrlFilterCaseSensitive":false},"priority":1},{"id":160,"action":{"type":"block"},"condition":{"urlFilter":"||dewereldmorgen.be/wp-content/banners/","isUrlFilterCaseSensitive":false},"priority":1},{"id":161,"action":{"type":"block"},"condition":{"urlFilter":"||digitaalburg.com/rn02/wp-content/uploads/*/CornetAnimationA-","isUrlFilterCaseSensitive":false},"priority":1},{"id":162,"action":{"type":"block"},"condition":{"urlFilter":"||digitaalburg.com/rn02/wp-content/uploads/*/MERKX11.png","isUrlFilterCaseSensitive":false},"priority":1},{"id":163,"action":{"type":"block"},"condition":{"urlFilter":"||digitaalburg.com/rn02/wp-content/uploads/*/Roel.jpg","isUrlFilterCaseSensitive":false},"priority":1},{"id":164,"action":{"type":"block"},"condition":{"urlFilter":"||digitaalburg.com/rn02/wp-content/uploads/*/uitwaard21.jpg","isUrlFilterCaseSensitive":false},"priority":1},{"id":165,"action":{"type":"block"},"condition":{"urlFilter":"||digitaalburg.com/rn02/wp-content/uploads/*/Vacature-","isUrlFilterCaseSensitive":false},"priority":1},{"id":166,"action":{"type":"block"},"condition":{"urlFilter":"||digitaalburg.com/rn02/wp-content/uploads/*/vertiadvies_","isUrlFilterCaseSensitive":false},"priority":1},{"id":167,"action":{"type":"block"},"condition":{"urlFilter":"||digitaalburg.com/rn02/wp-content/uploads/*/webbanner-","isUrlFilterCaseSensitive":false},"priority":1},{"id":168,"action":{"type":"block"},"condition":{"urlFilter":"||dolcevia.com^*/Banners/","isUrlFilterCaseSensitive":false},"priority":1},{"id":169,"action":{"type":"block"},"condition":{"urlFilter":"||duurzaam-actueel.nl^*banner","isUrlFilterCaseSensitive":false},"priority":1},{"id":170,"action":{"type":"block"},"condition":{"urlFilter":"||edelmetaal-info.nl/cdfund-336x280.html","isUrlFilterCaseSensitive":false},"priority":1},{"id":171,"action":{"type":"block"},"condition":{"urlFilter":"||edelmetaal-info.nl/wp-content/uploads/images/goudpensioen/","isUrlFilterCaseSensitive":false},"priority":1},{"id":172,"action":{"type":"block"},"condition":{"urlFilter":"||eredivisie.nl/images/logos/partners/","isUrlFilterCaseSensitive":false},"priority":1},{"id":173,"action":{"type":"block"},"condition":{"urlFilter":"||excellentfm.nl/images/aanbieding/","isUrlFilterCaseSensitive":false},"priority":1},{"id":174,"action":{"type":"block"},"condition":{"urlFilter":"||fanclubbarcelona.nl/viewfile/mainbanner/","isUrlFilterCaseSensitive":false},"priority":1},{"id":175,"action":{"type":"block"},"condition":{"urlFilter":"||farmaline.be/assets/banners/","isUrlFilterCaseSensitive":false},"priority":1},{"id":176,"action":{"type":"block"},"condition":{"urlFilter":"||fcupdate.nl/js/adslot.js","isUrlFilterCaseSensitive":false},"priority":1},{"id":177,"action":{"type":"block"},"condition":{"urlFilter":"||fcutrecht.net/img/banners/","isUrlFilterCaseSensitive":false},"priority":1},{"id":178,"action":{"type":"block"},"condition":{"urlFilter":"||flirtmee.nl/img/160x70_sponsor-","isUrlFilterCaseSensitive":false},"priority":1},{"id":179,"action":{"type":"block"},"condition":{"urlFilter":"||floranews.com/img/banner/","isUrlFilterCaseSensitive":false},"priority":1},{"id":180,"action":{"type":"block"},"condition":{"urlFilter":"||fonkmagazine.nl/adds/","isUrlFilterCaseSensitive":false},"priority":1},{"id":181,"action":{"type":"block"},"condition":{"urlFilter":"||fonkonline.nl/adds/","isUrlFilterCaseSensitive":false},"priority":1},{"id":182,"action":{"type":"block"},"condition":{"urlFilter":"||forum.spaarinformatie.nl/si-info.html","isUrlFilterCaseSensitive":false},"priority":1},{"id":183,"action":{"type":"block"},"condition":{"urlFilter":"||genemuidenactueel.nl^*banner","isUrlFilterCaseSensitive":false},"priority":1},{"id":184,"action":{"type":"block"},"condition":{"urlFilter":"||gic.nl/uploads/fckconnector/","isUrlFilterCaseSensitive":false},"priority":1},{"id":185,"action":{"type":"block"},"condition":{"urlFilter":"||gigantfm.nl/upload/20170420110645812.jpg","isUrlFilterCaseSensitive":false},"priority":1},{"id":186,"action":{"type":"block"},"condition":{"urlFilter":"||gigantfm.nl/upload/20210730122903794.gif","isUrlFilterCaseSensitive":false},"priority":1},{"id":187,"action":{"type":"block"},"condition":{"urlFilter":"||gigantfm.nl/upload/autoonderdelen24_1.png","isUrlFilterCaseSensitive":false},"priority":1},{"id":188,"action":{"type":"block"},"condition":{"urlFilter":"||gigantfm.nl/upload/onderdelenshop.gif","isUrlFilterCaseSensitive":false},"priority":1},{"id":189,"action":{"type":"block"},"condition":{"urlFilter":"||goedkoopstekeukensduitsland.nl/wp-content/uploads/*/I-kook-banner.jpg","isUrlFilterCaseSensitive":false},"priority":1},{"id":190,"action":{"type":"block"},"condition":{"urlFilter":"||goedkoopstekeukensduitsland.nl/wp-content/uploads/*/Keuken-ontwerp-aan-huis.jpg","isUrlFilterCaseSensitive":false},"priority":1},{"id":191,"action":{"type":"block"},"condition":{"urlFilter":"||goedkoopstekeukensduitsland.nl/wp-content/uploads/*/Keukenplaats.jpg","isUrlFilterCaseSensitive":false},"priority":1},{"id":192,"action":{"type":"block"},"condition":{"urlFilter":"||golf.be/files/BannerImage/","isUrlFilterCaseSensitive":false},"priority":1},{"id":193,"action":{"type":"block"},"condition":{"urlFilter":"||gratissextube.be/banners/","isUrlFilterCaseSensitive":false},"priority":1},{"id":194,"action":{"type":"block"},"condition":{"urlFilter":"||greenkeeper.nl/upload/banners/","isUrlFilterCaseSensitive":false},"priority":1},{"id":195,"action":{"type":"block"},"condition":{"urlFilter":"||greenkeeper.nl/upload/relaties/","isUrlFilterCaseSensitive":false},"priority":1},{"id":196,"action":{"type":"block"},"condition":{"urlFilter":"||groentennieuws.nl^*/banners/","isUrlFilterCaseSensitive":false},"priority":1},{"id":197,"action":{"type":"block"},"condition":{"urlFilter":"||halstadcentraal.nl/images/banners/","isUrlFilterCaseSensitive":false},"priority":1},{"id":198,"action":{"type":"block"},"condition":{"urlFilter":"||handbalstartpunt.nl/content/schoonkapje.gif","isUrlFilterCaseSensitive":false},"priority":1},{"id":199,"action":{"type":"block"},"condition":{"urlFilter":"||handbalstartpunt.nl/images/mizuno-small.jpg","isUrlFilterCaseSensitive":false},"priority":1},{"id":200,"action":{"type":"block"},"condition":{"urlFilter":"||hoekschnieuws.nl/banner/","isUrlFilterCaseSensitive":false},"priority":1},{"id":201,"action":{"type":"block"},"condition":{"urlFilter":"||hoekschnieuws.nl/wp-content/uploads/*/Banner-","isUrlFilterCaseSensitive":false},"priority":1},{"id":202,"action":{"type":"block"},"condition":{"urlFilter":"||hotradiohits.nl/image/picture/*_banner.","isUrlFilterCaseSensitive":false},"priority":1},{"id":203,"action":{"type":"block"},"condition":{"urlFilter":"||htforum.nl/yabbse/*-banner2.gif","isUrlFilterCaseSensitive":false},"priority":1},{"id":204,"action":{"type":"block"},"condition":{"urlFilter":"||htforum.nl/yabbse/banners/","isUrlFilterCaseSensitive":false},"priority":1},{"id":205,"action":{"type":"block"},"condition":{"urlFilter":"||htforum.nl/yabbse/topframe_v3.php","isUrlFilterCaseSensitive":false},"priority":1},{"id":206,"action":{"type":"block"},"condition":{"urlFilter":"||iex.nl/uploads/banners/","isUrlFilterCaseSensitive":false},"priority":1},{"id":207,"action":{"type":"block"},"condition":{"urlFilter":"||katholiek.nl/wp-content/uploads/*/banner-","isUrlFilterCaseSensitive":false},"priority":1},{"id":208,"action":{"type":"block"},"condition":{"urlFilter":"||kavelplatform.nl/assets/uploads/banners/","isUrlFilterCaseSensitive":false},"priority":1},{"id":209,"action":{"type":"block"},"condition":{"urlFilter":"||kilroynews.net^*banner","isUrlFilterCaseSensitive":false},"priority":1},{"id":210,"action":{"type":"block"},"condition":{"urlFilter":"||klokradio.nl/wp-content/uploads/*/adv-","isUrlFilterCaseSensitive":false},"priority":1},{"id":211,"action":{"type":"block"},"condition":{"urlFilter":"||kranenwebsite.nl/banners/","isUrlFilterCaseSensitive":false},"priority":1},{"id":212,"action":{"type":"block"},"condition":{"urlFilter":"||landenweb.nl/imgBoeking/","isUrlFilterCaseSensitive":false},"priority":1},{"id":213,"action":{"type":"block"},"condition":{"urlFilter":"||linqmedia.nl/cwm/fm/userfiles/banner/","isUrlFilterCaseSensitive":false},"priority":1},{"id":214,"action":{"type":"block"},"condition":{"urlFilter":"||loemedia.nl/wp-content/uploads/*/BannerPruisSchilderwerken-","isUrlFilterCaseSensitive":false},"priority":1},{"id":215,"action":{"type":"block"},"condition":{"urlFilter":"||loemedia.nl/wp-content/uploads/*/HemaBannerGroot-","isUrlFilterCaseSensitive":false},"priority":1},{"id":216,"action":{"type":"block"},"condition":{"urlFilter":"||lokaleomroepzeewolde.nl/images/banners/","isUrlFilterCaseSensitive":false},"priority":1},{"id":217,"action":{"type":"block"},"condition":{"urlFilter":"||luister.nl/wp-content/uploads/*/Banner_","isUrlFilterCaseSensitive":false},"priority":1},{"id":218,"action":{"type":"block"},"condition":{"urlFilter":"||maarkelsnieuws.nl/banners/","isUrlFilterCaseSensitive":false},"priority":1},{"id":219,"action":{"type":"block"},"condition":{"urlFilter":"||maaslandradio.nl/wp-content/uploads/*/autodoc.","isUrlFilterCaseSensitive":false},"priority":1},{"id":220,"action":{"type":"block"},"condition":{"urlFilter":"||maaslandradio.nl/wp-content/uploads/*/Banner-","isUrlFilterCaseSensitive":false},"priority":1},{"id":221,"action":{"type":"block"},"condition":{"urlFilter":"||maaslandradio.nl/wp-content/uploads/*/Hekwerkland.","isUrlFilterCaseSensitive":false},"priority":1},{"id":222,"action":{"type":"block"},"condition":{"urlFilter":"||mandelnieuws.be^*/Sponsors/","isUrlFilterCaseSensitive":false},"priority":1},{"id":223,"action":{"type":"block"},"condition":{"urlFilter":"||mannennieuws.nl/wp-content/uploads/*-banner.","isUrlFilterCaseSensitive":false},"priority":1},{"id":224,"action":{"type":"block"},"condition":{"urlFilter":"||marktplaats.nl/*/api/complementary-listings?","isUrlFilterCaseSensitive":false},"priority":1},{"id":225,"action":{"type":"block"},"condition":{"urlFilter":"||meerdangewenst.nl^*/sponsors/","isUrlFilterCaseSensitive":false},"priority":1},{"id":226,"action":{"type":"block"},"condition":{"urlFilter":"||metalfan.nl/banners/","isUrlFilterCaseSensitive":false},"priority":1},{"id":227,"action":{"type":"block"},"condition":{"urlFilter":"||midvliet.nl/images/advertenties-","isUrlFilterCaseSensitive":false},"priority":1},{"id":228,"action":{"type":"block"},"condition":{"urlFilter":"||mo.be/sites/default/files/banners/","isUrlFilterCaseSensitive":false},"priority":1},{"id":229,"action":{"type":"block"},"condition":{"urlFilter":"||motocrossplanet.nl/banner/","isUrlFilterCaseSensitive":false},"priority":1},{"id":230,"action":{"type":"block"},"condition":{"urlFilter":"||motocrossplanet.nl/wwwuploads/banners/","isUrlFilterCaseSensitive":false},"priority":1},{"id":231,"action":{"type":"block"},"condition":{"urlFilter":"||motokicx.com/wp-content/uploads/*/BANNER-","isUrlFilterCaseSensitive":false},"priority":1},{"id":232,"action":{"type":"block"},"condition":{"urlFilter":"||motokicx.com/wp-content/uploads/*/Website-ad-","isUrlFilterCaseSensitive":false},"priority":1},{"id":233,"action":{"type":"block"},"condition":{"urlFilter":"||netonline.be/slices/banners/","isUrlFilterCaseSensitive":false},"priority":1},{"id":234,"action":{"type":"block"},"condition":{"urlFilter":"||nevobo.nl^*/sponsor/","isUrlFilterCaseSensitive":false},"priority":1},{"id":235,"action":{"type":"block"},"condition":{"urlFilter":"||niburu.co/images/banners/","isUrlFilterCaseSensitive":false},"priority":1},{"id":236,"action":{"type":"block"},"condition":{"urlFilter":"||nieuwsopbeeld.nl/wp-content/uploads/*/Advertentie-","isUrlFilterCaseSensitive":false},"priority":1},{"id":237,"action":{"type":"block"},"condition":{"urlFilter":"||nieuwsuitnijmegen.nl/gfx/banners/","isUrlFilterCaseSensitive":false},"priority":1},{"id":238,"action":{"type":"block"},"condition":{"urlFilter":"||nieuwsuitnijmegen.nl/uploads/banners/","isUrlFilterCaseSensitive":false},"priority":1},{"id":239,"action":{"type":"block"},"condition":{"urlFilter":"||noordkopcentraal.nl^*/banner_","isUrlFilterCaseSensitive":false},"priority":1},{"id":240,"action":{"type":"block"},"condition":{"urlFilter":"||notebookcheck.nl/fileadmin/Sonstiges/amaz_","resourceTypes":["xmlhttprequest"],"isUrlFilterCaseSensitive":false},"priority":101},{"id":241,"action":{"type":"block"},"condition":{"urlFilter":"||nrc.nl/tag/tag.js","isUrlFilterCaseSensitive":false},"priority":1},{"id":242,"action":{"type":"block"},"condition":{"urlFilter":"||omroeppenm.nl^*/banner/","isUrlFilterCaseSensitive":false},"priority":1},{"id":243,"action":{"type":"block"},"condition":{"urlFilter":"||onderwijsland.com/files/banners/","isUrlFilterCaseSensitive":false},"priority":1},{"id":244,"action":{"type":"block"},"condition":{"urlFilter":"||onderwijsland.com/files/partners/","isUrlFilterCaseSensitive":false},"priority":1},{"id":245,"action":{"type":"block"},"condition":{"urlFilter":"||onlinecorrectie.nl/cnc/","isUrlFilterCaseSensitive":false},"priority":1},{"id":246,"action":{"type":"block"},"condition":{"urlFilter":"||ontdek-amerika.nl/marketing/bartsbanner.gif","isUrlFilterCaseSensitive":false},"priority":1},{"id":247,"action":{"type":"block"},"condition":{"urlFilter":"||oogtv.nl/wp-content/banners/","isUrlFilterCaseSensitive":false},"priority":1},{"id":248,"action":{"type":"block"},"condition":{"urlFilter":"||oops.nl/banner/","isUrlFilterCaseSensitive":false},"priority":1},{"id":249,"action":{"type":"block"},"condition":{"urlFilter":"||openingsurengids.be/includes/js/checkblockv2.js","isUrlFilterCaseSensitive":false},"priority":1},{"id":250,"action":{"type":"block"},"condition":{"urlFilter":"||openingsurengids.be/template/images/publi/","isUrlFilterCaseSensitive":false},"priority":1},{"id":251,"action":{"type":"block"},"condition":{"urlFilter":"||opwindend.net/Promotie/","isUrlFilterCaseSensitive":false},"priority":1},{"id":252,"action":{"type":"block"},"condition":{"urlFilter":"||pdd-nos.nl/footer.html","isUrlFilterCaseSensitive":false},"priority":1},{"id":253,"action":{"type":"block"},"condition":{"urlFilter":"||persberichten.com/Images/Banners/","isUrlFilterCaseSensitive":false},"priority":1},{"id":254,"action":{"type":"block"},"condition":{"urlFilter":"||persberichten.com/Images/marcommit/","isUrlFilterCaseSensitive":false},"priority":1},{"id":255,"action":{"type":"block"},"condition":{"urlFilter":"||popinstituut.nl/wp-content/uploads/2014/02/Huren.nl","isUrlFilterCaseSensitive":false},"priority":1},{"id":256,"action":{"type":"block"},"condition":{"urlFilter":"||pornokartel.nl/wp-content/uploads/*/wp-script-leaderboard.gif","isUrlFilterCaseSensitive":false},"priority":1},{"id":257,"action":{"type":"block"},"condition":{"urlFilter":"||promootjesite.nl/images/affliateBanner/","isUrlFilterCaseSensitive":false},"priority":1},{"id":258,"action":{"type":"block"},"condition":{"urlFilter":"||puurnaturisme.nl/images/banners/","isUrlFilterCaseSensitive":false},"priority":1},{"id":259,"action":{"type":"block"},"condition":{"urlFilter":"||racexpress.nl/advertising/","isUrlFilterCaseSensitive":false},"priority":1},{"id":260,"action":{"type":"block"},"condition":{"urlFilter":"||racingnews365.nl/images/banners/","isUrlFilterCaseSensitive":false},"priority":1},{"id":261,"action":{"type":"block"},"condition":{"urlFilter":"||radioacacia.nl/sponsoren/","isUrlFilterCaseSensitive":false},"priority":1},{"id":262,"action":{"type":"block"},"condition":{"urlFilter":"||radioeenhoorn.nl/images/Maxaro-badkamers-tegels.png","isUrlFilterCaseSensitive":false},"priority":1},{"id":263,"action":{"type":"block"},"condition":{"urlFilter":"||radiolelystad.nl/images/stories/Banners/","isUrlFilterCaseSensitive":false},"priority":1},{"id":264,"action":{"type":"block"},"condition":{"urlFilter":"||radioluisteren.fm/ads/","isUrlFilterCaseSensitive":false},"priority":1},{"id":265,"action":{"type":"block"},"condition":{"urlFilter":"||radionl.fm/wp-content/uploads/*/Maxiaxi_","isUrlFilterCaseSensitive":false},"priority":1},{"id":266,"action":{"type":"block"},"condition":{"urlFilter":"||radiostadmontfoort.nl/cms/img/ads/","isUrlFilterCaseSensitive":false},"priority":1},{"id":267,"action":{"type":"block"},"condition":{"urlFilter":"||radiovisie.eu/wp-content/banners/","isUrlFilterCaseSensitive":false},"priority":1},{"id":268,"action":{"type":"block"},"condition":{"urlFilter":"||railhobby.nl/wp-content/uploads/*_banner-","isUrlFilterCaseSensitive":false},"priority":1},{"id":269,"action":{"type":"block"},"condition":{"urlFilter":"||rd.nl/deliver.js","isUrlFilterCaseSensitive":false},"priority":1},{"id":270,"action":{"type":"block"},"condition":{"urlFilter":"||resources.planetnine.com/scripts/","initiatorDomains":["topgear.nl","voetbalverslaafd.nl"],"isUrlFilterCaseSensitive":false},"priority":151},{"id":271,"action":{"type":"block"},"condition":{"urlFilter":"||retaildetail.be/sites/default/files/banner/","isUrlFilterCaseSensitive":false},"priority":1},{"id":272,"action":{"type":"block"},"condition":{"urlFilter":"||retaildetail.nl/sites/default/files/banner/","isUrlFilterCaseSensitive":false},"priority":1},{"id":273,"action":{"type":"block"},"condition":{"urlFilter":"||rickfm.nl/cwm/fm/userfiles/banner/","isUrlFilterCaseSensitive":false},"priority":1},{"id":274,"action":{"type":"block"},"condition":{"urlFilter":"||rivierenland-radio.nl/banners/","isUrlFilterCaseSensitive":false},"priority":1},{"id":275,"action":{"type":"block"},"condition":{"urlFilter":"||rtvdordrecht.nl/cwm/fm/userfiles/banner/","isUrlFilterCaseSensitive":false},"priority":1},{"id":276,"action":{"type":"block"},"condition":{"urlFilter":"||rtveen.nl/wp-content/uploads/*-Banner-","isUrlFilterCaseSensitive":false},"priority":1},{"id":277,"action":{"type":"block"},"condition":{"urlFilter":"||rtveen.nl/wp-content/uploads/*/banner-","isUrlFilterCaseSensitive":false},"priority":1},{"id":278,"action":{"type":"block"},"condition":{"urlFilter":"||rtvlansingerland.nl/wp-content/uploads/*/Zorgvilla.gif","isUrlFilterCaseSensitive":false},"priority":1},{"id":279,"action":{"type":"block"},"condition":{"urlFilter":"||rtvmaastricht.nl/banners/","isUrlFilterCaseSensitive":false},"priority":1},{"id":280,"action":{"type":"block"},"condition":{"urlFilter":"||rtvnof.nl/prowurk/","isUrlFilterCaseSensitive":false},"priority":1},{"id":281,"action":{"type":"block"},"condition":{"urlFilter":"||schie.nu/images/banner/","isUrlFilterCaseSensitive":false},"priority":1},{"id":282,"action":{"type":"block"},"condition":{"urlFilter":"||schuttevaer.nl/partnersites/","isUrlFilterCaseSensitive":false},"priority":1},{"id":283,"action":{"type":"block"},"condition":{"urlFilter":"||seksverhalen.org/telefoonsex.png","isUrlFilterCaseSensitive":false},"priority":1},{"id":284,"action":{"type":"block"},"condition":{"urlFilter":"||seksverhalen.org/vluggertjes.png","isUrlFilterCaseSensitive":false},"priority":1},{"id":285,"action":{"type":"block"},"condition":{"urlFilter":"||sexchatlounge.nl/bannerlinks.html","isUrlFilterCaseSensitive":false},"priority":1},{"id":286,"action":{"type":"block"},"condition":{"urlFilter":"||sexchatlounge.nl/bannerrechts.html","isUrlFilterCaseSensitive":false},"priority":1},{"id":287,"action":{"type":"block"},"condition":{"urlFilter":"||sexervaringendelen.nl/porno/","isUrlFilterCaseSensitive":false},"priority":1},{"id":288,"action":{"type":"block"},"condition":{"urlFilter":"||simone.nl/wp-content/uploads/*-banner-","isUrlFilterCaseSensitive":false},"priority":1},{"id":289,"action":{"type":"block"},"condition":{"urlFilter":"||simone.nl/wp-content/uploads/*-besteonderdelen.nl-","isUrlFilterCaseSensitive":false},"priority":1},{"id":290,"action":{"type":"block"},"condition":{"urlFilter":"||simone.nl/wp-content/uploads/*-onderdelenexpert.nl-","isUrlFilterCaseSensitive":false},"priority":1},{"id":291,"action":{"type":"block"},"condition":{"urlFilter":"||simone.nl/wp-content/uploads/*/tijdelijkkkkk.png","isUrlFilterCaseSensitive":false},"priority":1},{"id":292,"action":{"type":"block"},"condition":{"urlFilter":"||solarmagazine.nl/u/edwin/","isUrlFilterCaseSensitive":false},"priority":1},{"id":293,"action":{"type":"block"},"condition":{"urlFilter":"||spreekbuis.nl/wp-content/uploads/*-banner-","isUrlFilterCaseSensitive":false},"priority":1},{"id":294,"action":{"type":"block"},"condition":{"urlFilter":"||spreekbuis.nl/wp-content/uploads/*/Banner-","isUrlFilterCaseSensitive":false},"priority":1},{"id":295,"action":{"type":"block"},"condition":{"urlFilter":"||srherald.com/wp-content/banners/","isUrlFilterCaseSensitive":false},"priority":1},{"id":296,"action":{"type":"block"},"condition":{"urlFilter":"||streamwijzer.be/wp-content/uploads/*-banner.","isUrlFilterCaseSensitive":false},"priority":1},{"id":297,"action":{"type":"block"},"condition":{"urlFilter":"||te-les-koop.nl/images/B_","isUrlFilterCaseSensitive":false},"priority":1},{"id":298,"action":{"type":"block"},"condition":{"urlFilter":"||techgaming.nl/image_uploads/sponsored/","isUrlFilterCaseSensitive":false},"priority":1},{"id":299,"action":{"type":"block"},"condition":{"urlFilter":"||tennisplaza.be/wp-content/uploads/*/tennisdirect-","isUrlFilterCaseSensitive":false},"priority":1},{"id":300,"action":{"type":"block"},"condition":{"urlFilter":"||tennisvlaanderen.be/documents/*/19Sponsorblok-","isUrlFilterCaseSensitive":false},"priority":1},{"id":301,"action":{"type":"block"},"condition":{"urlFilter":"||tennisvlaanderen.be/documents/*/21Sponsorblok-","isUrlFilterCaseSensitive":false},"priority":1},{"id":302,"action":{"type":"block"},"condition":{"urlFilter":"||tijd.be/ad/","isUrlFilterCaseSensitive":false},"priority":1},{"id":303,"action":{"type":"block"},"condition":{"urlFilter":"||touretappe.nl/images/topposblock.html","isUrlFilterCaseSensitive":false},"priority":1},{"id":304,"action":{"type":"block"},"condition":{"urlFilter":"||touretappe.nl/images/xtra/","isUrlFilterCaseSensitive":false},"priority":1},{"id":305,"action":{"type":"block"},"condition":{"urlFilter":"||tpo.nl/broodplank/","isUrlFilterCaseSensitive":false},"priority":1},{"id":306,"action":{"type":"block"},"condition":{"urlFilter":"||tradeidee.nl/banners/","isUrlFilterCaseSensitive":false},"priority":1},{"id":307,"action":{"type":"block"},"condition":{"urlFilter":"||transport-online.nl/site/includes/uploads/banner-","isUrlFilterCaseSensitive":false},"priority":1},{"id":308,"action":{"type":"block"},"condition":{"urlFilter":"||twentefm.nl/directcast/custom/rtvnot/playout/commercials/","isUrlFilterCaseSensitive":false},"priority":1},{"id":309,"action":{"type":"block"},"condition":{"urlFilter":"||uecl-voetbal.nl/derden/","isUrlFilterCaseSensitive":false},"priority":1},{"id":310,"action":{"type":"block"},"condition":{"urlFilter":"||uel-voetbal.nl/derden/","isUrlFilterCaseSensitive":false},"priority":1},{"id":311,"action":{"type":"block"},"condition":{"urlFilter":"||uitslagen.nl/banner/","isUrlFilterCaseSensitive":false},"priority":1},{"id":312,"action":{"type":"block"},"condition":{"urlFilter":"||unity.nu^*/Banners/","isUrlFilterCaseSensitive":false},"priority":1},{"id":313,"action":{"type":"block"},"condition":{"urlFilter":"||vagina.nl/fish-hooks/fetch.json","isUrlFilterCaseSensitive":false},"priority":1},{"id":314,"action":{"type":"block"},"condition":{"urlFilter":"||vbro.be/wp-content/uploads/*/autoonderdelen24_","isUrlFilterCaseSensitive":false},"priority":1},{"id":315,"action":{"type":"block"},"condition":{"urlFilter":"||verkeerplaza.nl/js/banner.js","isUrlFilterCaseSensitive":false},"priority":1},{"id":316,"action":{"type":"block"},"condition":{"urlFilter":"||visserijnieuws.nl/images/banners/","isUrlFilterCaseSensitive":false},"priority":1},{"id":317,"action":{"type":"block"},"condition":{"urlFilter":"||vitesse.nl/assets/img/layout/etoro-logo.png","isUrlFilterCaseSensitive":false},"priority":1},{"id":318,"action":{"type":"block"},"condition":{"urlFilter":"||vitesse.nl^*_sponsors_footer.png","isUrlFilterCaseSensitive":false},"priority":1},{"id":319,"action":{"type":"block"},"condition":{"urlFilter":"||vives.nl/wp-content/uploads/*-Banner-","isUrlFilterCaseSensitive":false},"priority":1},{"id":320,"action":{"type":"block"},"condition":{"urlFilter":"||vives.nl/wp-content/uploads/Banner_","isUrlFilterCaseSensitive":false},"priority":1},{"id":321,"action":{"type":"block"},"condition":{"urlFilter":"||voetbalkrant.com/images/pub/","isUrlFilterCaseSensitive":false},"priority":1},{"id":322,"action":{"type":"block"},"condition":{"urlFilter":"||voetbalnederland.nl/img/bravo.gif","isUrlFilterCaseSensitive":false},"priority":1},{"id":323,"action":{"type":"block"},"condition":{"urlFilter":"||voetbalrotterdam.nl/wp-content/uploads/*/soccerdealbanner1170.jpg","isUrlFilterCaseSensitive":false},"priority":1},{"id":324,"action":{"type":"block"},"condition":{"urlFilter":"||volleybal.nl/uploads/images/Banners/","isUrlFilterCaseSensitive":false},"priority":1},{"id":325,"action":{"type":"block"},"condition":{"urlFilter":"||volleybal.nl/uploads/images/Logos/","isUrlFilterCaseSensitive":false},"priority":1},{"id":326,"action":{"type":"block"},"condition":{"urlFilter":"||vtm.be^*-achtergrond-","initiatorDomains":["koken.vtm.be"],"isUrlFilterCaseSensitive":false},"priority":201},{"id":327,"action":{"type":"block"},"condition":{"urlFilter":"||vtm.be^*-header-","initiatorDomains":["koken.vtm.be"],"isUrlFilterCaseSensitive":false},"priority":201},{"id":328,"action":{"type":"block"},"condition":{"urlFilter":"||waarzo.nl/imagestore/banners/","isUrlFilterCaseSensitive":false},"priority":1},{"id":329,"action":{"type":"block"},"condition":{"urlFilter":"||waarzo.nl/imagestore/site-banners/","isUrlFilterCaseSensitive":false},"priority":1},{"id":330,"action":{"type":"block"},"condition":{"urlFilter":"||waldnet.nl/images/ac/","isUrlFilterCaseSensitive":false},"priority":1},{"id":331,"action":{"type":"block"},"condition":{"urlFilter":"||wanttoknow.nl^*Banner","isUrlFilterCaseSensitive":false},"priority":1},{"id":332,"action":{"type":"block"},"condition":{"urlFilter":"||watersport-tv.nl/content/31400/pages/clnt/","isUrlFilterCaseSensitive":false},"priority":1},{"id":333,"action":{"type":"block"},"condition":{"urlFilter":"||webcam-aalsmeer.nl/media/banners/","isUrlFilterCaseSensitive":false},"priority":1},{"id":334,"action":{"type":"block"},"condition":{"urlFilter":"||webcam-aalsmeer.nl/media/banners2/","isUrlFilterCaseSensitive":false},"priority":1},{"id":335,"action":{"type":"block"},"condition":{"urlFilter":"||webcam-airport.nl/media/banners/","isUrlFilterCaseSensitive":false},"priority":1},{"id":336,"action":{"type":"block"},"condition":{"urlFilter":"||webcam-airport.nl/media/banners2/","isUrlFilterCaseSensitive":false},"priority":1},{"id":337,"action":{"type":"block"},"condition":{"urlFilter":"||webcam-binnenvaart.nl/media/banners/","isUrlFilterCaseSensitive":false},"priority":1},{"id":338,"action":{"type":"block"},"condition":{"urlFilter":"||webcam-binnenvaart.nl/media/banners2/","isUrlFilterCaseSensitive":false},"priority":1},{"id":339,"action":{"type":"block"},"condition":{"urlFilter":"||webcam-blokzijl.nl/media/banners/","isUrlFilterCaseSensitive":false},"priority":1},{"id":340,"action":{"type":"block"},"condition":{"urlFilter":"||webcam-blokzijl.nl/media/banners2/","isUrlFilterCaseSensitive":false},"priority":1},{"id":341,"action":{"type":"block"},"condition":{"urlFilter":"||webcam-brandaris.nl/media/banners/","isUrlFilterCaseSensitive":false},"priority":1},{"id":342,"action":{"type":"block"},"condition":{"urlFilter":"||webcam-brandaris.nl/media/banners2/","isUrlFilterCaseSensitive":false},"priority":1},{"id":343,"action":{"type":"block"},"condition":{"urlFilter":"||webcam-delfzijl.nl/media/banners/","isUrlFilterCaseSensitive":false},"priority":1},{"id":344,"action":{"type":"block"},"condition":{"urlFilter":"||webcam-delfzijl.nl/media/banners2/","isUrlFilterCaseSensitive":false},"priority":1},{"id":345,"action":{"type":"block"},"condition":{"urlFilter":"||webcam-denhelder.nl/media/banners/","isUrlFilterCaseSensitive":false},"priority":1},{"id":346,"action":{"type":"block"},"condition":{"urlFilter":"||webcam-denhelder.nl/media/banners2/","isUrlFilterCaseSensitive":false},"priority":1},{"id":347,"action":{"type":"block"},"condition":{"urlFilter":"||webcam-denoever.nl/media/banners/","isUrlFilterCaseSensitive":false},"priority":1},{"id":348,"action":{"type":"block"},"condition":{"urlFilter":"||webcam-denoever.nl/media/banners2/","isUrlFilterCaseSensitive":false},"priority":1},{"id":349,"action":{"type":"block"},"condition":{"urlFilter":"||webcam-dokkum.nl/media/banners/","isUrlFilterCaseSensitive":false},"priority":1},{"id":350,"action":{"type":"block"},"condition":{"urlFilter":"||webcam-dokkum.nl/media/banners2/","isUrlFilterCaseSensitive":false},"priority":1},{"id":351,"action":{"type":"block"},"condition":{"urlFilter":"||webcam-dordrecht.nl/media/banners/","isUrlFilterCaseSensitive":false},"priority":1},{"id":352,"action":{"type":"block"},"condition":{"urlFilter":"||webcam-dordrecht.nl/media/banners2/","isUrlFilterCaseSensitive":false},"priority":1},{"id":353,"action":{"type":"block"},"condition":{"urlFilter":"||webcam-enkhuizen.nl/media/banners/","isUrlFilterCaseSensitive":false},"priority":1},{"id":354,"action":{"type":"block"},"condition":{"urlFilter":"||webcam-enkhuizen.nl/media/banners2/","isUrlFilterCaseSensitive":false},"priority":1},{"id":355,"action":{"type":"block"},"condition":{"urlFilter":"||webcam-friesemeren.nl/media/banners/","isUrlFilterCaseSensitive":false},"priority":1},{"id":356,"action":{"type":"block"},"condition":{"urlFilter":"||webcam-friesemeren.nl/media/banners2/","isUrlFilterCaseSensitive":false},"priority":1},{"id":357,"action":{"type":"block"},"condition":{"urlFilter":"||webcam-grou.nl/media/banners/","isUrlFilterCaseSensitive":false},"priority":1},{"id":358,"action":{"type":"block"},"condition":{"urlFilter":"||webcam-grou.nl/media/banners2/","isUrlFilterCaseSensitive":false},"priority":1},{"id":359,"action":{"type":"block"},"condition":{"urlFilter":"||webcam-harlingen.nl/media/banners/","isUrlFilterCaseSensitive":false},"priority":1},{"id":360,"action":{"type":"block"},"condition":{"urlFilter":"||webcam-harlingen.nl/media/banners2/","isUrlFilterCaseSensitive":false},"priority":1},{"id":361,"action":{"type":"block"},"condition":{"urlFilter":"||webcam-havenijmuiden.nl/media/banners/","isUrlFilterCaseSensitive":false},"priority":1},{"id":362,"action":{"type":"block"},"condition":{"urlFilter":"||webcam-havenijmuiden.nl/media/banners2/","isUrlFilterCaseSensitive":false},"priority":1},{"id":363,"action":{"type":"block"},"condition":{"urlFilter":"||webcam-hindeloopen.nl/media/banners/","isUrlFilterCaseSensitive":false},"priority":1},{"id":364,"action":{"type":"block"},"condition":{"urlFilter":"||webcam-hindeloopen.nl/media/banners2/","isUrlFilterCaseSensitive":false},"priority":1},{"id":365,"action":{"type":"block"},"condition":{"urlFilter":"||webcam-hoekvanholland.nl/media/banners/","isUrlFilterCaseSensitive":false},"priority":1},{"id":366,"action":{"type":"block"},"condition":{"urlFilter":"||webcam-hoekvanholland.nl/media/banners2/","isUrlFilterCaseSensitive":false},"priority":1},{"id":367,"action":{"type":"block"},"condition":{"urlFilter":"||webcam-kampen.nl/media/banners/","isUrlFilterCaseSensitive":false},"priority":1},{"id":368,"action":{"type":"block"},"condition":{"urlFilter":"||webcam-kampen.nl/media/banners2/","isUrlFilterCaseSensitive":false},"priority":1},{"id":369,"action":{"type":"block"},"condition":{"urlFilter":"||webcam-lauwersoog.nl/media/banners/","isUrlFilterCaseSensitive":false},"priority":1},{"id":370,"action":{"type":"block"},"condition":{"urlFilter":"||webcam-lauwersoog.nl/media/banners2/","isUrlFilterCaseSensitive":false},"priority":1},{"id":371,"action":{"type":"block"},"condition":{"urlFilter":"||webcam-leeuwarden.nl/media/banners/","isUrlFilterCaseSensitive":false},"priority":1},{"id":372,"action":{"type":"block"},"condition":{"urlFilter":"||webcam-leeuwarden.nl/media/banners2/","isUrlFilterCaseSensitive":false},"priority":1},{"id":373,"action":{"type":"block"},"condition":{"urlFilter":"||webcam-lelystad.nl/media/banners/","isUrlFilterCaseSensitive":false},"priority":1},{"id":374,"action":{"type":"block"},"condition":{"urlFilter":"||webcam-lelystad.nl/media/banners2/","isUrlFilterCaseSensitive":false},"priority":1},{"id":375,"action":{"type":"block"},"condition":{"urlFilter":"||webcam-maassluis.nl/media/banners/","isUrlFilterCaseSensitive":false},"priority":1},{"id":376,"action":{"type":"block"},"condition":{"urlFilter":"||webcam-maassluis.nl/media/banners2/","isUrlFilterCaseSensitive":false},"priority":1},{"id":377,"action":{"type":"block"},"condition":{"urlFilter":"||webcam-maastricht.nl/media/banners/","isUrlFilterCaseSensitive":false},"priority":1},{"id":378,"action":{"type":"block"},"condition":{"urlFilter":"||webcam-maastricht.nl/media/banners2/","isUrlFilterCaseSensitive":false},"priority":1},{"id":379,"action":{"type":"block"},"condition":{"urlFilter":"||webcam-marken.nl/media/banners/","isUrlFilterCaseSensitive":false},"priority":1},{"id":380,"action":{"type":"block"},"condition":{"urlFilter":"||webcam-marken.nl/media/banners2/","isUrlFilterCaseSensitive":false},"priority":1},{"id":381,"action":{"type":"block"},"condition":{"urlFilter":"||webcam-monnickendam.nl/media/banners/","isUrlFilterCaseSensitive":false},"priority":1},{"id":382,"action":{"type":"block"},"condition":{"urlFilter":"||webcam-monnickendam.nl/media/banners2/","isUrlFilterCaseSensitive":false},"priority":1},{"id":383,"action":{"type":"block"},"condition":{"urlFilter":"||webcam-rotterdam.nl/media/banners/","isUrlFilterCaseSensitive":false},"priority":1},{"id":384,"action":{"type":"block"},"condition":{"urlFilter":"||webcam-rotterdam.nl/media/banners2/","isUrlFilterCaseSensitive":false},"priority":1},{"id":385,"action":{"type":"block"},"condition":{"urlFilter":"||webcam-sneek.nl/media/banners/","isUrlFilterCaseSensitive":false},"priority":1},{"id":386,"action":{"type":"block"},"condition":{"urlFilter":"||webcam-sneek.nl/media/banners2/","isUrlFilterCaseSensitive":false},"priority":1},{"id":387,"action":{"type":"block"},"condition":{"urlFilter":"||webcam-terneuzen.nl/media/banners/","isUrlFilterCaseSensitive":false},"priority":1},{"id":388,"action":{"type":"block"},"condition":{"urlFilter":"||webcam-terneuzen.nl/media/banners2/","isUrlFilterCaseSensitive":false},"priority":1},{"id":389,"action":{"type":"block"},"condition":{"urlFilter":"||webcam-vlaardingen.nl/media/banners/","isUrlFilterCaseSensitive":false},"priority":1},{"id":390,"action":{"type":"block"},"condition":{"urlFilter":"||webcam-vlaardingen.nl/media/banners2/","isUrlFilterCaseSensitive":false},"priority":1},{"id":391,"action":{"type":"block"},"condition":{"urlFilter":"||webcam-volendam.nl/media/banners/","isUrlFilterCaseSensitive":false},"priority":1},{"id":392,"action":{"type":"block"},"condition":{"urlFilter":"||webcam-volendam.nl/media/banners2/","isUrlFilterCaseSensitive":false},"priority":1},{"id":393,"action":{"type":"block"},"condition":{"urlFilter":"||webcam-workum.nl//media/banners/","isUrlFilterCaseSensitive":false},"priority":1},{"id":394,"action":{"type":"block"},"condition":{"urlFilter":"||webcam-workum.nl/media/banners2/","isUrlFilterCaseSensitive":false},"priority":1},{"id":395,"action":{"type":"block"},"condition":{"urlFilter":"||webcam-zaanzicht.nl/media/banners/","isUrlFilterCaseSensitive":false},"priority":1},{"id":396,"action":{"type":"block"},"condition":{"urlFilter":"||webcam-zaanzicht.nl/media/banners2/","isUrlFilterCaseSensitive":false},"priority":1},{"id":397,"action":{"type":"block"},"condition":{"urlFilter":"||webcam-zoutkamp.nl/media/banners/","isUrlFilterCaseSensitive":false},"priority":1},{"id":398,"action":{"type":"block"},"condition":{"urlFilter":"||webcam-zoutkamp.nl/media/banners2/","isUrlFilterCaseSensitive":false},"priority":1},{"id":399,"action":{"type":"block"},"condition":{"urlFilter":"||webcam-zwartsluis.nl/media/banners/","isUrlFilterCaseSensitive":false},"priority":1},{"id":400,"action":{"type":"block"},"condition":{"urlFilter":"||webcam-zwartsluis.nl/media/banners2/","isUrlFilterCaseSensitive":false},"priority":1},{"id":401,"action":{"type":"block"},"condition":{"urlFilter":"||webcams-ameland.nl/media/banners/","isUrlFilterCaseSensitive":false},"priority":1},{"id":402,"action":{"type":"block"},"condition":{"urlFilter":"||webcams-ameland.nl/media/banners2/","isUrlFilterCaseSensitive":false},"priority":1},{"id":403,"action":{"type":"block"},"condition":{"urlFilter":"||webcams-scheveningen.nl/media/banners/","isUrlFilterCaseSensitive":false},"priority":1},{"id":404,"action":{"type":"block"},"condition":{"urlFilter":"||webcams-scheveningen.nl/media/banners2/","isUrlFilterCaseSensitive":false},"priority":1},{"id":405,"action":{"type":"block"},"condition":{"urlFilter":"||webcams-texel.nl/media/banners/","isUrlFilterCaseSensitive":false},"priority":1},{"id":406,"action":{"type":"block"},"condition":{"urlFilter":"||webcams-texel.nl/media/banners2/","isUrlFilterCaseSensitive":false},"priority":1},{"id":407,"action":{"type":"block"},"condition":{"urlFilter":"||webcams-vlissingen.nl/media/banners/","isUrlFilterCaseSensitive":false},"priority":1},{"id":408,"action":{"type":"block"},"condition":{"urlFilter":"||webcams-vlissingen.nl/media/banners2/","isUrlFilterCaseSensitive":false},"priority":1},{"id":409,"action":{"type":"block"},"condition":{"urlFilter":"||webcamschiermonnikoog.nl/media/banners/","isUrlFilterCaseSensitive":false},"priority":1},{"id":410,"action":{"type":"block"},"condition":{"urlFilter":"||webcamschiermonnikoog.nl/media/banners2/","isUrlFilterCaseSensitive":false},"priority":1},{"id":411,"action":{"type":"block"},"condition":{"urlFilter":"||webcamvlieland.nl/media/banners/","isUrlFilterCaseSensitive":false},"priority":1},{"id":412,"action":{"type":"block"},"condition":{"urlFilter":"||webcamvlieland.nl/media/banners2/","isUrlFilterCaseSensitive":false},"priority":1},{"id":413,"action":{"type":"block"},"condition":{"urlFilter":"||webstick.nl/images/images-ads/","isUrlFilterCaseSensitive":false},"priority":1},{"id":414,"action":{"type":"block"},"condition":{"urlFilter":"||wereldstopcontacten.nl/wp-content/uploads/*/image-aff-nl.jpg","isUrlFilterCaseSensitive":false},"priority":1},{"id":415,"action":{"type":"block"},"condition":{"urlFilter":"||wieringernieuws.nl/gfx/ads/","isUrlFilterCaseSensitive":false},"priority":1},{"id":416,"action":{"type":"block"},"condition":{"urlFilter":"||wijchensnieuws.nl/uploads/banners/","isUrlFilterCaseSensitive":false},"priority":1},{"id":417,"action":{"type":"block"},"condition":{"urlFilter":"||wildfm.nl/wp-content/uploads/*/thumbnail_image002.png","isUrlFilterCaseSensitive":false},"priority":1},{"id":418,"action":{"type":"block"},"condition":{"urlFilter":"||willem-ii.nl/banner/","isUrlFilterCaseSensitive":false},"priority":1},{"id":419,"action":{"type":"block"},"condition":{"urlFilter":"||wp.com/amsterdamactueel.nl/wp-content/uploads/*/728x60_","isUrlFilterCaseSensitive":false},"priority":1},{"id":420,"action":{"type":"block"},"condition":{"urlFilter":"||wp.com/romagazine.nl/14nwsite/wp-content/uploads/2021/07/amstelveen.jpg","isUrlFilterCaseSensitive":false},"priority":1},{"id":421,"action":{"type":"block"},"condition":{"urlFilter":"||wp.com/romagazine.nl/14nwsite/wp-content/uploads/2021/07/Coordinatoromgevingsvergunningen-Rijksoverheid-","isUrlFilterCaseSensitive":false},"priority":1},{"id":422,"action":{"type":"block"},"condition":{"urlFilter":"||wp.com/romagazine.nl/14nwsite/wp-content/uploads/2021/07/enschede.png","isUrlFilterCaseSensitive":false},"priority":1},{"id":423,"action":{"type":"block"},"condition":{"urlFilter":"||wp.com/romagazine.nl/14nwsite/wp-content/uploads/2021/07/rijksoverheid-","isUrlFilterCaseSensitive":false},"priority":1},{"id":424,"action":{"type":"block"},"condition":{"urlFilter":"||wp.com/romagazine.nl/14nwsite/wp-content/uploads/2021/07/seniorprojectleideralmelo.jpg","isUrlFilterCaseSensitive":false},"priority":1},{"id":425,"action":{"type":"block"},"condition":{"urlFilter":"||wp.com/www.appletips.nl/wp-content/uploads/amacdeals.jpg","isUrlFilterCaseSensitive":false},"priority":1},{"id":426,"action":{"type":"block"},"condition":{"urlFilter":"||wp.com/www.appletips.nl/wp-content/uploads/cnmx.png","isUrlFilterCaseSensitive":false},"priority":1},{"id":427,"action":{"type":"block"},"condition":{"urlFilter":"||wp.com/www.appletips.nl/wp-content/uploads/upgreatest1.png","isUrlFilterCaseSensitive":false},"priority":1},{"id":428,"action":{"type":"block"},"condition":{"urlFilter":"||wp.com/www.regionoordkop.nl/wp-content/uploads/*/banner-","isUrlFilterCaseSensitive":false},"priority":1},{"id":429,"action":{"type":"block"},"condition":{"urlFilter":"||wp.com/www.regionoordkop.nl/wp-content/uploads/*/Bdijknov2016336x280.gif","isUrlFilterCaseSensitive":false},"priority":1},{"id":430,"action":{"type":"block"},"condition":{"urlFilter":"||wp.com/www.regionoordkop.nl/wp-content/uploads/*/Costa.jpg","isUrlFilterCaseSensitive":false},"priority":1},{"id":431,"action":{"type":"block"},"condition":{"urlFilter":"||yachtfocus.com^*/bnr/","isUrlFilterCaseSensitive":false},"priority":1},{"id":432,"action":{"type":"block"},"condition":{"urlFilter":"||zilverengoudkopen.nl/banners/","isUrlFilterCaseSensitive":false},"priority":1},{"id":433,"action":{"type":"block"},"condition":{"urlFilter":"||zoekhulp.nl/img/bnr-","isUrlFilterCaseSensitive":false},"priority":1},{"id":434,"action":{"type":"block"},"condition":{"urlFilter":"||zwartewaterfm.nl/images/SponsorenZwarteWaterFM.jpg","isUrlFilterCaseSensitive":false},"priority":1},{"id":435,"action":{"type":"allow"},"condition":{"urlFilter":"||2mdn.net/instream/html5/ima3.js","initiatorDomains":["autoblog.bbvms.com","omroepbrabant.nl"],"resourceTypes":["script"],"isUrlFilterCaseSensitive":false},"priority":100251},{"id":436,"action":{"type":"allow"},"condition":{"urlFilter":"||ads.nextday.media/prebid/jw-video/7.43.0.min.js","initiatorDomains":["vi.nl"],"isUrlFilterCaseSensitive":false},"priority":100201},{"id":437,"action":{"type":"allow"},"condition":{"urlFilter":"||ads.viralize.tv/display/?zid=","initiatorDomains":["crime-nieuws.nl"],"resourceTypes":["script"],"isUrlFilterCaseSensitive":false},"priority":100301},{"id":438,"action":{"type":"allow"},"condition":{"urlFilter":"||advertising-module.api.dpgmedia.cloud/video/","initiatorDomains":["sportnieuws.nl"],"resourceTypes":["xmlhttprequest"],"isUrlFilterCaseSensitive":false},"priority":100301},{"id":439,"action":{"type":"allow"},"condition":{"urlFilter":"||aka.spotxcdn.com/integration/ados/v1/ados.js","initiatorDomains":["radioluisteren.fm"],"resourceTypes":["script"],"isUrlFilterCaseSensitive":false},"priority":100301},{"id":440,"action":{"type":"allow"},"condition":{"urlFilter":"||cdn.bluebillywig.com/scripts/prebid/*/bluebillywig_pbjs.js","initiatorDomains":["autoblog.bbvms.com"],"resourceTypes":["script"],"isUrlFilterCaseSensitive":false},"priority":100301},{"id":441,"action":{"type":"allow"},"condition":{"urlFilter":"||cdn.spotxcdn.com/integration/easi/v1/easi.js","initiatorDomains":["radioluisteren.fm"],"resourceTypes":["script"],"isUrlFilterCaseSensitive":false},"priority":100301},{"id":442,"action":{"type":"allow"},"condition":{"urlFilter":"||files.skoften.net/website/lib/vjs/plugins/ads/videojs.ads.min.js","domainType":"firstParty","resourceTypes":["script"],"isUrlFilterCaseSensitive":false},"priority":100102},{"id":443,"action":{"type":"allow"},"condition":{"urlFilter":"||imasdk.googleapis.com/js/core/bridge*.html","initiatorDomains":["vtm.be"],"resourceTypes":["sub_frame"],"isUrlFilterCaseSensitive":false},"priority":100301},{"id":444,"action":{"type":"allow"},"condition":{"urlFilter":"||imasdk.googleapis.com/js/sdkloader/ima3.js","initiatorDomains":["crime-nieuws.nl","dailybuzz.nl","skoften.net","sportnieuws.nl","vtm.be","weerplaza.nl"],"isUrlFilterCaseSensitive":false},"priority":100118},{"id":445,"action":{"type":"allow"},"condition":{"urlFilter":"||improvedigital.com/pbw/headerlift.min.js","initiatorDomains":["spelletjes.nl"],"isUrlFilterCaseSensitive":false},"priority":100201},{"id":446,"action":{"type":"allow"},"condition":{"urlFilter":"||js.spotx.tv/ados/v1/106185.js","initiatorDomains":["radioluisteren.fm"],"resourceTypes":["script"],"isUrlFilterCaseSensitive":false},"priority":100301},{"id":447,"action":{"type":"allow"},"condition":{"urlFilter":"||massariuscdn.com/pubs/","initiatorDomains":["dailybuzz.nl","radio.nl","welingelichtekringen.nl"],"resourceTypes":["script"],"isUrlFilterCaseSensitive":false},"priority":100235},{"id":448,"action":{"type":"allow"},"condition":{"urlFilter":"||mmcdn.nl/tags/vkmag.com/pagina.js","initiatorDomains":["vkmag.com"],"resourceTypes":["script"],"isUrlFilterCaseSensitive":false},"priority":100301},{"id":449,"action":{"type":"allow"},"condition":{"urlFilter":"||monetize-static.viralize.tv/viralize_player_content.","initiatorDomains":["crime-nieuws.nl"],"resourceTypes":["script"],"isUrlFilterCaseSensitive":false},"priority":100301},{"id":450,"action":{"type":"allow"},"condition":{"urlFilter":"||search.spotxchange.com/js/spotx.js","initiatorDomains":["radioluisteren.fm"],"resourceTypes":["script"],"isUrlFilterCaseSensitive":false},"priority":100301},{"id":451,"action":{"type":"allow"},"condition":{"urlFilter":"||sync.search.spotxchange.com/partner?source=easi","initiatorDomains":["radioluisteren.fm"],"resourceTypes":["image"],"isUrlFilterCaseSensitive":false},"priority":100301},{"id":452,"action":{"type":"allow"},"condition":{"urlFilter":"||tools.vpscash.nl/datingv3/docs/plug_and_play/","initiatorDomains":["flirtmee.nl"],"resourceTypes":["sub_frame"],"isUrlFilterCaseSensitive":false},"priority":100301},{"id":453,"action":{"type":"allow"},"condition":{"urlFilter":"||images.2dehands.com/api/v1/listing-twh-p/images/ad/","initiatorDomains":["2dehands.be"],"resourceTypes":["image"],"isUrlFilterCaseSensitive":false},"priority":100301},{"id":454,"action":{"type":"allow"},"condition":{"urlFilter":"||showmodeluitverkoop.nl/upload/advertentie/","isUrlFilterCaseSensitive":false},"priority":100001},{"id":455,"action":{"type":"allow"},"condition":{"urlFilter":"||sliedrecht24.nl/wp-content/uploads/2022/02/Banner-300x250-1.jpg.webp","isUrlFilterCaseSensitive":false},"priority":100001},{"id":456,"action":{"type":"allow"},"condition":{"urlFilter":"||te-les-koop.nl/advertenties.php","isUrlFilterCaseSensitive":false},"priority":100001},{"id":457,"action":{"type":"allow"},"condition":{"urlFilter":"||zilverengoudkopen.nl/banners/header.jpg","isUrlFilterCaseSensitive":false},"priority":100001},{"id":458,"action":{"type":"allow"},"condition":{"urlFilter":"||zilverengoudkopen.nl/banners/onder.jpg","isUrlFilterCaseSensitive":false},"priority":100001},{"id":459,"action":{"type":"allow"},"condition":{"urlFilter":"||vinatera.be/wp-content/uploads/*_300x600.","domainType":"firstParty","resourceTypes":["image"],"isUrlFilterCaseSensitive":false},"priority":100102}]