[{"id":1,"action":{"type":"block"},"condition":{"urlFilter":"||213.8.137.51^","isUrlFilterCaseSensitive":false},"priority":1},{"id":2,"action":{"type":"block"},"condition":{"urlFilter":"||activated.co.il^","domainType":"thirdParty","isUrlFilterCaseSensitive":false},"priority":2},{"id":3,"action":{"type":"block"},"condition":{"urlFilter":"||activetrail.biz^","domainType":"thirdParty","isUrlFilterCaseSensitive":false},"priority":2},{"id":4,"action":{"type":"block"},"condition":{"urlFilter":"||adland.co.il^","domainType":"thirdParty","isUrlFilterCaseSensitive":false},"priority":2},{"id":5,"action":{"type":"block"},"condition":{"urlFilter":"||clickon.co.il^","domainType":"thirdParty","isUrlFilterCaseSensitive":false},"priority":2},{"id":6,"action":{"type":"block"},"condition":{"urlFilter":"||erate.co.il^","domainType":"thirdParty","isUrlFilterCaseSensitive":false},"priority":2},{"id":7,"action":{"type":"block"},"condition":{"urlFilter":"||gitam.1host.co.il^","domainType":"thirdParty","isUrlFilterCaseSensitive":false},"priority":2},{"id":8,"action":{"type":"block"},"condition":{"urlFilter":"||jwtdigital-media.co.il^","domainType":"thirdParty","excludedResourceTypes":["font"],"isUrlFilterCaseSensitive":false},"priority":3},{"id":9,"action":{"type":"block"},"condition":{"urlFilter":"||linicom.co.il^","domainType":"thirdParty","isUrlFilterCaseSensitive":false},"priority":2},{"id":10,"action":{"type":"block"},"condition":{"urlFilter":"||media.adextent.com^","domainType":"thirdParty","isUrlFilterCaseSensitive":false},"priority":2},{"id":11,"action":{"type":"block"},"condition":{"urlFilter":"||media.foxweb.co.il^","domainType":"thirdParty","isUrlFilterCaseSensitive":false},"priority":2},{"id":12,"action":{"type":"block"},"condition":{"urlFilter":"||mimgoal.com^","domainType":"thirdParty","isUrlFilterCaseSensitive":false},"priority":2},{"id":13,"action":{"type":"block"},"condition":{"urlFilter":"||mitbahon.co.il^","domainType":"thirdParty","isUrlFilterCaseSensitive":false},"priority":2},{"id":14,"action":{"type":"block"},"condition":{"urlFilter":"||next-net.co.il^","domainType":"thirdParty","isUrlFilterCaseSensitive":false},"priority":2},{"id":15,"action":{"type":"block"},"condition":{"urlFilter":"||sekindo.com^","domainType":"thirdParty","isUrlFilterCaseSensitive":false},"priority":2},{"id":16,"action":{"type":"block"},"condition":{"urlFilter":"||talkahead.com^","domainType":"thirdParty","isUrlFilterCaseSensitive":false},"priority":2},{"id":17,"action":{"type":"block"},"condition":{"urlFilter":"||trustmedia.co.il^","domainType":"thirdParty","isUrlFilterCaseSensitive":false},"priority":2},{"id":18,"action":{"type":"block"},"condition":{"urlFilter":"||upapi.net^","domainType":"thirdParty","isUrlFilterCaseSensitive":false},"priority":2},{"id":19,"action":{"type":"block"},"condition":{"urlFilter":"||valuad.cloud^","domainType":"thirdParty","isUrlFilterCaseSensitive":false},"priority":2},{"id":20,"action":{"type":"block"},"condition":{"urlFilter":"||webid.co.il/b144/","domainType":"thirdParty","isUrlFilterCaseSensitive":false},"priority":2},{"id":21,"action":{"type":"block"},"condition":{"urlFilter":"||wee.co.il^","domainType":"thirdParty","excludedInitiatorDomains":["askoli.co.il"],"isUrlFilterCaseSensitive":false},"priority":3},{"id":22,"action":{"type":"block"},"condition":{"urlFilter":"||wesell.co.il^","domainType":"thirdParty","isUrlFilterCaseSensitive":false},"priority":2},{"id":23,"action":{"type":"block"},"condition":{"urlFilter":"||ws.walla.co.il^","domainType":"thirdParty","isUrlFilterCaseSensitive":false},"priority":2},{"id":24,"action":{"type":"block"},"condition":{"urlFilter":"||3dots.co.il^","domainType":"thirdParty","excludedInitiatorDomains":["maple-team.com"],"isUrlFilterCaseSensitive":false},"priority":3},{"id":25,"action":{"type":"block"},"condition":{"urlFilter":"||cdn.mdigital.co.il^","domainType":"thirdParty","isUrlFilterCaseSensitive":false},"priority":2},{"id":26,"action":{"type":"block"},"condition":{"urlFilter":"||shorter.co.il/js/fp.js.php","isUrlFilterCaseSensitive":false},"priority":1},{"id":27,"action":{"type":"block"},"condition":{"urlFilter":"||07af698ea8a2a5a789b79c2d75ba83d3.com^","domainType":"thirdParty","isUrlFilterCaseSensitive":false},"priority":2},{"id":28,"action":{"type":"block"},"condition":{"urlFilter":"||102320fef81194c7b0c7c6bbe64d845d.com^","domainType":"thirdParty","isUrlFilterCaseSensitive":false},"priority":2},{"id":29,"action":{"type":"block"},"condition":{"urlFilter":"||11a5ade414a6a4b9969685db9e96b193.com^","domainType":"thirdParty","isUrlFilterCaseSensitive":false},"priority":2},{"id":30,"action":{"type":"block"},"condition":{"urlFilter":"||122949d67b35f6c3372bfa3b4a3b8a1e.com^","domainType":"thirdParty","isUrlFilterCaseSensitive":false},"priority":2},{"id":31,"action":{"type":"block"},"condition":{"urlFilter":"||166460e61382a8ab15094a0fb111cc1b.com^","domainType":"thirdParty","isUrlFilterCaseSensitive":false},"priority":2},{"id":32,"action":{"type":"block"},"condition":{"urlFilter":"||1f50dd61ec6bc6a1b98ae412ea4d812f.com^","domainType":"thirdParty","isUrlFilterCaseSensitive":false},"priority":2},{"id":33,"action":{"type":"block"},"condition":{"urlFilter":"||21635bfdc5175ce523de634889b83c39.com^","domainType":"thirdParty","isUrlFilterCaseSensitive":false},"priority":2},{"id":34,"action":{"type":"block"},"condition":{"urlFilter":"||22e83777b5823d5a95d63948737fb965.com^","domainType":"thirdParty","isUrlFilterCaseSensitive":false},"priority":2},{"id":35,"action":{"type":"block"},"condition":{"urlFilter":"||29aac8974ae5d04e1df65c27f4405615.com^","domainType":"thirdParty","isUrlFilterCaseSensitive":false},"priority":2},{"id":36,"action":{"type":"block"},"condition":{"urlFilter":"||48c5d27faef8b635e99e00ef9b5fd0cd.com^","domainType":"thirdParty","isUrlFilterCaseSensitive":false},"priority":2},{"id":37,"action":{"type":"block"},"condition":{"urlFilter":"||530d4fe852707f9c754106c40642dbba.com^","domainType":"thirdParty","isUrlFilterCaseSensitive":false},"priority":2},{"id":38,"action":{"type":"block"},"condition":{"urlFilter":"||65c95461c6e393d6c0d692e3dfb1bcb0.com^","domainType":"thirdParty","isUrlFilterCaseSensitive":false},"priority":2},{"id":39,"action":{"type":"block"},"condition":{"urlFilter":"||7795bfb724d4b16306823af218bc11fd.com^","domainType":"thirdParty","isUrlFilterCaseSensitive":false},"priority":2},{"id":40,"action":{"type":"block"},"condition":{"urlFilter":"||d8737fad2b67f17837092e422ff435c7.com^","domainType":"thirdParty","isUrlFilterCaseSensitive":false},"priority":2},{"id":41,"action":{"type":"block"},"condition":{"urlFilter":"||ea737463bdf5d652a88657bc3846c56b.com^","domainType":"thirdParty","isUrlFilterCaseSensitive":false},"priority":2},{"id":42,"action":{"type":"block"},"condition":{"urlFilter":"||agecdn.me^","domainType":"thirdParty","isUrlFilterCaseSensitive":false},"priority":2},{"id":43,"action":{"type":"block"},"condition":{"urlFilter":"||akamhd.com^","domainType":"thirdParty","isUrlFilterCaseSensitive":false},"priority":2},{"id":44,"action":{"type":"block"},"condition":{"urlFilter":"||amazuk.com^","domainType":"thirdParty","isUrlFilterCaseSensitive":false},"priority":2},{"id":45,"action":{"type":"block"},"condition":{"urlFilter":"||apiscdn.com^","domainType":"thirdParty","isUrlFilterCaseSensitive":false},"priority":2},{"id":46,"action":{"type":"block"},"condition":{"urlFilter":"||asermtawlfs.xyz^","domainType":"thirdParty","isUrlFilterCaseSensitive":false},"priority":2},{"id":47,"action":{"type":"block"},"condition":{"urlFilter":"||bakkels.com^","domainType":"thirdParty","isUrlFilterCaseSensitive":false},"priority":2},{"id":48,"action":{"type":"block"},"condition":{"urlFilter":"||bargainpricedude.com^","domainType":"thirdParty","isUrlFilterCaseSensitive":false},"priority":2},{"id":49,"action":{"type":"block"},"condition":{"urlFilter":"||beerforthepipl.com^","domainType":"thirdParty","isUrlFilterCaseSensitive":false},"priority":2},{"id":50,"action":{"type":"block"},"condition":{"urlFilter":"||benchmarkingstuff.com^","domainType":"thirdParty","isUrlFilterCaseSensitive":false},"priority":2},{"id":51,"action":{"type":"block"},"condition":{"urlFilter":"||bluesli.de^","domainType":"thirdParty","isUrlFilterCaseSensitive":false},"priority":2},{"id":52,"action":{"type":"block"},"condition":{"urlFilter":"||bool.bid^","domainType":"thirdParty","isUrlFilterCaseSensitive":false},"priority":2},{"id":53,"action":{"type":"block"},"condition":{"urlFilter":"||boostquery.com^","domainType":"thirdParty","isUrlFilterCaseSensitive":false},"priority":2},{"id":54,"action":{"type":"block"},"condition":{"urlFilter":"||boritra.com^","domainType":"thirdParty","isUrlFilterCaseSensitive":false},"priority":2},{"id":55,"action":{"type":"block"},"condition":{"urlFilter":"||bostonparadise.com^","domainType":"thirdParty","isUrlFilterCaseSensitive":false},"priority":2},{"id":56,"action":{"type":"block"},"condition":{"urlFilter":"||bostonwall.com^","domainType":"thirdParty","isUrlFilterCaseSensitive":false},"priority":2},{"id":57,"action":{"type":"block"},"condition":{"urlFilter":"||bulgarine.com^","domainType":"thirdParty","isUrlFilterCaseSensitive":false},"priority":2},{"id":58,"action":{"type":"block"},"condition":{"urlFilter":"||cdnic.site^","domainType":"thirdParty","isUrlFilterCaseSensitive":false},"priority":2},{"id":59,"action":{"type":"block"},"condition":{"urlFilter":"||cloodfront.com^","domainType":"thirdParty","isUrlFilterCaseSensitive":false},"priority":2},{"id":60,"action":{"type":"block"},"condition":{"urlFilter":"||cloudbit.rocks^","domainType":"thirdParty","isUrlFilterCaseSensitive":false},"priority":2},{"id":61,"action":{"type":"block"},"condition":{"urlFilter":"||cloudboost.co.il^","domainType":"thirdParty","isUrlFilterCaseSensitive":false},"priority":2},{"id":62,"action":{"type":"block"},"condition":{"urlFilter":"||cloudflame.co.il^","domainType":"thirdParty","isUrlFilterCaseSensitive":false},"priority":2},{"id":63,"action":{"type":"block"},"condition":{"urlFilter":"||corruptcy.com^","domainType":"thirdParty","isUrlFilterCaseSensitive":false},"priority":2},{"id":64,"action":{"type":"block"},"condition":{"urlFilter":"||dascasdw.xyz^","domainType":"thirdParty","isUrlFilterCaseSensitive":false},"priority":2},{"id":65,"action":{"type":"block"},"condition":{"urlFilter":"||depresis.com^","domainType":"thirdParty","isUrlFilterCaseSensitive":false},"priority":2},{"id":66,"action":{"type":"block"},"condition":{"urlFilter":"||dfskgmrepts.com^","domainType":"thirdParty","isUrlFilterCaseSensitive":false},"priority":2},{"id":67,"action":{"type":"block"},"condition":{"urlFilter":"||enstatic.net^","domainType":"thirdParty","isUrlFilterCaseSensitive":false},"priority":2},{"id":68,"action":{"type":"block"},"condition":{"urlFilter":"||goodluckblockingthis.com^","domainType":"thirdParty","isUrlFilterCaseSensitive":false},"priority":2},{"id":69,"action":{"type":"block"},"condition":{"urlFilter":"||hallucius.com^","domainType":"thirdParty","isUrlFilterCaseSensitive":false},"priority":2},{"id":70,"action":{"type":"block"},"condition":{"urlFilter":"||havinates.com^","domainType":"thirdParty","isUrlFilterCaseSensitive":false},"priority":2},{"id":71,"action":{"type":"block"},"condition":{"urlFilter":"||helpkidsnow.xyz^","domainType":"thirdParty","isUrlFilterCaseSensitive":false},"priority":2},{"id":72,"action":{"type":"block"},"condition":{"urlFilter":"||heravda.com^","domainType":"thirdParty","isUrlFilterCaseSensitive":false},"priority":2},{"id":73,"action":{"type":"block"},"condition":{"urlFilter":"||houstion.com^","domainType":"thirdParty","isUrlFilterCaseSensitive":false},"priority":2},{"id":74,"action":{"type":"block"},"condition":{"urlFilter":"||hulahooprect.com^","domainType":"thirdParty","isUrlFilterCaseSensitive":false},"priority":2},{"id":75,"action":{"type":"block"},"condition":{"urlFilter":"||ifreedns.org^","domainType":"thirdParty","isUrlFilterCaseSensitive":false},"priority":2},{"id":76,"action":{"type":"block"},"condition":{"urlFilter":"||ilovedomains.pw^","domainType":"thirdParty","isUrlFilterCaseSensitive":false},"priority":2},{"id":77,"action":{"type":"block"},"condition":{"urlFilter":"||indeterman.com^","domainType":"thirdParty","isUrlFilterCaseSensitive":false},"priority":2},{"id":78,"action":{"type":"block"},"condition":{"urlFilter":"||iystorage.com^","domainType":"thirdParty","isUrlFilterCaseSensitive":false},"priority":2},{"id":79,"action":{"type":"block"},"condition":{"urlFilter":"||jacquarter.com^","domainType":"thirdParty","isUrlFilterCaseSensitive":false},"priority":2},{"id":80,"action":{"type":"block"},"condition":{"urlFilter":"||jor-el.net^","domainType":"thirdParty","isUrlFilterCaseSensitive":false},"priority":2},{"id":81,"action":{"type":"block"},"condition":{"urlFilter":"||jquerycdn.co.il^","domainType":"thirdParty","isUrlFilterCaseSensitive":false},"priority":2},{"id":82,"action":{"type":"block"},"condition":{"urlFilter":"||jquerymin.co.il^","domainType":"thirdParty","isUrlFilterCaseSensitive":false},"priority":2},{"id":83,"action":{"type":"block"},"condition":{"urlFilter":"||jscloudnow.com^","domainType":"thirdParty","isUrlFilterCaseSensitive":false},"priority":2},{"id":84,"action":{"type":"block"},"condition":{"urlFilter":"||klnrew.site^","domainType":"thirdParty","isUrlFilterCaseSensitive":false},"priority":2},{"id":85,"action":{"type":"block"},"condition":{"urlFilter":"||kmrnkjer.xyz^","domainType":"thirdParty","isUrlFilterCaseSensitive":false},"priority":2},{"id":86,"action":{"type":"block"},"condition":{"urlFilter":"||kofpag.com^","domainType":"thirdParty","isUrlFilterCaseSensitive":false},"priority":2},{"id":87,"action":{"type":"block"},"condition":{"urlFilter":"||kozikar.com^","domainType":"thirdParty","isUrlFilterCaseSensitive":false},"priority":2},{"id":88,"action":{"type":"block"},"condition":{"urlFilter":"||loopmaze.com^","domainType":"thirdParty","isUrlFilterCaseSensitive":false},"priority":2},{"id":89,"action":{"type":"block"},"condition":{"urlFilter":"||maskoter.com^","domainType":"thirdParty","isUrlFilterCaseSensitive":false},"priority":2},{"id":90,"action":{"type":"block"},"condition":{"urlFilter":"||mohengdu.com^","domainType":"thirdParty","isUrlFilterCaseSensitive":false},"priority":2},{"id":91,"action":{"type":"block"},"condition":{"urlFilter":"||nepohita.com^","domainType":"thirdParty","isUrlFilterCaseSensitive":false},"priority":2},{"id":92,"action":{"type":"block"},"condition":{"urlFilter":"||newyorkwhil.com^","domainType":"thirdParty","isUrlFilterCaseSensitive":false},"priority":2},{"id":93,"action":{"type":"block"},"condition":{"urlFilter":"||njkiho.info^","domainType":"thirdParty","isUrlFilterCaseSensitive":false},"priority":2},{"id":94,"action":{"type":"block"},"condition":{"urlFilter":"||nothering.com^","domainType":"thirdParty","isUrlFilterCaseSensitive":false},"priority":2},{"id":95,"action":{"type":"block"},"condition":{"urlFilter":"||nullenabler.com^","domainType":"thirdParty","isUrlFilterCaseSensitive":false},"priority":2},{"id":96,"action":{"type":"block"},"condition":{"urlFilter":"||numberthreebear.com^","domainType":"thirdParty","isUrlFilterCaseSensitive":false},"priority":2},{"id":97,"action":{"type":"block"},"condition":{"urlFilter":"||oversailor.com^","domainType":"thirdParty","isUrlFilterCaseSensitive":false},"priority":2},{"id":98,"action":{"type":"block"},"condition":{"urlFilter":"||portavivo.com^","domainType":"thirdParty","isUrlFilterCaseSensitive":false},"priority":2},{"id":99,"action":{"type":"block"},"condition":{"urlFilter":"||pullcdn.pw^","domainType":"thirdParty","isUrlFilterCaseSensitive":false},"priority":2},{"id":100,"action":{"type":"block"},"condition":{"urlFilter":"||regi.site^","domainType":"thirdParty","isUrlFilterCaseSensitive":false},"priority":2},{"id":101,"action":{"type":"block"},"condition":{"urlFilter":"||regi.tech^","domainType":"thirdParty","isUrlFilterCaseSensitive":false},"priority":2},{"id":102,"action":{"type":"block"},"condition":{"urlFilter":"||retrayan.com^","domainType":"thirdParty","isUrlFilterCaseSensitive":false},"priority":2},{"id":103,"action":{"type":"block"},"condition":{"urlFilter":"||rkgnmwre.site^","domainType":"thirdParty","isUrlFilterCaseSensitive":false},"priority":2},{"id":104,"action":{"type":"block"},"condition":{"urlFilter":"||shakesider.com^","domainType":"thirdParty","isUrlFilterCaseSensitive":false},"priority":2},{"id":105,"action":{"type":"block"},"condition":{"urlFilter":"||sharedcdn.site^","domainType":"thirdParty","isUrlFilterCaseSensitive":false},"priority":2},{"id":106,"action":{"type":"block"},"condition":{"urlFilter":"||sprawley.com^","domainType":"thirdParty","isUrlFilterCaseSensitive":false},"priority":2},{"id":107,"action":{"type":"block"},"condition":{"urlFilter":"||srvjar.com^","domainType":"thirdParty","isUrlFilterCaseSensitive":false},"priority":2},{"id":108,"action":{"type":"block"},"condition":{"urlFilter":"||storagecdncloud.co^","domainType":"thirdParty","isUrlFilterCaseSensitive":false},"priority":2},{"id":109,"action":{"type":"block"},"condition":{"urlFilter":"||syntetech.com^","domainType":"thirdParty","isUrlFilterCaseSensitive":false},"priority":2},{"id":110,"action":{"type":"block"},"condition":{"urlFilter":"||texasboston.com^","domainType":"thirdParty","isUrlFilterCaseSensitive":false},"priority":2},{"id":111,"action":{"type":"block"},"condition":{"urlFilter":"||typication.com^","domainType":"thirdParty","isUrlFilterCaseSensitive":false},"priority":2},{"id":112,"action":{"type":"block"},"condition":{"urlFilter":"||umamdmo.com^","domainType":"thirdParty","isUrlFilterCaseSensitive":false},"priority":2},{"id":113,"action":{"type":"block"},"condition":{"urlFilter":"||urodakt.com^","domainType":"thirdParty","isUrlFilterCaseSensitive":false},"priority":2},{"id":114,"action":{"type":"block"},"condition":{"urlFilter":"||uvinory.com^","domainType":"thirdParty","isUrlFilterCaseSensitive":false},"priority":2},{"id":115,"action":{"type":"block"},"condition":{"urlFilter":"||uzotli.com^","domainType":"thirdParty","isUrlFilterCaseSensitive":false},"priority":2},{"id":116,"action":{"type":"block"},"condition":{"urlFilter":"||webeatyouradblocker.com^","domainType":"thirdParty","isUrlFilterCaseSensitive":false},"priority":2},{"id":117,"action":{"type":"block"},"condition":{"urlFilter":"||wodoka.com^","domainType":"thirdParty","isUrlFilterCaseSensitive":false},"priority":2},{"id":118,"action":{"type":"block"},"condition":{"urlFilter":"||yathmoth.com^","domainType":"thirdParty","isUrlFilterCaseSensitive":false},"priority":2},{"id":119,"action":{"type":"block"},"condition":{"urlFilter":"||ymakeseb.club^","domainType":"thirdParty","isUrlFilterCaseSensitive":false},"priority":2},{"id":120,"action":{"type":"block"},"condition":{"urlFilter":"||zinovila.com^","domainType":"thirdParty","isUrlFilterCaseSensitive":false},"priority":2},{"id":121,"action":{"type":"block"},"condition":{"urlFilter":"||zipodita.com^","domainType":"thirdParty","isUrlFilterCaseSensitive":false},"priority":2},{"id":123,"action":{"type":"block"},"condition":{"urlFilter":"|blob:","initiatorDomains":["6days.walla.co.il","animals.walla.co.il","astrology.walla.co.il","b.walla.co.il","buzzit.walla.co.il","calendar.walla.co.il","cars.walla.co.il","celebs.walla.co.il","e.walla.co.il","elections.walla.co.il","euro.walla.co.il","fashion.walla.co.il","finance.walla.co.il","food.walla.co.il","forums.walla.co.il","fun.walla.co.il","healthy.walla.co.il","home.walla.co.il","judaism.walla.co.il","kids.walla.co.il","mag.walla.co.il","maps.walla.co.il","milon.walla.co.il","movies.walla.co.il","mundial.walla.co.il","nadlan.walla.co.il","news.walla.co.il","nick.walla.co.il","olympics.walla.co.il","search.walla.co.il","sports.walla.co.il","tags.walla.co.il","tech.walla.co.il","translate.walla.co.il","travel.walla.co.il","tv-guide.walla.co.il","tv.walla.co.il","usaelections.walla.co.il","viva.walla.co.il","vod.walla.co.il","weather.walla.co.il","www.walla.co.il"],"excludedResourceTypes":["script"],"isUrlFilterCaseSensitive":false},"priority":105},{"id":124,"action":{"type":"block"},"condition":{"urlFilter":"||walla.co.il^","domainType":"firstParty","initiatorDomains":["6days.walla.co.il","animals.walla.co.il","astrology.walla.co.il","b.walla.co.il","buzzit.walla.co.il","calendar.walla.co.il","cars.walla.co.il","celebs.walla.co.il","e.walla.co.il","elections.walla.co.il","euro.walla.co.il","fashion.walla.co.il","finance.walla.co.il","food.walla.co.il","forums.walla.co.il","fun.walla.co.il","healthy.walla.co.il","home.walla.co.il","judaism.walla.co.il","kids.walla.co.il","mag.walla.co.il","maps.walla.co.il","milon.walla.co.il","movies.walla.co.il","mundial.walla.co.il","nadlan.walla.co.il","news.walla.co.il","nick.walla.co.il","olympics.walla.co.il","search.walla.co.il","sports.walla.co.il","tags.walla.co.il","tech.walla.co.il","translate.walla.co.il","travel.walla.co.il","tv-guide.walla.co.il","tv.walla.co.il","usaelections.walla.co.il","viva.walla.co.il","vod.walla.co.il","weather.walla.co.il","www.walla.co.il"],"resourceTypes":["websocket"],"isUrlFilterCaseSensitive":false},"priority":205},{"id":126,"action":{"type":"block"},"condition":{"urlFilter":"||a.walla.co.il^","isUrlFilterCaseSensitive":false},"priority":1},{"id":127,"action":{"type":"block"},"condition":{"urlFilter":"||artipbox.net^","domainType":"thirdParty","initiatorDomains":["walla.co.il"],"isUrlFilterCaseSensitive":false},"priority":202},{"id":128,"action":{"type":"block"},"condition":{"urlFilter":"||azureedge.net^","domainType":"thirdParty","initiatorDomains":["walla.co.il"],"isUrlFilterCaseSensitive":false},"priority":202},{"id":129,"action":{"type":"block"},"condition":{"urlFilter":"||browsiprod.com^","initiatorDomains":["walla.co.il"],"resourceTypes":["script","xmlhttprequest"],"isUrlFilterCaseSensitive":false},"priority":276},{"id":130,"action":{"type":"block"},"condition":{"urlFilter":"||cooladata.com^","domainType":"thirdParty","initiatorDomains":["walla.co.il"],"isUrlFilterCaseSensitive":false},"priority":202},{"id":131,"action":{"type":"block"},"condition":{"urlFilter":"||elasticbeanstalk.com^","domainType":"thirdParty","initiatorDomains":["walla.co.il"],"isUrlFilterCaseSensitive":false},"priority":202},{"id":132,"action":{"type":"block"},"condition":{"urlFilter":"||exposeboxwallashops.blob.core.windows.net^","isUrlFilterCaseSensitive":false},"priority":1},{"id":133,"action":{"type":"block"},"condition":{"urlFilter":"||firebaseio.com^","domainType":"thirdParty","initiatorDomains":["walla.co.il"],"isUrlFilterCaseSensitive":false},"priority":202},{"id":134,"action":{"type":"block"},"condition":{"urlFilter":"||fus.walla.co.il/js/purcf/walla.friends.rashi.main","resourceTypes":["script"],"isUrlFilterCaseSensitive":false},"priority":101},{"id":135,"action":{"type":"block"},"condition":{"urlFilter":"||fus.walla.co.il/report/","isUrlFilterCaseSensitive":false},"priority":1},{"id":136,"action":{"type":"block"},"condition":{"urlFilter":"||fus.walla.co.il/script.js?1","initiatorDomains":["forums.walla.co.il","tv-guide.walla.co.il"],"isUrlFilterCaseSensitive":false},"priority":151},{"id":137,"action":{"type":"block"},"condition":{"urlFilter":"||fus.walla.co.il/vast/","isUrlFilterCaseSensitive":false},"priority":1},{"id":138,"action":{"type":"block"},"condition":{"urlFilter":"||jor-el.net^","isUrlFilterCaseSensitive":false},"priority":1},{"id":139,"action":{"type":"block"},"condition":{"urlFilter":"||kxcdn.com^","domainType":"thirdParty","initiatorDomains":["6days.walla.co.il","animals.walla.co.il","b.walla.co.il","cars.walla.co.il","celebs.walla.co.il","e.walla.co.il","elections.walla.co.il","euro.walla.co.il","fashion.walla.co.il","finance.walla.co.il","food.walla.co.il","healthy.walla.co.il","home.walla.co.il","judaism.walla.co.il","kids.walla.co.il","mag.walla.co.il","mundial.walla.co.il","nadlan.walla.co.il","news.walla.co.il","nick.walla.co.il","olympics.walla.co.il","sports.walla.co.il","tech.walla.co.il","travel.walla.co.il","usaelections.walla.co.il","viva.walla.co.il","vod.walla.co.il","www.walla.co.il"],"isUrlFilterCaseSensitive":false},"priority":106},{"id":140,"action":{"type":"block"},"condition":{"urlFilter":"||live.sekindo.com/uploads/users/","initiatorDomains":["walla.co.il"],"isUrlFilterCaseSensitive":false},"priority":201},{"id":141,"action":{"type":"block"},"condition":{"urlFilter":"||logidea.info^","domainType":"thirdParty","initiatorDomains":["walla.co.il"],"isUrlFilterCaseSensitive":false},"priority":202},{"id":142,"action":{"type":"block"},"condition":{"urlFilter":"||mishpati.co.il/-partners/walla-form","resourceTypes":["sub_frame"],"isUrlFilterCaseSensitive":false},"priority":101},{"id":143,"action":{"type":"block"},"condition":{"urlFilter":"||walla.yad2.co.il/*banner","initiatorDomains":["walla.co.il"],"resourceTypes":["sub_frame"],"isUrlFilterCaseSensitive":false},"priority":301},{"id":144,"action":{"type":"block"},"condition":{"urlFilter":"||wrtm.walla.co.il^","isUrlFilterCaseSensitive":false},"priority":1},{"id":145,"action":{"type":"block"},"condition":{"urlFilter":"||x.walla.co.il^","initiatorDomains":["mail.walla.co.il"],"resourceTypes":["image"],"isUrlFilterCaseSensitive":false},"priority":301},{"id":146,"action":{"type":"block"},"condition":{"urlFilter":"||x.walla.co.il^*.mp4|","isUrlFilterCaseSensitive":false},"priority":1},{"id":147,"action":{"type":"block"},"condition":{"urlFilter":"||xwbe.wcdn.co.il^","resourceTypes":["image"],"isUrlFilterCaseSensitive":false},"priority":101},{"id":148,"action":{"type":"block"},"condition":{"urlFilter":"||xwne.wcdn.co.il^","initiatorDomains":["walla.co.il"],"isUrlFilterCaseSensitive":false},"priority":201},{"id":149,"action":{"type":"block"},"condition":{"urlFilter":"||www.ynet.co.il^","domainType":"firstParty","initiatorDomains":["www.ynet.co.il"],"resourceTypes":["websocket"],"isUrlFilterCaseSensitive":false},"priority":302},{"id":150,"action":{"type":"block"},"condition":{"urlFilter":"/BannerScripts.js?","initiatorDomains":["mynetbatyam.co.il","mynethadera.co.il","mynetherzliya.co.il","mynethodhasharon.co.il","mynetholon.co.il","mynetjerusalem.co.il","mynetkfarsaba.co.il","mynetkibbutz.co.il","mynetnetanya.co.il","mynetpetahtikva.co.il","mynetraanana.co.il","mynetrehovot.co.il","mynetrishon.co.il","mynetroshhaayin.co.il"],"resourceTypes":["script"],"isUrlFilterCaseSensitive":false},"priority":209},{"id":151,"action":{"type":"block"},"condition":{"urlFilter":"/CdaMarketTextlinks_","isUrlFilterCaseSensitive":false},"priority":1},{"id":152,"action":{"type":"block"},"condition":{"urlFilter":"/CdaMarketingLink/*","isUrlFilterCaseSensitive":false},"priority":1},{"id":153,"action":{"type":"block"},"condition":{"urlFilter":"||alljobs.co.il/Partners/Ynet/Engine.aspx","isUrlFilterCaseSensitive":false},"priority":1},{"id":154,"action":{"type":"block"},"condition":{"urlFilter":"||article.yedioth.co.il/assets/Banners","isUrlFilterCaseSensitive":false},"priority":1},{"id":155,"action":{"type":"block"},"condition":{"urlFilter":"||browsiprod.com^","initiatorDomains":["ynet.co.il"],"resourceTypes":["script","xmlhttprequest"],"isUrlFilterCaseSensitive":false},"priority":276},{"id":156,"action":{"type":"block"},"condition":{"urlFilter":"||dynamicyield.com^","initiatorDomains":["ynet.co.il"],"resourceTypes":["script"],"isUrlFilterCaseSensitive":false},"priority":301},{"id":157,"action":{"type":"block"},"condition":{"urlFilter":"||go.ynet.co.il/short/Demos/*/Ads/","isUrlFilterCaseSensitive":false},"priority":1},{"id":158,"action":{"type":"block"},"condition":{"urlFilter":"||go.ynet.co.il/short/content/2013/Career/SideJobs/","isUrlFilterCaseSensitive":false},"priority":1},{"id":159,"action":{"type":"block"},"condition":{"urlFilter":"||infomed.co.il/ynet/sidebox.aspx?","isUrlFilterCaseSensitive":false},"priority":1},{"id":160,"action":{"type":"block"},"condition":{"urlFilter":"||psakdin.co.il/ExternalFrames/","initiatorDomains":["ynet.co.il"],"isUrlFilterCaseSensitive":false},"priority":201},{"id":161,"action":{"type":"block"},"condition":{"urlFilter":"||s3.amazonaws.com^","initiatorDomains":["ynet.co.il"],"resourceTypes":["script"],"isUrlFilterCaseSensitive":false},"priority":301},{"id":162,"action":{"type":"block"},"condition":{"urlFilter":"||totalmedia2.ynet.co.il^","isUrlFilterCaseSensitive":false},"priority":1},{"id":163,"action":{"type":"block"},"condition":{"urlFilter":"||trace.events^","domainType":"thirdParty","initiatorDomains":["ynet.co.il"],"isUrlFilterCaseSensitive":false},"priority":202},{"id":164,"action":{"type":"block"},"condition":{"urlFilter":"||ynetbanneradmin.yit.co.il/assets/","initiatorDomains":["ynet.co.il"],"resourceTypes":["sub_frame"],"isUrlFilterCaseSensitive":false},"priority":301},{"id":165,"action":{"type":"block"},"condition":{"urlFilter":"|blob:","initiatorDomains":["www.mako.co.il"],"excludedResourceTypes":["script"],"isUrlFilterCaseSensitive":false},"priority":202},{"id":166,"action":{"type":"block"},"condition":{"urlFilter":"||www.mako.co.il^","domainType":"firstParty","initiatorDomains":["www.mako.co.il"],"resourceTypes":["websocket"],"isUrlFilterCaseSensitive":false},"priority":302},{"id":167,"action":{"type":"block"},"condition":{"urlFilter":"||activetrail.com^","domainType":"thirdParty","initiatorDomains":["mako.co.il"],"isUrlFilterCaseSensitive":false},"priority":202},{"id":168,"action":{"type":"block"},"condition":{"urlFilter":"||adoric-ads.com^","domainType":"thirdParty","initiatorDomains":["mako.co.il"],"isUrlFilterCaseSensitive":false},"priority":202},{"id":169,"action":{"type":"block"},"condition":{"urlFilter":"||adserv.mako.co.il^","isUrlFilterCaseSensitive":false},"priority":1},{"id":170,"action":{"type":"block"},"condition":{"urlFilter":"||analytics.edgesuite.net^","domainType":"thirdParty","initiatorDomains":["mako.co.il"],"isUrlFilterCaseSensitive":false},"priority":202},{"id":171,"action":{"type":"block"},"condition":{"urlFilter":"||api.conduit.com^","initiatorDomains":["mako.co.il","n12.co.il","tech12.co.il","tvbee.co.il"],"isUrlFilterCaseSensitive":false},"priority":126},{"id":172,"action":{"type":"block"},"condition":{"urlFilter":"||apps.mako.co.il/minicampaigns/","isUrlFilterCaseSensitive":false},"priority":1},{"id":173,"action":{"type":"block"},"condition":{"urlFilter":"||img.mako.co.il/2018/*/*/970x90A.jpg|","resourceTypes":["image"],"isUrlFilterCaseSensitive":false},"priority":101},{"id":174,"action":{"type":"block"},"condition":{"urlFilter":"||localhost^","initiatorDomains":["mako.co.il","n12.co.il","tech12.co.il","tvbee.co.il"],"isUrlFilterCaseSensitive":false},"priority":126},{"id":175,"action":{"type":"block"},"condition":{"urlFilter":"||logger.logidea.info^","domainType":"thirdParty","initiatorDomains":["mako.co.il"],"isUrlFilterCaseSensitive":false},"priority":202},{"id":176,"action":{"type":"block"},"condition":{"urlFilter":"||mako.co.il/makotv/loginSocialConfig.json","isUrlFilterCaseSensitive":false},"priority":1},{"id":177,"action":{"type":"block"},"condition":{"urlFilter":"||netdna-ssl.com^","domainType":"thirdParty","initiatorDomains":["mako.co.il"],"isUrlFilterCaseSensitive":false},"priority":202},{"id":178,"action":{"type":"block"},"condition":{"urlFilter":"||psakdin.co.il/ExternalFrames/","initiatorDomains":["mako.co.il"],"isUrlFilterCaseSensitive":false},"priority":201},{"id":179,"action":{"type":"block"},"condition":{"urlFilter":"||rcs.mako.co.il/js/player/*/Artimedia/ArtimediaAdManager.js","isUrlFilterCaseSensitive":false},"priority":1},{"id":180,"action":{"type":"block"},"condition":{"urlFilter":"||sdc.mako.co.il^","isUrlFilterCaseSensitive":false},"priority":1},{"id":181,"action":{"type":"block"},"condition":{"urlFilter":"||shironet.mako.co.il/jsp/images/main_strip_ad_box_718.gif","isUrlFilterCaseSensitive":false},"priority":1},{"id":182,"action":{"type":"block"},"condition":{"urlFilter":"||valuad.cloud^","domainType":"thirdParty","initiatorDomains":["mako.co.il","n12.co.il","tech12.co.il","tvbee.co.il"],"isUrlFilterCaseSensitive":false},"priority":127},{"id":183,"action":{"type":"block"},"condition":{"urlFilter":"||www.globes.co.il^","domainType":"firstParty","initiatorDomains":["www.globes.co.il"],"resourceTypes":["websocket"],"isUrlFilterCaseSensitive":false},"priority":302},{"id":184,"action":{"type":"block"},"condition":{"urlFilter":"||s3.amazonaws.com^","initiatorDomains":["globes.co.il"],"resourceTypes":["script"],"isUrlFilterCaseSensitive":false},"priority":301},{"id":185,"action":{"type":"block"},"condition":{"urlFilter":"||www.calcalist.co.il^","domainType":"firstParty","initiatorDomains":["www.calcalist.co.il"],"resourceTypes":["websocket"],"isUrlFilterCaseSensitive":false},"priority":302},{"id":186,"action":{"type":"block"},"condition":{"urlFilter":"||psakdin.co.il/ExternalFrames/","initiatorDomains":["calcalist.co.il"],"isUrlFilterCaseSensitive":false},"priority":201},{"id":187,"action":{"type":"block"},"condition":{"urlFilter":"||s3.amazonaws.com^","initiatorDomains":["calcalist.co.il"],"resourceTypes":["script"],"isUrlFilterCaseSensitive":false},"priority":301},{"id":188,"action":{"type":"block"},"condition":{"urlFilter":"||13news.co.il^","domainType":"firstParty","initiatorDomains":["13news.co.il"],"resourceTypes":["websocket"],"isUrlFilterCaseSensitive":false},"priority":302},{"id":189,"action":{"type":"block"},"condition":{"urlFilter":"||13tv.co.il^","domainType":"firstParty","initiatorDomains":["13tv.co.il"],"resourceTypes":["websocket"],"isUrlFilterCaseSensitive":false},"priority":302},{"id":190,"action":{"type":"block"},"condition":{"urlFilter":"/dfp.","domainType":"firstParty","initiatorDomains":["13news.co.il","13tv.co.il"],"isUrlFilterCaseSensitive":false},"priority":152},{"id":191,"action":{"type":"block"},"condition":{"urlFilter":"/dfp/*","domainType":"firstParty","initiatorDomains":["13news.co.il","13tv.co.il"],"isUrlFilterCaseSensitive":false},"priority":152},{"id":192,"action":{"type":"block"},"condition":{"urlFilter":"||viewbix.com^","domainType":"thirdParty","initiatorDomains":["13news.co.il","13tv.co.il"],"isUrlFilterCaseSensitive":false},"priority":152},{"id":193,"action":{"type":"block"},"condition":{"urlFilter":"||sport5.co.il^","domainType":"firstParty","initiatorDomains":["sport5.co.il"],"resourceTypes":["websocket"],"isUrlFilterCaseSensitive":false},"priority":302},{"id":194,"action":{"type":"block"},"condition":{"urlFilter":"||g-static.gdn^","domainType":"thirdParty","initiatorDomains":["sport5.co.il"],"isUrlFilterCaseSensitive":false},"priority":202},{"id":195,"action":{"type":"block"},"condition":{"urlFilter":"||shopupz.com^","domainType":"thirdParty","initiatorDomains":["sport5.co.il"],"isUrlFilterCaseSensitive":false},"priority":202},{"id":196,"action":{"type":"block"},"condition":{"urlFilter":"||sport5.co.il/banners2/","isUrlFilterCaseSensitive":false},"priority":1},{"id":197,"action":{"type":"block"},"condition":{"urlFilter":"||sporty.gdn^","domainType":"thirdParty","initiatorDomains":["sport5.co.il"],"isUrlFilterCaseSensitive":false},"priority":202},{"id":198,"action":{"type":"block"},"condition":{"urlFilter":"||ads.one.co.il^","isUrlFilterCaseSensitive":false},"priority":1},{"id":199,"action":{"type":"block"},"condition":{"urlFilter":"||inn.co.il^","domainType":"firstParty","initiatorDomains":["inn.co.il"],"resourceTypes":["websocket"],"isUrlFilterCaseSensitive":false},"priority":302},{"id":200,"action":{"type":"block"},"condition":{"urlFilter":"||a7.org/*.html","initiatorDomains":["inn.co.il"],"resourceTypes":["sub_frame"],"isUrlFilterCaseSensitive":false},"priority":301},{"id":201,"action":{"type":"block"},"condition":{"urlFilter":"||a7.org/CDN/sdk","isUrlFilterCaseSensitive":false},"priority":1},{"id":202,"action":{"type":"block"},"condition":{"urlFilter":"||a7.org/adblock/","isUrlFilterCaseSensitive":false},"priority":1},{"id":203,"action":{"type":"block"},"condition":{"urlFilter":"||a7.org/media","resourceTypes":["script","xmlhttprequest"],"isUrlFilterCaseSensitive":false},"priority":76},{"id":204,"action":{"type":"block"},"condition":{"urlFilter":"||a7.org/scripts/Maavaron.js","isUrlFilterCaseSensitive":false},"priority":1},{"id":205,"action":{"type":"block"},"condition":{"urlFilter":"||a7.org^","initiatorDomains":["inn.co.il"],"resourceTypes":["script"],"isUrlFilterCaseSensitive":false},"priority":301},{"id":206,"action":{"type":"block"},"condition":{"urlFilter":"||dwnmedia.a7.org/inntv/media/","isUrlFilterCaseSensitive":false},"priority":1},{"id":207,"action":{"type":"block"},"condition":{"urlFilter":"||info.a7.org^","initiatorDomains":["inn.co.il"],"isUrlFilterCaseSensitive":false},"priority":201},{"id":208,"action":{"type":"block"},"condition":{"urlFilter":"||inn.co.il/info_en/","isUrlFilterCaseSensitive":false},"priority":1},{"id":209,"action":{"type":"block"},"condition":{"urlFilter":"||inn.co.il/leads/content/upload/","isUrlFilterCaseSensitive":false},"priority":1},{"id":210,"action":{"type":"block"},"condition":{"urlFilter":"||kipa.co.il/banner/","isUrlFilterCaseSensitive":false},"priority":1},{"id":211,"action":{"type":"block"},"condition":{"urlFilter":"||kipasruga.com/banner/","isUrlFilterCaseSensitive":false},"priority":1},{"id":212,"action":{"type":"block"},"condition":{"urlFilter":"||moodaot.kipa.co.il/userFiles/moods/","resourceTypes":["sub_frame"],"isUrlFilterCaseSensitive":false},"priority":101},{"id":213,"action":{"type":"block"},"condition":{"urlFilter":"||bhol.co.il/rich_banners/","isUrlFilterCaseSensitive":false},"priority":1},{"id":214,"action":{"type":"block"},"condition":{"urlFilter":"||bhol.co.il/system/ad_manager/get_all_banners","resourceTypes":["xmlhttprequest"],"isUrlFilterCaseSensitive":false},"priority":101},{"id":215,"action":{"type":"block"},"condition":{"urlFilter":"||ext.bhol.co.il/","isUrlFilterCaseSensitive":false},"priority":1},{"id":216,"action":{"type":"block"},"condition":{"urlFilter":"||a.kikar.co.il/v1/ads","isUrlFilterCaseSensitive":false},"priority":1},{"id":217,"action":{"type":"block"},"condition":{"urlFilter":"||kikarhashabat.co.il/data/auto/images/landing_pages_","isUrlFilterCaseSensitive":false},"priority":1},{"id":218,"action":{"type":"block"},"condition":{"urlFilter":"||www.kikar.co.il/a/","resourceTypes":["sub_frame"],"isUrlFilterCaseSensitive":false},"priority":101},{"id":219,"action":{"type":"block"},"condition":{"urlFilter":"||ban.d-group.co.il/banners/","domainType":"thirdParty","isUrlFilterCaseSensitive":false},"priority":2},{"id":220,"action":{"type":"block"},"condition":{"urlFilter":"||cdn1.zoomanalytics.co/js","initiatorDomains":["zap.co.il"],"resourceTypes":["script"],"isUrlFilterCaseSensitive":false},"priority":301},{"id":221,"action":{"type":"block"},"condition":{"urlFilter":"||madas-ads.securest.org^","domainType":"thirdParty","isUrlFilterCaseSensitive":false},"priority":2},{"id":222,"action":{"type":"block"},"condition":{"urlFilter":"|blob:","initiatorDomains":["homeprices.yad2.co.il","my.yad2.co.il","pricelist.yad2.co.il","www.yad2.co.il","yad1.yad2.co.il"],"isUrlFilterCaseSensitive":false},"priority":121},{"id":223,"action":{"type":"block"},"condition":{"urlFilter":"||yad2.co.il^","domainType":"firstParty","initiatorDomains":["homeprices.yad2.co.il","my.yad2.co.il","pricelist.yad2.co.il","www.yad2.co.il","yad1.yad2.co.il"],"resourceTypes":["websocket"],"isUrlFilterCaseSensitive":false},"priority":222},{"id":224,"action":{"type":"block"},"condition":{"urlFilter":"||my.yad2.co.il/Banner/","isUrlFilterCaseSensitive":false},"priority":1},{"id":225,"action":{"type":"block"},"condition":{"urlFilter":"||my.yad2.co.il/dfpV3/script/DesktopMediaManager.js","isUrlFilterCaseSensitive":false},"priority":1},{"id":226,"action":{"type":"block"},"condition":{"urlFilter":"||yad2.co.il/js-new/blockPirsum.js","isUrlFilterCaseSensitive":false},"priority":1},{"id":227,"action":{"type":"block"},"condition":{"urlFilter":"||www.bizportal.co.il^","domainType":"firstParty","initiatorDomains":["www.bizportal.co.il"],"resourceTypes":["websocket"],"isUrlFilterCaseSensitive":false},"priority":302},{"id":228,"action":{"type":"block"},"condition":{"urlFilter":"||s3.amazonaws.com^","initiatorDomains":["bizportal.co.il"],"resourceTypes":["script"],"isUrlFilterCaseSensitive":false},"priority":301},{"id":229,"action":{"type":"block"},"condition":{"urlFilter":"||widget.walla.co.il/wallaplayer","domainType":"thirdParty","initiatorDomains":["fxp.co.il"],"resourceTypes":["sub_frame"],"isUrlFilterCaseSensitive":false},"priority":302},{"id":230,"action":{"type":"block"},"condition":{"urlFilter":"||rotter.net/banners/","isUrlFilterCaseSensitive":false},"priority":1},{"id":231,"action":{"type":"block"},"condition":{"urlFilter":"||rotter.net/edit/text/","isUrlFilterCaseSensitive":false},"priority":1},{"id":233,"action":{"type":"block"},"condition":{"urlFilter":"/amsdk.js","initiatorDomains":["0404.co.il","13news.co.il","13tv.co.il","calcalist.co.il","globes.co.il","inn.co.il","mako.co.il","tapuz.co.il","walla.co.il"],"resourceTypes":["script","xmlhttprequest"],"isUrlFilterCaseSensitive":false},"priority":188},{"id":234,"action":{"type":"block"},"condition":{"urlFilter":"||banners.news1.co.il^","isUrlFilterCaseSensitive":false},"priority":1},{"id":235,"action":{"type":"block"},"condition":{"urlFilter":"||beaverscripts.com/openwindow.js","isUrlFilterCaseSensitive":false},"priority":1},{"id":236,"action":{"type":"block"},"condition":{"urlFilter":"||bladna.co.il/Public/flash/","isUrlFilterCaseSensitive":false},"priority":1},{"id":237,"action":{"type":"block"},"condition":{"urlFilter":"||cdn.shorte.st/link-converter.min.js","isUrlFilterCaseSensitive":false},"priority":1},{"id":238,"action":{"type":"block"},"condition":{"urlFilter":"||ch10.co.il/wp-content/plugins/arti-banners/components/arti-banner-popup/","isUrlFilterCaseSensitive":false},"priority":1},{"id":239,"action":{"type":"block"},"condition":{"urlFilter":"||googleusercontent.com^","initiatorDomains":["trusted-software.com"],"isUrlFilterCaseSensitive":false},"priority":201},{"id":240,"action":{"type":"block"},"condition":{"urlFilter":"||leadim4u.com/accounts/default1/banners/","isUrlFilterCaseSensitive":false},"priority":1},{"id":241,"action":{"type":"block"},"condition":{"urlFilter":"||negishim.com/accessibility/","isUrlFilterCaseSensitive":false},"priority":1},{"id":242,"action":{"type":"block"},"condition":{"urlFilter":"||player.vimeo.com/video/383596619|","initiatorDomains":["ch10.co.il"],"resourceTypes":["sub_frame"],"isUrlFilterCaseSensitive":false},"priority":301},{"id":243,"action":{"type":"block"},"condition":{"urlFilter":"||psakdin.co.il/Pictures/Banners/","isUrlFilterCaseSensitive":false},"priority":1},{"id":244,"action":{"type":"block"},"condition":{"urlFilter":"||raddar.co.il/bannersa.php","isUrlFilterCaseSensitive":false},"priority":1},{"id":245,"action":{"type":"block"},"condition":{"urlFilter":"||shoofoo.co.il/banners","isUrlFilterCaseSensitive":false},"priority":1},{"id":246,"action":{"type":"block"},"condition":{"urlFilter":"||takana.co.il^","domainType":"thirdParty","resourceTypes":["image"],"isUrlFilterCaseSensitive":false},"priority":102},{"id":247,"action":{"type":"block"},"condition":{"urlFilter":"||wcdn.co.il/banners/","isUrlFilterCaseSensitive":false},"priority":1},{"id":248,"action":{"type":"block"},"condition":{"urlFilter":"||netform.co.il^","domainType":"thirdParty","initiatorDomains":["0-15.co.il","2b-bari.co.il","50plus.co.il","abortion.org.il","acnecenter.co.il","add-syndrome.co.il","allergy.org.il","alzheimer.co.il","asthma.org.il","autism.org.il","bariatric.org.il","blinds.org.il","blood.co.il","burn.org.il","candidafree.co.il","cfs.org.il","cholesterol.org.il","cold.co.il","colon.org.il","commitment.org.il","committee.co.il","degeneration.co.il","dementia.co.il","dermatology.co.il","dialysis.org.il","ear.org.il","east-west.co.il","emun.org.il","ent.org.il","epilepsy.co.il","feeling.co.il","fms.org.il","gastro-israel.org.il","genes.co.il","human.co.il","hyperhidrosis.org.il","iaawh.co.il","ibd.org.il","ifeel.co.il","ilsi.org.il","immunology.org.il","implants.org.il","ioh.org.il","isala.org.il","israrights.com","le-la.co.il","linshom.org.il","liver.org.il","lung.org.il","lupus.org.il","maane.co.il","matnachim.co.il","matnachim.org.il","medicalcannabis.co.il","mifrakim.co.il","multiplesclerosis.org.il","my-rights.org.il","myeyes.co.il","myhealth.co.il","myheart.co.il","myrights.co.il","nashy.co.il","neurology.org.il","noga.org.il","obesity.org.il","oncology.org.il","pain.org.il","parkinsons.org.il","pediatrics.co.il","pigur.co.il","pso.org.il","psychiatrist.org.il","psychiatry.org.il","stdinfo.co.il","stroke.org.il","sukarti.co.il","takana.co.il","tevalife.co.il","urinary.co.il","urine.org.il","voices.co.il","womenonly.co.il"],"isUrlFilterCaseSensitive":false},"priority":104},{"id":249,"action":{"type":"block"},"condition":{"urlFilter":"||virtualspirits.com^","domainType":"thirdParty","initiatorDomains":["0-15.co.il","2b-bari.co.il","50plus.co.il","abortion.org.il","acnecenter.co.il","add-syndrome.co.il","allergy.org.il","alzheimer.co.il","asthma.org.il","autism.org.il","bariatric.org.il","blinds.org.il","blood.co.il","burn.org.il","candidafree.co.il","cfs.org.il","cholesterol.org.il","cold.co.il","colon.org.il","commitment.org.il","committee.co.il","degeneration.co.il","dementia.co.il","dermatology.co.il","dialysis.org.il","ear.org.il","east-west.co.il","emun.org.il","ent.org.il","epilepsy.co.il","feeling.co.il","fms.org.il","gastro-israel.org.il","genes.co.il","human.co.il","hyperhidrosis.org.il","iaawh.co.il","ibd.org.il","ifeel.co.il","ilsi.org.il","immunology.org.il","implants.org.il","ioh.org.il","isala.org.il","israrights.com","le-la.co.il","linshom.org.il","liver.org.il","lung.org.il","lupus.org.il","maane.co.il","matnachim.co.il","matnachim.org.il","medicalcannabis.co.il","mifrakim.co.il","multiplesclerosis.org.il","my-rights.org.il","myeyes.co.il","myhealth.co.il","myheart.co.il","myrights.co.il","nashy.co.il","neurology.org.il","noga.org.il","obesity.org.il","oncology.org.il","pain.org.il","parkinsons.org.il","pediatrics.co.il","pigur.co.il","pso.org.il","psychiatrist.org.il","psychiatry.org.il","stdinfo.co.il","stroke.org.il","sukarti.co.il","takana.co.il","tevalife.co.il","urinary.co.il","urine.org.il","voices.co.il","womenonly.co.il"],"isUrlFilterCaseSensitive":false},"priority":104},{"id":250,"action":{"type":"block"},"condition":{"urlFilter":"||whats-new.co.il^","domainType":"thirdParty","initiatorDomains":["0-15.co.il","2b-bari.co.il","50plus.co.il","abortion.org.il","acnecenter.co.il","add-syndrome.co.il","allergy.org.il","alzheimer.co.il","asthma.org.il","autism.org.il","bariatric.org.il","blinds.org.il","blood.co.il","burn.org.il","candidafree.co.il","cfs.org.il","cholesterol.org.il","cold.co.il","colon.org.il","commitment.org.il","committee.co.il","degeneration.co.il","dementia.co.il","dermatology.co.il","dialysis.org.il","ear.org.il","east-west.co.il","emun.org.il","ent.org.il","epilepsy.co.il","feeling.co.il","fms.org.il","gastro-israel.org.il","genes.co.il","human.co.il","hyperhidrosis.org.il","iaawh.co.il","ibd.org.il","ifeel.co.il","ilsi.org.il","immunology.org.il","implants.org.il","ioh.org.il","isala.org.il","israrights.com","le-la.co.il","linshom.org.il","liver.org.il","lung.org.il","lupus.org.il","maane.co.il","matnachim.co.il","matnachim.org.il","medicalcannabis.co.il","mifrakim.co.il","multiplesclerosis.org.il","my-rights.org.il","myeyes.co.il","myhealth.co.il","myheart.co.il","myrights.co.il","nashy.co.il","neurology.org.il","noga.org.il","obesity.org.il","oncology.org.il","pain.org.il","parkinsons.org.il","pediatrics.co.il","pigur.co.il","pso.org.il","psychiatrist.org.il","psychiatry.org.il","stdinfo.co.il","stroke.org.il","sukarti.co.il","takana.co.il","tevalife.co.il","urinary.co.il","urine.org.il","voices.co.il","womenonly.co.il"],"isUrlFilterCaseSensitive":false},"priority":104},{"id":251,"action":{"type":"block"},"condition":{"urlFilter":"||alipim.net^","isUrlFilterCaseSensitive":false},"priority":1},{"id":252,"action":{"type":"block"},"condition":{"urlFilter":"||atardrushim.com^","isUrlFilterCaseSensitive":false},"priority":1},{"id":253,"action":{"type":"block"},"condition":{"urlFilter":"||avoda-mehabait.co.il^","isUrlFilterCaseSensitive":false},"priority":1},{"id":254,"action":{"type":"block"},"condition":{"urlFilter":"||cooldays.net/app/vod-blocker","resourceTypes":["script"],"isUrlFilterCaseSensitive":false},"priority":101},{"id":255,"action":{"type":"block"},"condition":{"urlFilter":"||fringantlarn8.live^","isUrlFilterCaseSensitive":false},"priority":1},{"id":256,"action":{"type":"block"},"condition":{"urlFilter":"||hasdarot.cc^","isUrlFilterCaseSensitive":false},"priority":1},{"id":257,"action":{"type":"block"},"condition":{"urlFilter":"||hasdarot.club^","isUrlFilterCaseSensitive":false},"priority":1},{"id":258,"action":{"type":"block"},"condition":{"urlFilter":"||hasdarot.co^","isUrlFilterCaseSensitive":false},"priority":1},{"id":259,"action":{"type":"block"},"condition":{"urlFilter":"||hasdarot.com^","isUrlFilterCaseSensitive":false},"priority":1},{"id":260,"action":{"type":"block"},"condition":{"urlFilter":"||hasdarot.info^","isUrlFilterCaseSensitive":false},"priority":1},{"id":261,"action":{"type":"block"},"condition":{"urlFilter":"||hasdarot.life^","isUrlFilterCaseSensitive":false},"priority":1},{"id":262,"action":{"type":"block"},"condition":{"urlFilter":"||hasdarot.live^","isUrlFilterCaseSensitive":false},"priority":1},{"id":263,"action":{"type":"block"},"condition":{"urlFilter":"||hasdarot.me^","isUrlFilterCaseSensitive":false},"priority":1},{"id":264,"action":{"type":"block"},"condition":{"urlFilter":"||hasdarot.net^","isUrlFilterCaseSensitive":false},"priority":1},{"id":265,"action":{"type":"block"},"condition":{"urlFilter":"||hasdarot.pro^","isUrlFilterCaseSensitive":false},"priority":1},{"id":266,"action":{"type":"block"},"condition":{"urlFilter":"||hasdarot.space^","isUrlFilterCaseSensitive":false},"priority":1},{"id":267,"action":{"type":"block"},"condition":{"urlFilter":"||hasdarot.tv^","isUrlFilterCaseSensitive":false},"priority":1},{"id":268,"action":{"type":"block"},"condition":{"urlFilter":"||hasdarot.vip^","isUrlFilterCaseSensitive":false},"priority":1},{"id":269,"action":{"type":"block"},"condition":{"urlFilter":"||hasdarot.xyz^","isUrlFilterCaseSensitive":false},"priority":1},{"id":270,"action":{"type":"block"},"condition":{"urlFilter":"||isdarot.com^","isUrlFilterCaseSensitive":false},"priority":1},{"id":271,"action":{"type":"block"},"condition":{"urlFilter":"||lauyn.info^","isUrlFilterCaseSensitive":false},"priority":1},{"id":272,"action":{"type":"block"},"condition":{"urlFilter":"||losittooday.info^","isUrlFilterCaseSensitive":false},"priority":1},{"id":273,"action":{"type":"block"},"condition":{"urlFilter":"||mporli.info^","isUrlFilterCaseSensitive":false},"priority":1},{"id":274,"action":{"type":"block"},"condition":{"urlFilter":"||pinukim.net^","isUrlFilterCaseSensitive":false},"priority":1},{"id":275,"action":{"type":"block"},"condition":{"urlFilter":"||saphiretelavivisrael.com^","isUrlFilterCaseSensitive":false},"priority":1},{"id":276,"action":{"type":"block"},"condition":{"urlFilter":"||sdarot-il.org^","isUrlFilterCaseSensitive":false},"priority":1},{"id":277,"action":{"type":"block"},"condition":{"urlFilter":"||sdarot-tv.org^","isUrlFilterCaseSensitive":false},"priority":1},{"id":278,"action":{"type":"block"},"condition":{"urlFilter":"||sdarot.cc^","isUrlFilterCaseSensitive":false},"priority":1},{"id":279,"action":{"type":"block"},"condition":{"urlFilter":"||sdarotil.top^","isUrlFilterCaseSensitive":false},"priority":1},{"id":280,"action":{"type":"block"},"condition":{"urlFilter":"||seret.live^","isUrlFilterCaseSensitive":false},"priority":1},{"id":281,"action":{"type":"block"},"condition":{"urlFilter":"||tvfeel.cc^","isUrlFilterCaseSensitive":false},"priority":1},{"id":302,"action":{"type":"allow"},"condition":{"urlFilter":"/ads.js?","domainType":"firstParty","initiatorDomains":["13news.co.il","13tv.co.il"],"resourceTypes":["script"],"isUrlFilterCaseSensitive":false},"priority":100252},{"id":303,"action":{"type":"allow"},"condition":{"urlFilter":"/ads.min.js?","domainType":"firstParty","initiatorDomains":["13news.co.il","13tv.co.il"],"resourceTypes":["script"],"isUrlFilterCaseSensitive":false},"priority":100252},{"id":304,"action":{"type":"allow"},"condition":{"urlFilter":"/adunits.","domainType":"firstParty","initiatorDomains":["13news.co.il","13tv.co.il"],"resourceTypes":["script"],"isUrlFilterCaseSensitive":false},"priority":100252},{"id":305,"action":{"type":"allow"},"condition":{"urlFilter":"/advert.","initiatorDomains":["13news.co.il","13tv.co.il"],"resourceTypes":["image"],"isUrlFilterCaseSensitive":false},"priority":100251},{"id":306,"action":{"type":"allow"},"condition":{"urlFilter":"||2mdn.net/instream/video/client.js","initiatorDomains":["13news.co.il","13tv.co.il","hamal.co.il","mako.co.il","ynet.co.il"],"resourceTypes":["script"],"isUrlFilterCaseSensitive":false},"priority":100221},{"id":307,"action":{"type":"allow"},"condition":{"urlFilter":"||555.co.il/pearl/rest/analytics/","resourceTypes":["xmlhttprequest"],"isUrlFilterCaseSensitive":false},"priority":100101},{"id":308,"action":{"type":"allow"},"condition":{"urlFilter":"||a7.org/Combine.js","initiatorDomains":["inn.co.il"],"resourceTypes":["script"],"isUrlFilterCaseSensitive":false},"priority":100301},{"id":309,"action":{"type":"allow"},"condition":{"urlFilter":"||a7.org/cab/*.min.js","initiatorDomains":["inn.co.il"],"resourceTypes":["script"],"isUrlFilterCaseSensitive":false},"priority":100301},{"id":310,"action":{"type":"allow"},"condition":{"urlFilter":"||a7.org/scripts/Forecast.js","initiatorDomains":["inn.co.il"],"resourceTypes":["script"],"isUrlFilterCaseSensitive":false},"priority":100301},{"id":311,"action":{"type":"allow"},"condition":{"urlFilter":"||a7.org/scripts/jquery/","initiatorDomains":["inn.co.il"],"resourceTypes":["script"],"isUrlFilterCaseSensitive":false},"priority":100301},{"id":312,"action":{"type":"allow"},"condition":{"urlFilter":"||a7.org/scripts/mosaic_","initiatorDomains":["inn.co.il"],"resourceTypes":["script"],"isUrlFilterCaseSensitive":false},"priority":100301},{"id":313,"action":{"type":"allow"},"condition":{"urlFilter":"||admedia.com/images/cross_channel_arrows.png","initiatorDomains":["isramedia.net"],"resourceTypes":["image"],"isUrlFilterCaseSensitive":false},"priority":100301},{"id":314,"action":{"type":"allow"},"condition":{"urlFilter":"||ads.yad2.co.il/adPic.png","resourceTypes":["image"],"isUrlFilterCaseSensitive":false},"priority":100101},{"id":315,"action":{"type":"allow"},"condition":{"urlFilter":"||adservice.google.co.il/adsid/integrator.js?","initiatorDomains":["13news.co.il","13tv.co.il","hamal.co.il","sheee.co.il","walla.co.il","ynet.co.il"],"resourceTypes":["script"],"isUrlFilterCaseSensitive":false},"priority":100218},{"id":316,"action":{"type":"allow"},"condition":{"urlFilter":"||adservice.google.com/adsid/integrator.js?","initiatorDomains":["13news.co.il","13tv.co.il","hamal.co.il","sheee.co.il","walla.co.il","ynet.co.il"],"resourceTypes":["script"],"isUrlFilterCaseSensitive":false},"priority":100218},{"id":317,"action":{"type":"allow"},"condition":{"urlFilter":"||adtest.advsnx.net^*?","initiatorDomains":["playern.sport5.co.il"],"resourceTypes":["xmlhttprequest"],"isUrlFilterCaseSensitive":false},"priority":100301},{"id":318,"action":{"type":"allow"},"condition":{"urlFilter":"||akamai.advsnx.net/CDN/","initiatorDomains":["kikar.co.il"],"isUrlFilterCaseSensitive":false},"priority":100201},{"id":319,"action":{"type":"allow"},"condition":{"urlFilter":"||akamai.advsnx.net/CDN/arutz7/","resourceTypes":["script"],"isUrlFilterCaseSensitive":false},"priority":100101},{"id":320,"action":{"type":"allow"},"condition":{"urlFilter":"||akamai.advsnx.net/CDN/israelhayom/html5/amsdk.js","initiatorDomains":["israelhayom-cdnwiz.com","israelhayom.co.il"],"resourceTypes":["script"],"isUrlFilterCaseSensitive":false},"priority":100251},{"id":321,"action":{"type":"allow"},"condition":{"urlFilter":"||akamai.advsnx.net/CDN/reshet/html5/amsdk.js","initiatorDomains":["13news.co.il","13tv.co.il"],"resourceTypes":["script"],"isUrlFilterCaseSensitive":false},"priority":100251},{"id":322,"action":{"type":"allow"},"condition":{"urlFilter":"||akamai.advsnx.net/CDN/sdk/*-min.js?","initiatorDomains":["mako.co.il"],"resourceTypes":["script"],"isUrlFilterCaseSensitive":false},"priority":100301},{"id":323,"action":{"type":"allow"},"condition":{"urlFilter":"||akamai.advsnx.net/CDN/sdk/plugins/*/plugin.js","initiatorDomains":["israelhayom-cdnwiz.com","israelhayom.co.il"],"resourceTypes":["script"],"isUrlFilterCaseSensitive":false},"priority":100251},{"id":324,"action":{"type":"allow"},"condition":{"urlFilter":"||akamai.advsnx.net/CDN/sdk/plugins/kaltura/plugin.js","initiatorDomains":["13news.co.il","13tv.co.il","israelhayom-cdnwiz.com","israelhayom.co.il"],"resourceTypes":["script"],"isUrlFilterCaseSensitive":false},"priority":100226},{"id":325,"action":{"type":"allow"},"condition":{"urlFilter":"||akamai.advsnx.net/CDN/sdk/plugins/vjs/plugin.js","initiatorDomains":["20il.co.il","ch20-cdnwiz.com","hamal.co.il","sheee.co.il","walla.co.il"],"resourceTypes":["script"],"isUrlFilterCaseSensitive":false},"priority":100221},{"id":326,"action":{"type":"allow"},"condition":{"urlFilter":"||akamai.advsnx.net/CDN/sdk/system-scripts/sys-moat.js","initiatorDomains":["mako.co.il"],"resourceTypes":["script"],"isUrlFilterCaseSensitive":false},"priority":100301},{"id":327,"action":{"type":"allow"},"condition":{"urlFilter":"||akamai.advsnx.net/CDN/walla/","isUrlFilterCaseSensitive":false},"priority":100001},{"id":328,"action":{"type":"allow"},"condition":{"urlFilter":"||akamai.advsnx.net/crossdomain.xml","initiatorDomains":["one.co.il","walla.co.il"],"isUrlFilterCaseSensitive":false},"priority":100151},{"id":329,"action":{"type":"allow"},"condition":{"urlFilter":"||akamai.advsnx.net^","initiatorDomains":["mako.co.il"],"resourceTypes":["xmlhttprequest"],"isUrlFilterCaseSensitive":false},"priority":100301},{"id":330,"action":{"type":"allow"},"condition":{"urlFilter":"||b-share.com/wp-content/*/advertisement.","domainType":"firstParty","resourceTypes":["script"],"isUrlFilterCaseSensitive":false},"priority":100102},{"id":331,"action":{"type":"allow"},"condition":{"urlFilter":"||banners.hosting-il.com^","initiatorDomains":["cinema-city.co.il","cinemacity.co.il"],"isUrlFilterCaseSensitive":false},"priority":100151},{"id":332,"action":{"type":"allow"},"condition":{"urlFilter":"||bhol.co.il/Flash/vaad","isUrlFilterCaseSensitive":false},"priority":100001},{"id":333,"action":{"type":"allow"},"condition":{"urlFilter":"||bhol.co.il/imagebank/400x250","isUrlFilterCaseSensitive":false},"priority":100001},{"id":334,"action":{"type":"allow"},"condition":{"urlFilter":"||bipbip.co.il/Images/Ads/","domainType":"firstParty","isUrlFilterCaseSensitive":false},"priority":100002},{"id":335,"action":{"type":"allow"},"condition":{"urlFilter":"||bipbip.co.il/Style/Ads.css","isUrlFilterCaseSensitive":false},"priority":100001},{"id":336,"action":{"type":"allow"},"condition":{"urlFilter":"||callil.co.il/content/Ads/","domainType":"firstParty","resourceTypes":["image"],"isUrlFilterCaseSensitive":false},"priority":100102},{"id":337,"action":{"type":"allow"},"condition":{"urlFilter":"||cdn.flowplayer.com/releases/native/stable/plugins/google-analytics.min.js","initiatorDomains":["ynet.co.il"],"resourceTypes":["script"],"isUrlFilterCaseSensitive":false},"priority":100301},{"id":338,"action":{"type":"allow"},"condition":{"urlFilter":"||cdn.taboola.com/libtrc/reshet-reshet/loader.js","initiatorDomains":["13news.co.il","13tv.co.il"],"resourceTypes":["script"],"isUrlFilterCaseSensitive":false},"priority":100251},{"id":339,"action":{"type":"allow"},"condition":{"urlFilter":"||cdn.taboola.com/libtrc/wallail-hamal/loader.js","initiatorDomains":["hamal.co.il"],"resourceTypes":["script"],"isUrlFilterCaseSensitive":false},"priority":100301},{"id":340,"action":{"type":"allow"},"condition":{"urlFilter":"||cdnjs.cloudflare.com/ajax/libs/videojs-contrib-ads/","initiatorDomains":["hamal.co.il","sheee.co.il","walla.co.il"],"resourceTypes":["script"],"isUrlFilterCaseSensitive":false},"priority":100235},{"id":341,"action":{"type":"allow"},"condition":{"urlFilter":"||cdnwiz.com/ads.js","resourceTypes":["xmlhttprequest"],"isUrlFilterCaseSensitive":false},"priority":100101},{"id":342,"action":{"type":"allow"},"condition":{"urlFilter":"||clalit.co.il/AdImages","isUrlFilterCaseSensitive":false},"priority":100001},{"id":343,"action":{"type":"allow"},"condition":{"urlFilter":"||dmag.co.il/pub/shvii/*","resourceTypes":["script"],"isUrlFilterCaseSensitive":false},"priority":100101},{"id":344,"action":{"type":"allow"},"condition":{"urlFilter":"||errors.snackly.co/_.gif|","initiatorDomains":["ynet.co.il"],"resourceTypes":["xmlhttprequest"],"isUrlFilterCaseSensitive":false},"priority":100301},{"id":345,"action":{"type":"allow"},"condition":{"urlFilter":"||globes.co.il/js/ads.js","isUrlFilterCaseSensitive":false},"priority":100001},{"id":346,"action":{"type":"allow"},"condition":{"urlFilter":"||globes.co.il/news/inc/banners/show_ads.js","isUrlFilterCaseSensitive":false},"priority":100001},{"id":347,"action":{"type":"allow"},"condition":{"urlFilter":"||googletagmanager.com/gtag/js?id=","initiatorDomains":["13news.co.il","13tv.co.il","one.co.il"],"resourceTypes":["script"],"isUrlFilterCaseSensitive":false},"priority":100235},{"id":348,"action":{"type":"allow"},"condition":{"urlFilter":"||googletagmanager.com/gtm.js","initiatorDomains":["clalitsmile.co.il","eshet.com","one.co.il"],"resourceTypes":["script"],"isUrlFilterCaseSensitive":false},"priority":100235},{"id":349,"action":{"type":"allow"},"condition":{"urlFilter":"||googletagservices.com/tag/js/gpt.js","initiatorDomains":["13news.co.il","13tv.co.il","nifgashim.net"],"isUrlFilterCaseSensitive":false},"priority":100135},{"id":350,"action":{"type":"allow"},"condition":{"urlFilter":"||gplanet.co.il/js/adx.js","isUrlFilterCaseSensitive":false},"priority":100001},{"id":351,"action":{"type":"allow"},"condition":{"urlFilter":"||hamal.co.il/advertising/ads/gtm.js|","domainType":"firstParty","resourceTypes":["script"],"isUrlFilterCaseSensitive":false},"priority":100102},{"id":352,"action":{"type":"allow"},"condition":{"urlFilter":"||hamal.co.il/public/assets/ads/","domainType":"firstParty","resourceTypes":["stylesheet"],"isUrlFilterCaseSensitive":false},"priority":100102},{"id":353,"action":{"type":"allow"},"condition":{"urlFilter":"||holmesplace.co.il/sites/all/modules","initiatorDomains":["holmesplace.co.il"],"isUrlFilterCaseSensitive":false},"priority":100201},{"id":354,"action":{"type":"allow"},"condition":{"urlFilter":"||hwzone.co.il/wp-content/plugins/wpadverts/assets/js/adverts-frontend.js","domainType":"firstParty","resourceTypes":["script"],"isUrlFilterCaseSensitive":false},"priority":100102},{"id":355,"action":{"type":"allow"},"condition":{"urlFilter":"||imaot.co.il/Recipe/","resourceTypes":["xmlhttprequest"],"isUrlFilterCaseSensitive":false},"priority":100101},{"id":356,"action":{"type":"allow"},"condition":{"urlFilter":"||imasdk.googleapis.com/js/sdkloader/ima3.js","initiatorDomains":["13news.co.il","13tv.co.il","bizportal.co.il","calcalist.co.il","hamal.co.il","maariv.co.il","mako.co.il","n12.co.il","one.co.il","sport5.co.il","tech12.co.il","tvbee.co.il","ynet.co.il"],"resourceTypes":["script"],"isUrlFilterCaseSensitive":false},"priority":100209},{"id":357,"action":{"type":"allow"},"condition":{"urlFilter":"||info.a7.org/info/a7delivery_f.php","initiatorDomains":["inn.co.il"],"resourceTypes":["script"],"isUrlFilterCaseSensitive":false},"priority":100301},{"id":358,"action":{"type":"allow"},"condition":{"urlFilter":"||info.a7.org/info/delivery/lg*.php?","initiatorDomains":["inn.co.il"],"resourceTypes":["image"],"isUrlFilterCaseSensitive":false},"priority":100301},{"id":359,"action":{"type":"allow"},"condition":{"urlFilter":"||info.jdn.co.il/r/a7delivery_f.php?func=fLoadOne","resourceTypes":["script"],"isUrlFilterCaseSensitive":false},"priority":100101},{"id":360,"action":{"type":"allow"},"condition":{"urlFilter":"||israelsport.co.il/digiweb/userfiles/images/Ads/Getty","resourceTypes":["image"],"isUrlFilterCaseSensitive":false},"priority":100101},{"id":361,"action":{"type":"allow"},"condition":{"urlFilter":"||isramedia.net/ads.js","domainType":"firstParty","resourceTypes":["script"],"isUrlFilterCaseSensitive":false},"priority":100102},{"id":362,"action":{"type":"allow"},"condition":{"urlFilter":"||isramedia.net/images/header/","domainType":"firstParty","resourceTypes":["image"],"isUrlFilterCaseSensitive":false},"priority":100102},{"id":363,"action":{"type":"allow"},"condition":{"urlFilter":"||jdn.co.il/wp-content/plugins/jdn_ads/js/info.css","resourceTypes":["stylesheet"],"isUrlFilterCaseSensitive":false},"priority":100101},{"id":364,"action":{"type":"allow"},"condition":{"urlFilter":"||jdn.co.il/wp-content/plugins/jdn_ads/js/info.js","resourceTypes":["script"],"isUrlFilterCaseSensitive":false},"priority":100101},{"id":365,"action":{"type":"allow"},"condition":{"urlFilter":"||kikar.co.il/js/ads.js","isUrlFilterCaseSensitive":false},"priority":100001},{"id":366,"action":{"type":"allow"},"condition":{"urlFilter":"||lamehadrin.co.il/_layouts/Shufersal.Yesh/Scripts/GTM.js","isUrlFilterCaseSensitive":false},"priority":100001},{"id":367,"action":{"type":"allow"},"condition":{"urlFilter":"||lb.advsnx.net/AdServer/?ZoneID=","initiatorDomains":["mako.co.il"],"isUrlFilterCaseSensitive":false},"priority":100201},{"id":368,"action":{"type":"allow"},"condition":{"urlFilter":"||lb.advsnx.net/as","initiatorDomains":["mako.co.il"],"isUrlFilterCaseSensitive":false},"priority":100201},{"id":369,"action":{"type":"allow"},"condition":{"urlFilter":"||lb.advsnx.net/crossdomain.xml","initiatorDomains":["mako.co.il"],"isUrlFilterCaseSensitive":false},"priority":100201},{"id":370,"action":{"type":"allow"},"condition":{"urlFilter":"||libs.outbrain.com/video/","initiatorDomains":["bizportal.co.il"],"resourceTypes":["script"],"isUrlFilterCaseSensitive":false},"priority":100301},{"id":371,"action":{"type":"allow"},"condition":{"urlFilter":"||mako.co.il/js/dfp/dfp.js","initiatorDomains":["mako.co.il"],"resourceTypes":["script"],"isUrlFilterCaseSensitive":false},"priority":100301},{"id":372,"action":{"type":"allow"},"condition":{"urlFilter":"||matrix.ynet.co.il/JS/GA/ads_controller.js","isUrlFilterCaseSensitive":false},"priority":100001},{"id":373,"action":{"type":"allow"},"condition":{"urlFilter":"||nv.vi-serve.com/vis-media/","initiatorDomains":["bizportal.co.il"],"resourceTypes":["image","media"],"isUrlFilterCaseSensitive":false},"priority":100276},{"id":374,"action":{"type":"allowAllRequests"},"condition":{"urlFilter":"||old-games.org^","resourceTypes":["main_frame"],"isUrlFilterCaseSensitive":false},"priority":140101},{"id":375,"action":{"type":"allow"},"condition":{"urlFilter":"||pagead2.googlesyndication.com/omsdk/","initiatorDomains":["ynet.co.il"],"resourceTypes":["script"],"isUrlFilterCaseSensitive":false},"priority":100301},{"id":376,"action":{"type":"allow"},"condition":{"urlFilter":"||pagead2.googlesyndication.com/pagead/js/*/show_ads_impl.js","initiatorDomains":["sport5.co.il"],"isUrlFilterCaseSensitive":false},"priority":100201},{"id":377,"action":{"type":"allow"},"condition":{"urlFilter":"||pagead2.googlesyndication.com/pagead/js/adsbygoogle.js","initiatorDomains":["haaretz.co.il","isramedia.net","mako.co.il","pc-dev.co.il","pc.co.il","sport5.co.il","themarker.com"],"isUrlFilterCaseSensitive":false},"priority":100116},{"id":378,"action":{"type":"allow"},"condition":{"urlFilter":"||pagead2.googlesyndication.com/pagead/show_ads.js","initiatorDomains":["pitaronfree.blogspot.co.il","pitaronfree.blogspot.com"],"isUrlFilterCaseSensitive":false},"priority":100151},{"id":379,"action":{"type":"allow"},"condition":{"urlFilter":"||partner.googleadservices.com/gpt/pubads_","initiatorDomains":["13news.co.il","13tv.co.il","haaretz.co.il","one.co.il","themarker.com"],"resourceTypes":["script"],"isUrlFilterCaseSensitive":false},"priority":100221},{"id":380,"action":{"type":"allow"},"condition":{"urlFilter":"||pas-rahav.com/creativitys","isUrlFilterCaseSensitive":false},"priority":100001},{"id":381,"action":{"type":"allow"},"condition":{"urlFilter":"||pas-rahav.com^","initiatorDomains":["cinema-city.co.il","cinemacity.co.il"],"isUrlFilterCaseSensitive":false},"priority":100151},{"id":382,"action":{"type":"allow"},"condition":{"urlFilter":"||player.bizportal.co.il/Handlers/Advertising.ashx?","resourceTypes":["xmlhttprequest"],"isUrlFilterCaseSensitive":false},"priority":100101},{"id":383,"action":{"type":"allow"},"condition":{"urlFilter":"||player.ynet.co.il/videojs-ima/videojs.ads.css","initiatorDomains":["calcalist.co.il"],"resourceTypes":["stylesheet"],"isUrlFilterCaseSensitive":false},"priority":100301},{"id":384,"action":{"type":"allow"},"condition":{"urlFilter":"||pubads.g.doubleclick.net/gampad/ad","initiatorDomains":["ynet.co.il"],"isUrlFilterCaseSensitive":false},"priority":100201},{"id":385,"action":{"type":"allow"},"condition":{"urlFilter":"||pubads.g.doubleclick.net/gampad/ads?ad_rule=","initiatorDomains":["mako.co.il"],"isUrlFilterCaseSensitive":false},"priority":100201},{"id":386,"action":{"type":"allow"},"condition":{"urlFilter":"||pubads.g.doubleclick.net/gampad/adx?iu=","initiatorDomains":["mako.co.il"],"isUrlFilterCaseSensitive":false},"priority":100201},{"id":387,"action":{"type":"allow"},"condition":{"urlFilter":"||qamesh.com/Images/advert.png","isUrlFilterCaseSensitive":false},"priority":100001},{"id":388,"action":{"type":"allow"},"condition":{"urlFilter":"||rcs.mako.co.il/js/ads.js","resourceTypes":["script","xmlhttprequest"],"isUrlFilterCaseSensitive":false},"priority":100076},{"id":389,"action":{"type":"allow"},"condition":{"urlFilter":"||rcs.mako.co.il/js/prebid-","initiatorDomains":["mako.co.il","n12.co.il","tech12.co.il","tvbee.co.il"],"resourceTypes":["xmlhttprequest"],"isUrlFilterCaseSensitive":false},"priority":100226},{"id":390,"action":{"type":"allow"},"condition":{"urlFilter":"||report.maccabi.*/cls_report?","initiatorDomains":["maccabi4u.co.il"],"resourceTypes":["xmlhttprequest"],"isUrlFilterCaseSensitive":false},"priority":100301},{"id":391,"action":{"type":"allow"},"condition":{"urlFilter":"||s.vi-serve.com/publishers/","initiatorDomains":["bizportal.co.il"],"resourceTypes":["script"],"isUrlFilterCaseSensitive":false},"priority":100301},{"id":392,"action":{"type":"allow"},"condition":{"urlFilter":"||s.vi-serve.com/source.m.js","initiatorDomains":["bizportal.co.il"],"resourceTypes":["script"],"isUrlFilterCaseSensitive":false},"priority":100301},{"id":393,"action":{"type":"allow"},"condition":{"urlFilter":"||s.vi-serve.com/tagLoader.js","initiatorDomains":["bizportal.co.il"],"resourceTypes":["script"],"isUrlFilterCaseSensitive":false},"priority":100301},{"id":394,"action":{"type":"allow"},"condition":{"urlFilter":"||s3.kikar.net/js/jquery.dfp.js","initiatorDomains":["kikar.co.il"],"isUrlFilterCaseSensitive":false},"priority":100201},{"id":395,"action":{"type":"allow"},"condition":{"urlFilter":"||securepubads.g.doubleclick.net/gampad/ads?gdfp_","initiatorDomains":["13news.co.il","13tv.co.il","nifgashim.net"],"resourceTypes":["script"],"isUrlFilterCaseSensitive":false},"priority":100235},{"id":396,"action":{"type":"allow"},"condition":{"urlFilter":"||securepubads.g.doubleclick.net/gpt/","initiatorDomains":["13news.co.il","13tv.co.il","nifgashim.net"],"resourceTypes":["script"],"isUrlFilterCaseSensitive":false},"priority":100235},{"id":397,"action":{"type":"allow"},"condition":{"urlFilter":"||securepubads.g.doubleclick.net/tag/js/","initiatorDomains":["13news.co.il","13tv.co.il"],"resourceTypes":["script"],"isUrlFilterCaseSensitive":false},"priority":100251},{"id":398,"action":{"type":"allow"},"condition":{"urlFilter":"||sekindo.com/content/pop/SekindoPopunderOverlay-","initiatorDomains":["kikar.co.il"],"resourceTypes":["object"],"isUrlFilterCaseSensitive":false},"priority":100301},{"id":399,"action":{"type":"allow"},"condition":{"urlFilter":"||services.haaretz.co.il/games-backend/","resourceTypes":["xmlhttprequest"],"isUrlFilterCaseSensitive":false},"priority":100101},{"id":400,"action":{"type":"allow"},"condition":{"urlFilter":"||sfx-images.mozilla.org^","resourceTypes":["image"],"isUrlFilterCaseSensitive":false},"priority":100101},{"id":401,"action":{"type":"allow"},"condition":{"urlFilter":"||sheee.co.il/public/assets/videojsads/videojs-contrib-ads.","domainType":"firstParty","resourceTypes":["stylesheet"],"isUrlFilterCaseSensitive":false},"priority":100102},{"id":402,"action":{"type":"allow"},"condition":{"urlFilter":"||shukitv.ucoz.com/script/ads.js","isUrlFilterCaseSensitive":false},"priority":100001},{"id":403,"action":{"type":"allow"},"condition":{"urlFilter":"||sport5.co.il^*/dfp.","domainType":"firstParty","resourceTypes":["script"],"isUrlFilterCaseSensitive":false},"priority":100102},{"id":404,"action":{"type":"allow"},"condition":{"urlFilter":"||sport5.co.il^*/dfp/","domainType":"firstParty","resourceTypes":["script"],"isUrlFilterCaseSensitive":false},"priority":100102},{"id":405,"action":{"type":"allow"},"condition":{"urlFilter":"||static.site24x7rum.com/beacon/site24x7rum-min.js","initiatorDomains":["one.co.il"],"resourceTypes":["script"],"isUrlFilterCaseSensitive":false},"priority":100301},{"id":406,"action":{"type":"allow"},"condition":{"urlFilter":"||t.vi-serve.com/?event=","initiatorDomains":["bizportal.co.il"],"resourceTypes":["image"],"isUrlFilterCaseSensitive":false},"priority":100301},{"id":407,"action":{"type":"allow"},"condition":{"urlFilter":"||tags.dxmdp.com/tags/","initiatorDomains":["13news.co.il","13tv.co.il"],"resourceTypes":["script"],"isUrlFilterCaseSensitive":false},"priority":100251},{"id":408,"action":{"type":"allowAllRequests"},"condition":{"urlFilter":"||taimeod.co.il^","resourceTypes":["main_frame"],"isUrlFilterCaseSensitive":false},"priority":140101},{"id":409,"action":{"type":"allow"},"condition":{"urlFilter":"||thetvdb.com/banners/","initiatorDomains":["wizdom.xyz"],"resourceTypes":["image"],"isUrlFilterCaseSensitive":false},"priority":100301},{"id":410,"action":{"type":"allow"},"condition":{"urlFilter":"||tornado-top.co.il/template/images/","isUrlFilterCaseSensitive":false},"priority":100001},{"id":411,"action":{"type":"allow"},"condition":{"urlFilter":"||translate.google.*/gen204?","initiatorDomains":["maccabi4u.co.il"],"resourceTypes":["image"],"isUrlFilterCaseSensitive":false},"priority":100301},{"id":412,"action":{"type":"allow"},"condition":{"urlFilter":"||trc.taboola.com/globes-il/","resourceTypes":["script"],"isUrlFilterCaseSensitive":false},"priority":100101},{"id":413,"action":{"type":"allow"},"condition":{"urlFilter":"||vis.vi-serve.com/playlist/","initiatorDomains":["bizportal.co.il"],"resourceTypes":["xmlhttprequest"],"isUrlFilterCaseSensitive":false},"priority":100301},{"id":414,"action":{"type":"allow"},"condition":{"urlFilter":"||walla.co.il/public/assets/videojsads/videojs-contrib-ads.","domainType":"firstParty","resourceTypes":["stylesheet"],"isUrlFilterCaseSensitive":false},"priority":100102},{"id":415,"action":{"type":"allow"},"condition":{"urlFilter":"||weather2day.co.il/ads.js?","domainType":"firstParty","resourceTypes":["script"],"isUrlFilterCaseSensitive":false},"priority":100102},{"id":416,"action":{"type":"allow"},"condition":{"urlFilter":"||yad2.co.il/ads.js","resourceTypes":["script"],"isUrlFilterCaseSensitive":false},"priority":100101},{"id":417,"action":{"type":"allow"},"condition":{"urlFilter":"||ynet.co.il/Common/Api/Scripts/video/videojs.ads.","domainType":"firstParty","resourceTypes":["stylesheet","script"],"isUrlFilterCaseSensitive":false},"priority":100077},{"id":418,"action":{"type":"allow"},"condition":{"urlFilter":"||ynet.co.il/dc/dcLoadAds/","initiatorDomains":["ynet.co.il"],"resourceTypes":["script"],"isUrlFilterCaseSensitive":false},"priority":100301},{"id":419,"action":{"type":"block"},"condition":{"urlFilter":"||admin.applicaster.com/v12//7047/Channel0_Android_Banners","isUrlFilterCaseSensitive":false},"priority":1},{"id":420,"action":{"type":"block"},"condition":{"urlFilter":"||apps.mako.co.il/mobile/config/android/sport5/ad_config.xml","isUrlFilterCaseSensitive":false},"priority":1},{"id":421,"action":{"type":"block"},"condition":{"urlFilter":"||apps.mako.co.il/mobile/config/android/sport5/banner_config.xml","isUrlFilterCaseSensitive":false},"priority":1},{"id":422,"action":{"type":"block"},"condition":{"urlFilter":"||fus.walla.co.il/json/5804468/mint.walla_android.homepage/spons","isUrlFilterCaseSensitive":false},"priority":1},{"id":423,"action":{"type":"block"},"condition":{"urlFilter":"||images.yad2.co.il/Pic/yad2new/homepage_promotions/prom","isUrlFilterCaseSensitive":false},"priority":1},{"id":424,"action":{"type":"block"},"condition":{"urlFilter":"||live.sekindo.com/uploads/users/*/ads/","isUrlFilterCaseSensitive":false},"priority":1},{"id":425,"action":{"type":"block"},"condition":{"urlFilter":"||m.sport5.co.il/Images/DreamTeam320X40.png","isUrlFilterCaseSensitive":false},"priority":1},{"id":426,"action":{"type":"block"},"condition":{"urlFilter":"||resources.fortvision.com/staticfiles","isUrlFilterCaseSensitive":false},"priority":1},{"id":427,"action":{"type":"block"},"condition":{"urlFilter":"||sport5.co.il/cm8ads/","isUrlFilterCaseSensitive":false},"priority":1},{"id":428,"action":{"type":"block"},"condition":{"urlFilter":"||static.fortvision.com/staticfiles/fb-web/","isUrlFilterCaseSensitive":false},"priority":1},{"id":429,"action":{"type":"allow"},"condition":{"urlFilter":"||ampproject.org/amp4ads-","initiatorDomains":["themarker.com"],"resourceTypes":["script"],"isUrlFilterCaseSensitive":false},"priority":100301},{"id":430,"action":{"type":"allow"},"condition":{"urlFilter":"||yad2.co.il/assets/mobile/ui/adpage/","domainType":"firstParty","resourceTypes":["image"],"isUrlFilterCaseSensitive":false},"priority":100102},{"id":125,"action":{"type":"modifyHeaders","responseHeaders":[{"operation":"append","header":"Content-Security-Policy","value":"script-src 'self' * blob: data: 'unsafe-inline'"}]},"condition":{"urlFilter":"||walla.co.il^","initiatorDomains":["animals.walla.co.il","b.walla.co.il","buzzit.walla.co.il","cars.walla.co.il","celebs.walla.co.il","e.walla.co.il","elections.walla.co.il","fashion.walla.co.il","finance.walla.co.il","food.walla.co.il","healthy.walla.co.il","home.walla.co.il","judaism.walla.co.il","mag.walla.co.il","movies.walla.co.il","nadlan.walla.co.il","news.walla.co.il","sports.walla.co.il","tags.walla.co.il","tech.walla.co.il","travel.walla.co.il","tv-guide.walla.co.il","viva.walla.co.il","vod.walla.co.il","weather.walla.co.il","www.walla.co.il"],"isUrlFilterCaseSensitive":false,"resourceTypes":["main_frame","sub_frame","stylesheet","script","image","font","object","xmlhttprequest","ping","media","websocket","other"]},"priority":105}]