[{"id":2,"action":{"type":"block"},"condition":{"urlFilter":"||3monkey.lol/vilagunk_640.html","initiatorDomains":["vilagunk.hu"],"isUrlFilterCaseSensitive":false},"priority":201},{"id":3,"action":{"type":"block"},"condition":{"urlFilter":"||aghtag.tech/libs/projectagora.min.js^","initiatorDomains":["gyakorikerdesek.hu","hoxa.hu"],"resourceTypes":["script"],"isUrlFilterCaseSensitive":false},"priority":251},{"id":4,"action":{"type":"block"},"condition":{"urlFilter":"||floweryoperation.com/v2/0/","initiatorDomains":["karpathir.com"],"isUrlFilterCaseSensitive":false},"priority":201},{"id":5,"action":{"type":"block"},"condition":{"urlFilter":"*/empty.json","isUrlFilterCaseSensitive":false},"priority":1},{"id":6,"action":{"type":"block"},"condition":{"urlFilter":"*/eu-banned-popup/","isUrlFilterCaseSensitive":false},"priority":1},{"id":7,"action":{"type":"block"},"condition":{"urlFilter":"||444.hu/*/ease/","isUrlFilterCaseSensitive":false},"priority":1},{"id":8,"action":{"type":"block"},"condition":{"urlFilter":"||ado.hu/banners/","resourceTypes":["image"],"isUrlFilterCaseSensitive":false},"priority":101},{"id":9,"action":{"type":"block"},"condition":{"urlFilter":"||affiliate.hu","resourceTypes":["sub_frame"],"isUrlFilterCaseSensitive":false},"priority":101},{"id":10,"action":{"type":"block"},"condition":{"urlFilter":"||affiliation.arukereso.hu/pbox/","isUrlFilterCaseSensitive":false},"priority":1},{"id":11,"action":{"type":"block"},"condition":{"urlFilter":"||alfahir.hu^*/hirdetesfoto/","resourceTypes":["image"],"isUrlFilterCaseSensitive":false},"priority":101},{"id":12,"action":{"type":"block"},"condition":{"urlFilter":"||amiotthonunk.hu/images/banners/","isUrlFilterCaseSensitive":false},"priority":1},{"id":13,"action":{"type":"block"},"condition":{"urlFilter":"||aori.hu/banner","isUrlFilterCaseSensitive":false},"priority":1},{"id":14,"action":{"type":"block"},"condition":{"urlFilter":"||asva.info/tmp/","isUrlFilterCaseSensitive":false},"priority":1},{"id":15,"action":{"type":"block"},"condition":{"urlFilter":"||asva.info/wp-content/themes/branfordmagazine/images/banners/","resourceTypes":["image"],"isUrlFilterCaseSensitive":false},"priority":101},{"id":16,"action":{"type":"block"},"condition":{"urlFilter":"||atv.hu/*reklam","isUrlFilterCaseSensitive":false},"priority":1},{"id":17,"action":{"type":"block"},"condition":{"urlFilter":"||autopro.hu/uploads/banners/","resourceTypes":["image"],"isUrlFilterCaseSensitive":false},"priority":101},{"id":18,"action":{"type":"block"},"condition":{"urlFilter":"||bannerserver.hu","resourceTypes":["sub_frame"],"isUrlFilterCaseSensitive":false},"priority":101},{"id":19,"action":{"type":"block"},"condition":{"urlFilter":"||bitport.hu/images/szponzoracio/","resourceTypes":["image"],"isUrlFilterCaseSensitive":false},"priority":101},{"id":20,"action":{"type":"block"},"condition":{"urlFilter":"||bkv.hu/public/assets/img/banner/","resourceTypes":["image"],"isUrlFilterCaseSensitive":false},"priority":101},{"id":21,"action":{"type":"block"},"condition":{"urlFilter":"||blog.hu/*/ad/","isUrlFilterCaseSensitive":false},"priority":1},{"id":22,"action":{"type":"block"},"condition":{"urlFilter":"||blog.hu/*/hird/*.","isUrlFilterCaseSensitive":false},"priority":1},{"id":23,"action":{"type":"block"},"condition":{"urlFilter":"||blog.hu/ad/","isUrlFilterCaseSensitive":false},"priority":1},{"id":24,"action":{"type":"block"},"condition":{"urlFilter":"||blog.hu/media/image/hird/","resourceTypes":["image"],"isUrlFilterCaseSensitive":false},"priority":101},{"id":25,"action":{"type":"block"},"condition":{"urlFilter":"||blog.hu/pixel","isUrlFilterCaseSensitive":false},"priority":1},{"id":26,"action":{"type":"block"},"condition":{"urlFilter":"||borsonline.hu/*hirdetes","isUrlFilterCaseSensitive":false},"priority":1},{"id":27,"action":{"type":"block"},"condition":{"urlFilter":"||cegmarketing.hu/banner","isUrlFilterCaseSensitive":false},"priority":1},{"id":28,"action":{"type":"block"},"condition":{"urlFilter":"||cfusion-internet.com^","domainType":"thirdParty","isUrlFilterCaseSensitive":false},"priority":2},{"id":29,"action":{"type":"block"},"condition":{"urlFilter":"||chat.hu/Client/banner","isUrlFilterCaseSensitive":false},"priority":1},{"id":30,"action":{"type":"block"},"condition":{"urlFilter":"||chat.hu/imgadverts","resourceTypes":["image"],"isUrlFilterCaseSensitive":false},"priority":101},{"id":31,"action":{"type":"block"},"condition":{"urlFilter":"||cosmopolitan.hu/*/sponsor/","isUrlFilterCaseSensitive":false},"priority":1},{"id":32,"action":{"type":"block"},"condition":{"urlFilter":"||csongradihirek.hu/portal/images/stories/_reklamok/","resourceTypes":["image"],"isUrlFilterCaseSensitive":false},"priority":101},{"id":33,"action":{"type":"block"},"condition":{"urlFilter":"||dijnet.hu/ekonto/images/news/","resourceTypes":["image"],"isUrlFilterCaseSensitive":false},"priority":101},{"id":34,"action":{"type":"block"},"condition":{"urlFilter":"||dijnet.hu/ekonto/images/szolg_logo/adomany_logo.jpg","resourceTypes":["image"],"isUrlFilterCaseSensitive":false},"priority":101},{"id":35,"action":{"type":"block"},"condition":{"urlFilter":"||dijnet.hu/ekonto/images/szolg_logo/hu/adomany_logo.jpg","resourceTypes":["image"],"isUrlFilterCaseSensitive":false},"priority":101},{"id":36,"action":{"type":"block"},"condition":{"urlFilter":"||duen.hu/*ad","isUrlFilterCaseSensitive":false},"priority":1},{"id":37,"action":{"type":"block"},"condition":{"urlFilter":"||esport1.hu/banner/","resourceTypes":["image"],"isUrlFilterCaseSensitive":false},"priority":101},{"id":38,"action":{"type":"block"},"condition":{"urlFilter":"||est.hu/design/img/szponzoracio/","resourceTypes":["image"],"isUrlFilterCaseSensitive":false},"priority":101},{"id":39,"action":{"type":"block"},"condition":{"urlFilter":"||eudomain.eu/ad","isUrlFilterCaseSensitive":false},"priority":1},{"id":40,"action":{"type":"block"},"condition":{"urlFilter":"||eudomain.eu/affiliate","isUrlFilterCaseSensitive":false},"priority":1},{"id":41,"action":{"type":"block"},"condition":{"urlFilter":"||ezoterikus.hu/*banner*/","isUrlFilterCaseSensitive":false},"priority":1},{"id":42,"action":{"type":"block"},"condition":{"urlFilter":"||femcafe.hu/*/spike_ad/","isUrlFilterCaseSensitive":false},"priority":1},{"id":43,"action":{"type":"block"},"condition":{"urlFilter":"||femcafe.hu/*/sponsoration/","isUrlFilterCaseSensitive":false},"priority":1},{"id":44,"action":{"type":"block"},"condition":{"urlFilter":"||femcafe.hu/*/szponzoracio/","isUrlFilterCaseSensitive":false},"priority":1},{"id":45,"action":{"type":"block"},"condition":{"urlFilter":"||femcafe.hu/spike-ad/","isUrlFilterCaseSensitive":false},"priority":1},{"id":46,"action":{"type":"block"},"condition":{"urlFilter":"||fototrend.hu/design/hatter.jpg","resourceTypes":["image"],"isUrlFilterCaseSensitive":false},"priority":101},{"id":47,"action":{"type":"block"},"condition":{"urlFilter":"||freeweb.hu/*_banner*.","isUrlFilterCaseSensitive":false},"priority":1},{"id":48,"action":{"type":"block"},"condition":{"urlFilter":"||gamepod.hu/ajanlo/lapcsalad.html","isUrlFilterCaseSensitive":false},"priority":1},{"id":49,"action":{"type":"block"},"condition":{"urlFilter":"||geeks.hu/*body-bg-*.","isUrlFilterCaseSensitive":false},"priority":1},{"id":50,"action":{"type":"block"},"condition":{"urlFilter":"||gigasex.hu/bannerek/","resourceTypes":["image"],"isUrlFilterCaseSensitive":false},"priority":101},{"id":51,"action":{"type":"block"},"condition":{"urlFilter":"||glassdoor.com/app/static/js/gd-fj-ads-init","resourceTypes":["script"],"isUrlFilterCaseSensitive":false},"priority":101},{"id":52,"action":{"type":"block"},"condition":{"urlFilter":"||gyakorikerdesek.hu/pic/bannerek/","resourceTypes":["image"],"isUrlFilterCaseSensitive":false},"priority":101},{"id":53,"action":{"type":"block"},"condition":{"urlFilter":"||harmonet.hu/*hirdetes","isUrlFilterCaseSensitive":false},"priority":1},{"id":54,"action":{"type":"block"},"condition":{"urlFilter":"||hasznaltgsm.hu/gsm/iframes/","isUrlFilterCaseSensitive":false},"priority":1},{"id":55,"action":{"type":"block"},"condition":{"urlFilter":"||hatarido-szamitas.hu/partnerek/","isUrlFilterCaseSensitive":false},"priority":1},{"id":56,"action":{"type":"block"},"condition":{"urlFilter":"||hazipatika.com/sponsoredbys/","isUrlFilterCaseSensitive":false},"priority":1},{"id":57,"action":{"type":"block"},"condition":{"urlFilter":"||hirado.hu*/microsites/*wallpaper*.","resourceTypes":["image"],"isUrlFilterCaseSensitive":false},"priority":101},{"id":58,"action":{"type":"block"},"condition":{"urlFilter":"||hirado.hu/Newsreel/*_bg_*.","resourceTypes":["image"],"isUrlFilterCaseSensitive":false},"priority":101},{"id":59,"action":{"type":"block"},"condition":{"urlFilter":"||hircsarda.hu/ads/","isUrlFilterCaseSensitive":false},"priority":1},{"id":60,"action":{"type":"block"},"condition":{"urlFilter":"||hirdetes.ingatlan.com/banner/","resourceTypes":["image"],"isUrlFilterCaseSensitive":false},"priority":101},{"id":61,"action":{"type":"block"},"condition":{"urlFilter":"||hirek.sk/banner/","resourceTypes":["image"],"isUrlFilterCaseSensitive":false},"priority":101},{"id":62,"action":{"type":"block"},"condition":{"urlFilter":"||hosszupuskasub.com/css/*skin.jpg","resourceTypes":["image"],"isUrlFilterCaseSensitive":false},"priority":101},{"id":63,"action":{"type":"block"},"condition":{"urlFilter":"||hrportal.hu/images/banner/","resourceTypes":["image"],"isUrlFilterCaseSensitive":false},"priority":101},{"id":64,"action":{"type":"block"},"condition":{"urlFilter":"||hungariantop1000.com/cgi-bin/counter.cgi","isUrlFilterCaseSensitive":false},"priority":1},{"id":65,"action":{"type":"block"},"condition":{"urlFilter":"||hupont.hu/hirdetes/","isUrlFilterCaseSensitive":false},"priority":1},{"id":66,"action":{"type":"block"},"condition":{"urlFilter":"||hwsw.hu/images/bodybgs/","resourceTypes":["image"],"isUrlFilterCaseSensitive":false},"priority":101},{"id":67,"action":{"type":"block"},"condition":{"urlFilter":"||hwsw.hu/images/bodybgs2/","isUrlFilterCaseSensitive":false},"priority":1},{"id":68,"action":{"type":"block"},"condition":{"urlFilter":"||i.cdn29.hu/apix_collect/ads","isUrlFilterCaseSensitive":false},"priority":1},{"id":69,"action":{"type":"block"},"condition":{"urlFilter":"||iho.hu/img/banner/","isUrlFilterCaseSensitive":false},"priority":1},{"id":70,"action":{"type":"block"},"condition":{"urlFilter":"||image.arukereso.hu/ad","resourceTypes":["image"],"isUrlFilterCaseSensitive":false},"priority":101},{"id":71,"action":{"type":"block"},"condition":{"urlFilter":"||img.hunbasket.webpont.com/kosarsport/art/*banner","resourceTypes":["image"],"isUrlFilterCaseSensitive":false},"priority":101},{"id":72,"action":{"type":"block"},"condition":{"urlFilter":"||infogyor.hu/*_banners/","isUrlFilterCaseSensitive":false},"priority":1},{"id":73,"action":{"type":"block"},"condition":{"urlFilter":"||informed.hu/*banner","isUrlFilterCaseSensitive":false},"priority":1},{"id":74,"action":{"type":"block"},"condition":{"urlFilter":"||ingyenweb.hu/felso/*.","isUrlFilterCaseSensitive":false},"priority":1},{"id":75,"action":{"type":"block"},"condition":{"urlFilter":"||ingyenweb.hu/smsbanner/","isUrlFilterCaseSensitive":false},"priority":1},{"id":76,"action":{"type":"block"},"condition":{"urlFilter":"||jogiforum.hu/files/partner/","isUrlFilterCaseSensitive":false},"priority":1},{"id":77,"action":{"type":"block"},"condition":{"urlFilter":"||keymedia.hu/keymediajs.cgi","isUrlFilterCaseSensitive":false},"priority":1},{"id":78,"action":{"type":"block"},"condition":{"urlFilter":"||kiszamolo.hu/wp-content/uploads/*banner*.png","resourceTypes":["image"],"isUrlFilterCaseSensitive":false},"priority":101},{"id":79,"action":{"type":"block"},"condition":{"urlFilter":"||kiszamolo.hu/wp-content/uploads/2016/09/Hitel-290x200-blog-jobb.gif","resourceTypes":["image"],"isUrlFilterCaseSensitive":false},"priority":101},{"id":80,"action":{"type":"block"},"condition":{"urlFilter":"||kiszamolo.hu/wp-content/uploads/2019/11/550x104-02.jpg","resourceTypes":["image"],"isUrlFilterCaseSensitive":false},"priority":101},{"id":81,"action":{"type":"block"},"condition":{"urlFilter":"||kiszamolo.hu/wp-content/uploads/2019/11/400x400-02.jpg","resourceTypes":["image"],"isUrlFilterCaseSensitive":false},"priority":101},{"id":82,"action":{"type":"block"},"condition":{"urlFilter":"||klasszikradio.hu/uploads/banner/","resourceTypes":["image"],"isUrlFilterCaseSensitive":false},"priority":101},{"id":83,"action":{"type":"block"},"condition":{"urlFilter":"||klubradio.hu/data/files/banner","resourceTypes":["image"],"isUrlFilterCaseSensitive":false},"priority":101},{"id":84,"action":{"type":"block"},"condition":{"urlFilter":"||konkretkonyvek.hu/data/banners/","resourceTypes":["image"],"isUrlFilterCaseSensitive":false},"priority":101},{"id":85,"action":{"type":"block"},"condition":{"urlFilter":"||koponyeg.hu/skins/k4/hirdetes/","isUrlFilterCaseSensitive":false},"priority":1},{"id":86,"action":{"type":"block"},"condition":{"urlFilter":"||kuruc.info/galeriaN/banner/","resourceTypes":["image"],"isUrlFilterCaseSensitive":false},"priority":101},{"id":87,"action":{"type":"block"},"condition":{"urlFilter":"||lapok.hu/felso/felso.php","isUrlFilterCaseSensitive":false},"priority":1},{"id":88,"action":{"type":"block"},"condition":{"urlFilter":"||libri.hu/export/prodBann/","isUrlFilterCaseSensitive":false},"priority":1},{"id":89,"action":{"type":"block"},"condition":{"urlFilter":"||libri.hu/html/images/skin/","resourceTypes":["image"],"isUrlFilterCaseSensitive":false},"priority":101},{"id":90,"action":{"type":"block"},"condition":{"urlFilter":"||lolmarkt.hu/banner/","resourceTypes":["image"],"isUrlFilterCaseSensitive":false},"priority":101},{"id":91,"action":{"type":"block"},"condition":{"urlFilter":"||love.hu/design/*hirdetes*.","isUrlFilterCaseSensitive":false},"priority":1},{"id":92,"action":{"type":"block"},"condition":{"urlFilter":"||magyar-elektronika.hu/images/banners/","resourceTypes":["image"],"isUrlFilterCaseSensitive":false},"priority":101},{"id":93,"action":{"type":"block"},"condition":{"urlFilter":"||magyarszo.com/images/banner/","resourceTypes":["image"],"isUrlFilterCaseSensitive":false},"priority":101},{"id":94,"action":{"type":"block"},"condition":{"urlFilter":"||mandiner.hu/*/banner/","resourceTypes":["image"],"isUrlFilterCaseSensitive":false},"priority":101},{"id":95,"action":{"type":"block"},"condition":{"urlFilter":"||mandiner.hu/images/design/*-bg.","resourceTypes":["image"],"isUrlFilterCaseSensitive":false},"priority":101},{"id":96,"action":{"type":"block"},"condition":{"urlFilter":"||medicalonline.hu/*hirdetes","isUrlFilterCaseSensitive":false},"priority":1},{"id":97,"action":{"type":"block"},"condition":{"urlFilter":"||metropol.hu/*/images/sponsor_*.","resourceTypes":["image"],"isUrlFilterCaseSensitive":false},"priority":101},{"id":98,"action":{"type":"block"},"condition":{"urlFilter":"||miabonyunk.hu/hirdetesek/","isUrlFilterCaseSensitive":false},"priority":1},{"id":99,"action":{"type":"block"},"condition":{"urlFilter":"||mindmegette.hu/images/294/O/nyerjagyulaival_2020_background_300x300.jpg","resourceTypes":["image"],"isUrlFilterCaseSensitive":false},"priority":101},{"id":100,"action":{"type":"block"},"condition":{"urlFilter":"||mkbnetbankar.hu/banner","isUrlFilterCaseSensitive":false},"priority":1},{"id":101,"action":{"type":"block"},"condition":{"urlFilter":"||mlzphoto.hu/bannerek/","resourceTypes":["image"],"isUrlFilterCaseSensitive":false},"priority":101},{"id":102,"action":{"type":"block"},"condition":{"urlFilter":"||mobilarena.hu/ajanlo/lapcsalad.html","isUrlFilterCaseSensitive":false},"priority":1},{"id":103,"action":{"type":"block"},"condition":{"urlFilter":"||napidroid.hu/*/*hird","isUrlFilterCaseSensitive":false},"priority":1},{"id":104,"action":{"type":"block"},"condition":{"urlFilter":"||napidroid.hu/*/*logo","resourceTypes":["image"],"isUrlFilterCaseSensitive":false},"priority":101},{"id":105,"action":{"type":"block"},"condition":{"urlFilter":"||napocska.hu/images/*_advert*.","resourceTypes":["image"],"isUrlFilterCaseSensitive":false},"priority":101},{"id":106,"action":{"type":"block"},"condition":{"urlFilter":"||net-solutions.hu/banner/","resourceTypes":["image"],"isUrlFilterCaseSensitive":false},"priority":101},{"id":107,"action":{"type":"block"},"condition":{"urlFilter":"||noplaza.hu/banner/","resourceTypes":["image"],"isUrlFilterCaseSensitive":false},"priority":101},{"id":108,"action":{"type":"block"},"condition":{"urlFilter":"||nso.hu/*/sponsoration/*.","isUrlFilterCaseSensitive":false},"priority":1},{"id":109,"action":{"type":"block"},"condition":{"urlFilter":"||okmanyiroda.hu/banner.html","isUrlFilterCaseSensitive":false},"priority":1},{"id":110,"action":{"type":"block"},"condition":{"urlFilter":"||p3k.hu/*_hatter*.","resourceTypes":["image"],"isUrlFilterCaseSensitive":false},"priority":101},{"id":111,"action":{"type":"block"},"condition":{"urlFilter":"||p3k.hu/*szponz*.","isUrlFilterCaseSensitive":false},"priority":1},{"id":112,"action":{"type":"block"},"condition":{"urlFilter":"||partyzoo.hu/banner/","resourceTypes":["image"],"isUrlFilterCaseSensitive":false},"priority":101},{"id":113,"action":{"type":"block"},"condition":{"urlFilter":"||pcguru.hu/uploads/banners/*.jpg","resourceTypes":["image"],"isUrlFilterCaseSensitive":false},"priority":101},{"id":114,"action":{"type":"block"},"condition":{"urlFilter":"||pcpult.hu/*/banner/","resourceTypes":["image"],"isUrlFilterCaseSensitive":false},"priority":101},{"id":115,"action":{"type":"block"},"condition":{"urlFilter":"||pcworld.hu/bannerek/","resourceTypes":["image"],"isUrlFilterCaseSensitive":false},"priority":101},{"id":116,"action":{"type":"block"},"condition":{"urlFilter":"||piacesprofit.hu/files/skin/","resourceTypes":["image"],"isUrlFilterCaseSensitive":false},"priority":101},{"id":117,"action":{"type":"block"},"condition":{"urlFilter":"||pornolize.com/*?clickTAG=","isUrlFilterCaseSensitive":false},"priority":1},{"id":118,"action":{"type":"block"},"condition":{"urlFilter":"||port-network.com/sponsoration_elements/","isUrlFilterCaseSensitive":false},"priority":1},{"id":119,"action":{"type":"block"},"condition":{"urlFilter":"||portfolio.hu/img/partner/","resourceTypes":["image"],"isUrlFilterCaseSensitive":false},"priority":101},{"id":120,"action":{"type":"block"},"condition":{"urlFilter":"||preissuchmaschine.de/banner/","resourceTypes":["image"],"isUrlFilterCaseSensitive":false},"priority":101},{"id":121,"action":{"type":"block"},"condition":{"urlFilter":"||prohardver.hu/dl/cnt/*/background.png","resourceTypes":["image"],"isUrlFilterCaseSensitive":false},"priority":101},{"id":122,"action":{"type":"block"},"condition":{"urlFilter":"||randihely.hu/adnews/","isUrlFilterCaseSensitive":false},"priority":1},{"id":123,"action":{"type":"block"},"condition":{"urlFilter":"||revizoronline.com/*banner","isUrlFilterCaseSensitive":false},"priority":1},{"id":124,"action":{"type":"block"},"condition":{"urlFilter":"||sg.hu/images/hirdetes.gif","resourceTypes":["image"],"isUrlFilterCaseSensitive":false},"priority":101},{"id":125,"action":{"type":"block"},"condition":{"urlFilter":"||sg.hu/sg.wgt","isUrlFilterCaseSensitive":false},"priority":1},{"id":126,"action":{"type":"block"},"condition":{"urlFilter":"||sielok.hu/kampanybanner/","resourceTypes":["image"],"isUrlFilterCaseSensitive":false},"priority":101},{"id":127,"action":{"type":"block"},"condition":{"urlFilter":"||sikerado.hu/banner/","resourceTypes":["image"],"isUrlFilterCaseSensitive":false},"priority":101},{"id":128,"action":{"type":"block"},"condition":{"urlFilter":"||stat.profession.hu/static/assets/images/prize-game","resourceTypes":["image"],"isUrlFilterCaseSensitive":false},"priority":101},{"id":129,"action":{"type":"block"},"condition":{"urlFilter":"||static.lhp.hu/lhp.hu/bannerek/","resourceTypes":["image"],"isUrlFilterCaseSensitive":false},"priority":101},{"id":130,"action":{"type":"block"},"condition":{"urlFilter":"||static.love.hu/design/ad/","isUrlFilterCaseSensitive":false},"priority":1},{"id":131,"action":{"type":"block"},"condition":{"urlFilter":"||static.nemzetisport.hu//style/nso/i/*banner","isUrlFilterCaseSensitive":false},"priority":1},{"id":132,"action":{"type":"block"},"condition":{"urlFilter":"||static.nemzetisport.hu//style/nso/i/betclic.gif","resourceTypes":["image"],"isUrlFilterCaseSensitive":false},"priority":101},{"id":133,"action":{"type":"block"},"condition":{"urlFilter":"||static.origos.hu/s/css/responsive-ads/hangar/hangar-investor-web.css","resourceTypes":["stylesheet"],"isUrlFilterCaseSensitive":false},"priority":101},{"id":134,"action":{"type":"block"},"condition":{"urlFilter":"||stylemagazin.hu/static/template_settings/","isUrlFilterCaseSensitive":false},"priority":1},{"id":135,"action":{"type":"block"},"condition":{"urlFilter":"||szegeder.hu/get-ads","isUrlFilterCaseSensitive":false},"priority":1},{"id":136,"action":{"type":"block"},"condition":{"urlFilter":"||szegeder.hu/js/ads-prebid.js^","resourceTypes":["script"],"isUrlFilterCaseSensitive":false},"priority":101},{"id":137,"action":{"type":"block"},"condition":{"urlFilter":"||szegedma.hu/*banners/*.","isUrlFilterCaseSensitive":false},"priority":1},{"id":138,"action":{"type":"block"},"condition":{"urlFilter":"||szepsegbroker.hu/banner/","resourceTypes":["image"],"isUrlFilterCaseSensitive":false},"priority":101},{"id":139,"action":{"type":"block"},"condition":{"urlFilter":"||szepsegbroker.hu/elements/bannerz.2019.js^","resourceTypes":["script"],"isUrlFilterCaseSensitive":false},"priority":101},{"id":140,"action":{"type":"block"},"condition":{"urlFilter":"||talalka.hu/hirdetes/","isUrlFilterCaseSensitive":false},"priority":1},{"id":141,"action":{"type":"block"},"condition":{"urlFilter":"||telefonguru.hu/banners/","resourceTypes":["image"],"isUrlFilterCaseSensitive":false},"priority":101},{"id":142,"action":{"type":"block"},"condition":{"urlFilter":"||telefonguru.hu/iframes/","isUrlFilterCaseSensitive":false},"priority":1},{"id":143,"action":{"type":"block"},"condition":{"urlFilter":"||tvn.hu/tvn/kepek/xpoker.hu/","resourceTypes":["image"],"isUrlFilterCaseSensitive":false},"priority":101},{"id":144,"action":{"type":"block"},"condition":{"urlFilter":"||ultraweb.hu/ad*.php","isUrlFilterCaseSensitive":false},"priority":1},{"id":145,"action":{"type":"block"},"condition":{"urlFilter":"||utcakereso.hu/hirdetes/","isUrlFilterCaseSensitive":false},"priority":1},{"id":146,"action":{"type":"block"},"condition":{"urlFilter":"||vatera.hu/affiliate/images/banner/","resourceTypes":["image"],"isUrlFilterCaseSensitive":false},"priority":101},{"id":147,"action":{"type":"block"},"condition":{"urlFilter":"||vezess.hu/data/files/bannerek/","resourceTypes":["image"],"isUrlFilterCaseSensitive":false},"priority":101},{"id":148,"action":{"type":"block"},"condition":{"urlFilter":"||vezess.hu/data/files/kapcsolodo_anyagok/szponz_hatterek/","resourceTypes":["image"],"isUrlFilterCaseSensitive":false},"priority":101},{"id":149,"action":{"type":"block"},"condition":{"urlFilter":"||vezess2.p3k.hu/app/uploads/*nyeremenyjatek","resourceTypes":["image"],"isUrlFilterCaseSensitive":false},"priority":101},{"id":150,"action":{"type":"block"},"condition":{"urlFilter":"||vg.hu/banners/","resourceTypes":["image"],"isUrlFilterCaseSensitive":false},"priority":101},{"id":151,"action":{"type":"block"},"condition":{"urlFilter":"||webminute.hu/bannerek/","resourceTypes":["image"],"isUrlFilterCaseSensitive":false},"priority":101},{"id":152,"action":{"type":"block"},"condition":{"urlFilter":"||zeneszoveg.hu/gfx/skin-*/*.","isUrlFilterCaseSensitive":false},"priority":1},{"id":153,"action":{"type":"block"},"condition":{"urlFilter":"||widget.block4d.com^","isUrlFilterCaseSensitive":false},"priority":1},{"id":154,"action":{"type":"block"},"condition":{"urlFilter":"||a.adnium.com^","isUrlFilterCaseSensitive":false},"priority":1},{"id":155,"action":{"type":"block"},"condition":{"urlFilter":"||ad.depo.hu^","isUrlFilterCaseSensitive":false},"priority":1},{"id":156,"action":{"type":"block"},"condition":{"urlFilter":"||ad.gyermekevek.hu^","isUrlFilterCaseSensitive":false},"priority":1},{"id":157,"action":{"type":"block"},"condition":{"urlFilter":"||ad.hirekmedia.hu^","isUrlFilterCaseSensitive":false},"priority":1},{"id":158,"action":{"type":"block"},"condition":{"urlFilter":"||ad.kapos.hu^","isUrlFilterCaseSensitive":false},"priority":1},{"id":159,"action":{"type":"block"},"condition":{"urlFilter":"||ad.love.hu^","isUrlFilterCaseSensitive":false},"priority":1},{"id":160,"action":{"type":"block"},"condition":{"urlFilter":"||ad.napilapcsoport.hu^","isUrlFilterCaseSensitive":false},"priority":1},{"id":161,"action":{"type":"block"},"condition":{"urlFilter":"||ad.onadozo.hu^","isUrlFilterCaseSensitive":false},"priority":1},{"id":162,"action":{"type":"block"},"condition":{"urlFilter":"||ad.parom.hu^","isUrlFilterCaseSensitive":false},"priority":1},{"id":163,"action":{"type":"block"},"condition":{"urlFilter":"||ad.pphungary.hu^","isUrlFilterCaseSensitive":false},"priority":1},{"id":164,"action":{"type":"block"},"condition":{"urlFilter":"||ad.szexneked.hu^","isUrlFilterCaseSensitive":false},"priority":1},{"id":165,"action":{"type":"block"},"condition":{"urlFilter":"||ad*.gyaloglo.hu^","isUrlFilterCaseSensitive":false},"priority":1},{"id":166,"action":{"type":"block"},"condition":{"urlFilter":"||ad*.mellesleg.hu^","isUrlFilterCaseSensitive":false},"priority":1},{"id":167,"action":{"type":"block"},"condition":{"urlFilter":"||adfair.hu^","isUrlFilterCaseSensitive":false},"priority":1},{"id":168,"action":{"type":"block"},"condition":{"urlFilter":"||adfree-stat.p3g.hu^","isUrlFilterCaseSensitive":false},"priority":1},{"id":169,"action":{"type":"block"},"condition":{"urlFilter":"||ads.geeks.hu^","isUrlFilterCaseSensitive":false},"priority":1},{"id":170,"action":{"type":"block"},"condition":{"urlFilter":"||adv.forpsi.hu^","isUrlFilterCaseSensitive":false},"priority":1},{"id":171,"action":{"type":"block"},"condition":{"urlFilter":"||adv.hu^","isUrlFilterCaseSensitive":false},"priority":1},{"id":172,"action":{"type":"block"},"condition":{"urlFilter":"||adverbs.napilapcsoport.hu^","isUrlFilterCaseSensitive":false},"priority":1},{"id":173,"action":{"type":"block"},"condition":{"urlFilter":"||advert*.ultraweb.hu^","isUrlFilterCaseSensitive":false},"priority":1},{"id":174,"action":{"type":"block"},"condition":{"urlFilter":"||adverticum.*.hu^","isUrlFilterCaseSensitive":false},"priority":1},{"id":175,"action":{"type":"block"},"condition":{"urlFilter":"||app.livechatoo.com^","isUrlFilterCaseSensitive":false},"priority":1},{"id":176,"action":{"type":"block"},"condition":{"urlFilter":"||as*.prog.hu^","isUrlFilterCaseSensitive":false},"priority":1},{"id":177,"action":{"type":"block"},"condition":{"urlFilter":"||audit.median.hu^","isUrlFilterCaseSensitive":false},"priority":1},{"id":178,"action":{"type":"block"},"condition":{"urlFilter":"||avatraffic.com^","isUrlFilterCaseSensitive":false},"priority":1},{"id":179,"action":{"type":"block"},"condition":{"urlFilter":"||banner.webtar.hu^","isUrlFilterCaseSensitive":false},"priority":1},{"id":180,"action":{"type":"block"},"condition":{"urlFilter":"||bannerzone.agroinform.hu^","isUrlFilterCaseSensitive":false},"priority":1},{"id":181,"action":{"type":"block"},"condition":{"urlFilter":"||brostraffic.com^","isUrlFilterCaseSensitive":false},"priority":1},{"id":182,"action":{"type":"block"},"condition":{"urlFilter":"||campaign-remp.444.hu^","isUrlFilterCaseSensitive":false},"priority":1},{"id":183,"action":{"type":"block"},"condition":{"urlFilter":"||cdn-dynamic.optimonk.com^","isUrlFilterCaseSensitive":false},"priority":1},{"id":184,"action":{"type":"block"},"condition":{"urlFilter":"||daserver.ultraweb.hu^","isUrlFilterCaseSensitive":false},"priority":1},{"id":185,"action":{"type":"block"},"condition":{"urlFilter":"||et.twyn.com^","isUrlFilterCaseSensitive":false},"priority":1},{"id":186,"action":{"type":"block"},"condition":{"urlFilter":"||etargetnet.*.hu^","isUrlFilterCaseSensitive":false},"priority":1},{"id":187,"action":{"type":"block"},"condition":{"urlFilter":"||fourtwentytradingcompany.net^","isUrlFilterCaseSensitive":false},"priority":1},{"id":188,"action":{"type":"block"},"condition":{"urlFilter":"||fruitflan.com^","isUrlFilterCaseSensitive":false},"priority":1},{"id":189,"action":{"type":"block"},"condition":{"urlFilter":"||iofferphoto.com^","isUrlFilterCaseSensitive":false},"priority":1},{"id":190,"action":{"type":"block"},"condition":{"urlFilter":"||loading-delivery2.com^","isUrlFilterCaseSensitive":false},"priority":1},{"id":191,"action":{"type":"block"},"condition":{"urlFilter":"||media.netpositive.hu^","isUrlFilterCaseSensitive":false},"priority":1},{"id":192,"action":{"type":"block"},"condition":{"urlFilter":"||netadclick.com^","isUrlFilterCaseSensitive":false},"priority":1},{"id":193,"action":{"type":"block"},"condition":{"urlFilter":"||netexs.com^","isUrlFilterCaseSensitive":false},"priority":1},{"id":194,"action":{"type":"block"},"condition":{"urlFilter":"||new-bigpenn.com^","isUrlFilterCaseSensitive":false},"priority":1},{"id":195,"action":{"type":"block"},"condition":{"urlFilter":"||pixel.blog.hu^","isUrlFilterCaseSensitive":false},"priority":1},{"id":196,"action":{"type":"block"},"condition":{"urlFilter":"||pixel.sojern.com^","isUrlFilterCaseSensitive":false},"priority":1},{"id":197,"action":{"type":"block"},"condition":{"urlFilter":"||rc.rc.hu^","isUrlFilterCaseSensitive":false},"priority":1},{"id":198,"action":{"type":"block"},"condition":{"urlFilter":"||rc.rootclick.com^","isUrlFilterCaseSensitive":false},"priority":1},{"id":199,"action":{"type":"block"},"condition":{"urlFilter":"||redwolfmoon.com^","isUrlFilterCaseSensitive":false},"priority":1},{"id":200,"action":{"type":"block"},"condition":{"urlFilter":"||rehs.*.hu^","isUrlFilterCaseSensitive":false},"priority":1},{"id":201,"action":{"type":"block"},"condition":{"urlFilter":"||related.hu^","isUrlFilterCaseSensitive":false},"priority":1},{"id":202,"action":{"type":"block"},"condition":{"urlFilter":"||sher.*.hu^","isUrlFilterCaseSensitive":false},"priority":1},{"id":203,"action":{"type":"block"},"condition":{"urlFilter":"||smartcj.com^","isUrlFilterCaseSensitive":false},"priority":1},{"id":204,"action":{"type":"block"},"condition":{"urlFilter":"||stat.adultium.com^","isUrlFilterCaseSensitive":false},"priority":1},{"id":205,"action":{"type":"block"},"condition":{"urlFilter":"||stats.badoostats.com^","isUrlFilterCaseSensitive":false},"priority":1},{"id":206,"action":{"type":"block"},"condition":{"urlFilter":"||syndication.trafficreps.com^","isUrlFilterCaseSensitive":false},"priority":1},{"id":207,"action":{"type":"block"},"condition":{"urlFilter":"||szemezgeto*.ingatlan.com^","isUrlFilterCaseSensitive":false},"priority":1},{"id":208,"action":{"type":"block"},"condition":{"urlFilter":"||up-banner.wavecdn.de^","isUrlFilterCaseSensitive":false},"priority":1},{"id":209,"action":{"type":"block"},"condition":{"urlFilter":"||vid4u.org^","isUrlFilterCaseSensitive":false},"priority":1},{"id":210,"action":{"type":"block"},"condition":{"urlFilter":"||wstat.ozon.ru^","isUrlFilterCaseSensitive":false},"priority":1},{"id":211,"action":{"type":"block"},"condition":{"urlFilter":"||abmr.net^","domainType":"thirdParty","isUrlFilterCaseSensitive":false},"priority":2},{"id":212,"action":{"type":"block"},"condition":{"urlFilter":"||ad.hu^","domainType":"thirdParty","isUrlFilterCaseSensitive":false},"priority":2},{"id":213,"action":{"type":"block"},"condition":{"urlFilter":"||ad4mat.net^","domainType":"thirdParty","isUrlFilterCaseSensitive":false},"priority":2},{"id":214,"action":{"type":"block"},"condition":{"urlFilter":"||adfox.ru^","domainType":"thirdParty","isUrlFilterCaseSensitive":false},"priority":2},{"id":215,"action":{"type":"block"},"condition":{"urlFilter":"||ads.sg.hu^","domainType":"thirdParty","isUrlFilterCaseSensitive":false},"priority":2},{"id":216,"action":{"type":"block"},"condition":{"urlFilter":"||ads.ventivmedia.com^","domainType":"thirdParty","isUrlFilterCaseSensitive":false},"priority":2},{"id":217,"action":{"type":"block"},"condition":{"urlFilter":"||advantage.as^","domainType":"thirdParty","isUrlFilterCaseSensitive":false},"priority":2},{"id":218,"action":{"type":"block"},"condition":{"urlFilter":"||advertshot.ru^","domainType":"thirdParty","isUrlFilterCaseSensitive":false},"priority":2},{"id":219,"action":{"type":"block"},"condition":{"urlFilter":"||affiliate.hu^","domainType":"thirdParty","isUrlFilterCaseSensitive":false},"priority":2},{"id":220,"action":{"type":"block"},"condition":{"urlFilter":"||audtd.com^","domainType":"thirdParty","isUrlFilterCaseSensitive":false},"priority":2},{"id":221,"action":{"type":"block"},"condition":{"urlFilter":"||banner.aqua.hu^","domainType":"thirdParty","isUrlFilterCaseSensitive":false},"priority":2},{"id":222,"action":{"type":"block"},"condition":{"urlFilter":"||betfair.com^","domainType":"thirdParty","isUrlFilterCaseSensitive":false},"priority":2},{"id":223,"action":{"type":"block"},"condition":{"urlFilter":"||bongacash.com^","domainType":"thirdParty","isUrlFilterCaseSensitive":false},"priority":2},{"id":224,"action":{"type":"block"},"condition":{"urlFilter":"||calivary.com^","domainType":"thirdParty","isUrlFilterCaseSensitive":false},"priority":2},{"id":225,"action":{"type":"block"},"condition":{"urlFilter":"||clicksure.com^","domainType":"thirdParty","isUrlFilterCaseSensitive":false},"priority":2},{"id":226,"action":{"type":"block"},"condition":{"urlFilter":"||data.bookline.hu^","domainType":"thirdParty","isUrlFilterCaseSensitive":false},"priority":2},{"id":227,"action":{"type":"block"},"condition":{"urlFilter":"||head-clickfusion.com^","domainType":"thirdParty","isUrlFilterCaseSensitive":false},"priority":2},{"id":228,"action":{"type":"block"},"condition":{"urlFilter":"||hitelkereso.hu^","domainType":"thirdParty","isUrlFilterCaseSensitive":false},"priority":2},{"id":229,"action":{"type":"block"},"condition":{"urlFilter":"||iforex.com^","domainType":"thirdParty","isUrlFilterCaseSensitive":false},"priority":2},{"id":230,"action":{"type":"block"},"condition":{"urlFilter":"||iitech.dk^","domainType":"thirdParty","isUrlFilterCaseSensitive":false},"priority":2},{"id":231,"action":{"type":"block"},"condition":{"urlFilter":"||ingatlannet.hu^","domainType":"thirdParty","isUrlFilterCaseSensitive":false},"priority":2},{"id":232,"action":{"type":"block"},"condition":{"urlFilter":"||js.leadin.com^","domainType":"thirdParty","isUrlFilterCaseSensitive":false},"priority":2},{"id":233,"action":{"type":"block"},"condition":{"urlFilter":"||klix.hu^","domainType":"thirdParty","isUrlFilterCaseSensitive":false},"priority":2},{"id":234,"action":{"type":"block"},"condition":{"urlFilter":"||link.adaptivemedia.hu^","domainType":"thirdParty","isUrlFilterCaseSensitive":false},"priority":2},{"id":235,"action":{"type":"block"},"condition":{"urlFilter":"||m2mzona.hu/ads^","domainType":"thirdParty","isUrlFilterCaseSensitive":false},"priority":2},{"id":236,"action":{"type":"block"},"condition":{"urlFilter":"||mytarget.hu^","domainType":"thirdParty","isUrlFilterCaseSensitive":false},"priority":2},{"id":237,"action":{"type":"block"},"condition":{"urlFilter":"||napiaszhirdetesek^","domainType":"thirdParty","isUrlFilterCaseSensitive":false},"priority":2},{"id":238,"action":{"type":"block"},"condition":{"urlFilter":"||out.pladform.ru^","domainType":"thirdParty","isUrlFilterCaseSensitive":false},"priority":2},{"id":239,"action":{"type":"block"},"condition":{"urlFilter":"||po.st^","domainType":"thirdParty","isUrlFilterCaseSensitive":false},"priority":2},{"id":240,"action":{"type":"block"},"condition":{"urlFilter":"||pornedup.com^","domainType":"thirdParty","isUrlFilterCaseSensitive":false},"priority":2},{"id":241,"action":{"type":"block"},"condition":{"urlFilter":"||premads.info^","domainType":"thirdParty","isUrlFilterCaseSensitive":false},"priority":2},{"id":242,"action":{"type":"block"},"condition":{"urlFilter":"||salesmanago.pl^","domainType":"thirdParty","isUrlFilterCaseSensitive":false},"priority":2},{"id":243,"action":{"type":"block"},"condition":{"urlFilter":"||seedr.com^","domainType":"thirdParty","isUrlFilterCaseSensitive":false},"priority":2},{"id":244,"action":{"type":"block"},"condition":{"urlFilter":"||seedr.ru^","domainType":"thirdParty","isUrlFilterCaseSensitive":false},"priority":2},{"id":245,"action":{"type":"block"},"condition":{"urlFilter":"||sexchat.hu^","domainType":"thirdParty","isUrlFilterCaseSensitive":false},"priority":2},{"id":246,"action":{"type":"block"},"condition":{"urlFilter":"||shortlink.sex^","domainType":"thirdParty","isUrlFilterCaseSensitive":false},"priority":2},{"id":247,"action":{"type":"block"},"condition":{"urlFilter":"||statsector.hu^","domainType":"thirdParty","isUrlFilterCaseSensitive":false},"priority":2},{"id":248,"action":{"type":"block"},"condition":{"urlFilter":"||streameye.net^","domainType":"thirdParty","isUrlFilterCaseSensitive":false},"priority":2},{"id":249,"action":{"type":"block"},"condition":{"urlFilter":"||sumome.com^","domainType":"thirdParty","isUrlFilterCaseSensitive":false},"priority":2},{"id":250,"action":{"type":"block"},"condition":{"urlFilter":"||tripod.com^","domainType":"thirdParty","isUrlFilterCaseSensitive":false},"priority":2},{"id":251,"action":{"type":"block"},"condition":{"urlFilter":"||tripod.lycos.com^","domainType":"thirdParty","isUrlFilterCaseSensitive":false},"priority":2},{"id":252,"action":{"type":"block"},"condition":{"urlFilter":"||tulajdonostol.com^","domainType":"thirdParty","isUrlFilterCaseSensitive":false},"priority":2},{"id":253,"action":{"type":"allow"},"condition":{"urlFilter":"||imasdk.googleapis.com/js/sdkloader/ima3.js","initiatorDomains":["mafab.hu"],"isUrlFilterCaseSensitive":false},"priority":100201},{"id":254,"action":{"type":"allow"},"condition":{"urlFilter":"||pro.hit.gemius.pl/gstream.js","initiatorDomains":["embed.rtl.hu"],"resourceTypes":["script"],"isUrlFilterCaseSensitive":false},"priority":100301}]