[{"id":1,"action":{"type":"block"},"condition":{"urlFilter":"/ads/anuncio.","isUrlFilterCaseSensitive":false},"priority":1},{"id":2,"action":{"type":"block"},"condition":{"urlFilter":"/ane-conteudo-exclusivo.js","isUrlFilterCaseSensitive":false},"priority":1},{"id":3,"action":{"type":"block"},"condition":{"urlFilter":"-publicidade.","isUrlFilterCaseSensitive":false},"priority":1},{"id":4,"action":{"type":"block"},"condition":{"urlFilter":".br/afiliados/","excludedInitiatorDomains":["shopping.bancointer.com.br"],"isUrlFilterCaseSensitive":false},"priority":2},{"id":5,"action":{"type":"block"},"condition":{"urlFilter":".br/banner.aspx?","isUrlFilterCaseSensitive":false},"priority":1},{"id":6,"action":{"type":"block"},"condition":{"urlFilter":".br/imagensdb/banners/","isUrlFilterCaseSensitive":false},"priority":1},{"id":7,"action":{"type":"block"},"condition":{"urlFilter":".br/swf/banners/","isUrlFilterCaseSensitive":false},"priority":1},{"id":8,"action":{"type":"block"},"condition":{"urlFilter":".clickafiliados.","isUrlFilterCaseSensitive":false},"priority":1},{"id":9,"action":{"type":"block"},"condition":{"urlFilter":".com/adssrv/","isUrlFilterCaseSensitive":false},"priority":1},{"id":10,"action":{"type":"block"},"condition":{"urlFilter":".com/afiliados/","isUrlFilterCaseSensitive":false},"priority":1},{"id":11,"action":{"type":"block"},"condition":{"urlFilter":".cv/images/pubs/","isUrlFilterCaseSensitive":false},"priority":1},{"id":12,"action":{"type":"block"},"condition":{"urlFilter":".cv/pub/","isUrlFilterCaseSensitive":false},"priority":1},{"id":13,"action":{"type":"block"},"condition":{"urlFilter":".publicidade.","isUrlFilterCaseSensitive":false},"priority":1},{"id":14,"action":{"type":"block"},"condition":{"urlFilter":"//adware.","isUrlFilterCaseSensitive":false},"priority":1},{"id":15,"action":{"type":"block"},"condition":{"urlFilter":"/adshotbrasil1.","isUrlFilterCaseSensitive":false},"priority":1},{"id":16,"action":{"type":"block"},"condition":{"urlFilter":"/adsligados.","isUrlFilterCaseSensitive":false},"priority":1},{"id":17,"action":{"type":"block"},"condition":{"urlFilter":"/banner300x80.","isUrlFilterCaseSensitive":false},"priority":1},{"id":18,"action":{"type":"block"},"condition":{"urlFilter":"/Bannerctgineses.","isUrlFilterCaseSensitive":false},"priority":1},{"id":19,"action":{"type":"block"},"condition":{"urlFilter":"/bannerWoo.","isUrlFilterCaseSensitive":false},"priority":1},{"id":20,"action":{"type":"block"},"condition":{"urlFilter":"/bannerwoopos4.","isUrlFilterCaseSensitive":false},"priority":1},{"id":21,"action":{"type":"block"},"condition":{"urlFilter":"/dixioforyoursite/*","isUrlFilterCaseSensitive":false},"priority":1},{"id":22,"action":{"type":"block"},"condition":{"urlFilter":"/ficheiros/banners/*","isUrlFilterCaseSensitive":false},"priority":1},{"id":23,"action":{"type":"block"},"condition":{"urlFilter":"/find.gl/js.php?","isUrlFilterCaseSensitive":false},"priority":1},{"id":24,"action":{"type":"block"},"condition":{"urlFilter":"/iframe-banners.","isUrlFilterCaseSensitive":false},"priority":1},{"id":25,"action":{"type":"block"},"condition":{"urlFilter":"/igbarra.js","isUrlFilterCaseSensitive":false},"priority":1},{"id":26,"action":{"type":"block"},"condition":{"urlFilter":"/imagem/urchin.gif?","isUrlFilterCaseSensitive":false},"priority":1},{"id":27,"action":{"type":"block"},"condition":{"urlFilter":"/imgcontador.php?","isUrlFilterCaseSensitive":false},"priority":1},{"id":28,"action":{"type":"block"},"condition":{"urlFilter":"/linksPatGoogle.","isUrlFilterCaseSensitive":false},"priority":1},{"id":29,"action":{"type":"block"},"condition":{"urlFilter":"/mrec.aspx?","isUrlFilterCaseSensitive":false},"priority":1},{"id":30,"action":{"type":"block"},"condition":{"urlFilter":"/mrec.html?","isUrlFilterCaseSensitive":false},"priority":1},{"id":31,"action":{"type":"block"},"condition":{"urlFilter":"/planetup_","isUrlFilterCaseSensitive":false},"priority":1},{"id":32,"action":{"type":"block"},"condition":{"urlFilter":"/publi.js","isUrlFilterCaseSensitive":false},"priority":1},{"id":33,"action":{"type":"block"},"condition":{"urlFilter":"/publi/banner_","isUrlFilterCaseSensitive":false},"priority":1},{"id":34,"action":{"type":"block"},"condition":{"urlFilter":"/publicidade-","isUrlFilterCaseSensitive":false},"priority":1},{"id":35,"action":{"type":"block"},"condition":{"urlFilter":"/publicidade_","isUrlFilterCaseSensitive":false},"priority":1},{"id":36,"action":{"type":"block"},"condition":{"urlFilter":"/publicidadevertical.","isUrlFilterCaseSensitive":false},"priority":1},{"id":37,"action":{"type":"block"},"condition":{"urlFilter":"/publitab.","isUrlFilterCaseSensitive":false},"priority":1},{"id":38,"action":{"type":"block"},"condition":{"urlFilter":"/recursos/banners/*","isUrlFilterCaseSensitive":false},"priority":1},{"id":39,"action":{"type":"block"},"condition":{"urlFilter":"/suse468x60-","isUrlFilterCaseSensitive":false},"priority":1},{"id":40,"action":{"type":"block"},"condition":{"urlFilter":"/wpublicidad/*","isUrlFilterCaseSensitive":false},"priority":1},{"id":41,"action":{"type":"block"},"condition":{"urlFilter":"/Zoinke.Pt.","isUrlFilterCaseSensitive":false},"priority":1},{"id":42,"action":{"type":"block"},"condition":{"urlFilter":"/zonasadserver/*","isUrlFilterCaseSensitive":false},"priority":1},{"id":43,"action":{"type":"block"},"condition":{"urlFilter":"_fullbanner_balanca_","isUrlFilterCaseSensitive":false},"priority":1},{"id":44,"action":{"type":"block"},"condition":{"urlFilter":"_publicidade.","isUrlFilterCaseSensitive":false},"priority":1},{"id":45,"action":{"type":"block"},"condition":{"urlFilter":"_publicidade_","isUrlFilterCaseSensitive":false},"priority":1},{"id":46,"action":{"type":"block"},"condition":{"urlFilter":"||aggestose.com","domainType":"thirdParty","resourceTypes":["script"],"isUrlFilterCaseSensitive":false},"priority":102},{"id":47,"action":{"type":"block"},"condition":{"urlFilter":"||bloco.top","domainType":"thirdParty","resourceTypes":["script","image"],"isUrlFilterCaseSensitive":false},"priority":77},{"id":48,"action":{"type":"block"},"condition":{"urlFilter":"||cdnstatic.cyber.bet","domainType":"thirdParty","resourceTypes":["script"],"isUrlFilterCaseSensitive":false},"priority":102},{"id":49,"action":{"type":"block"},"condition":{"urlFilter":"||gorillabrightenarms.com","domainType":"thirdParty","resourceTypes":["script"],"isUrlFilterCaseSensitive":false},"priority":102},{"id":50,"action":{"type":"block"},"condition":{"urlFilter":"||seedtag.com^","domainType":"thirdParty","excludedInitiatorDomains":["seedtag.com"],"isUrlFilterCaseSensitive":false},"priority":3},{"id":51,"action":{"type":"block"},"condition":{"urlFilter":"||solution.coupons^","domainType":"thirdParty","resourceTypes":["script"],"isUrlFilterCaseSensitive":false},"priority":102},{"id":52,"action":{"type":"block"},"condition":{"urlFilter":"||adjs.media^","isUrlFilterCaseSensitive":false},"priority":1},{"id":53,"action":{"type":"block"},"condition":{"urlFilter":"||adsmaster.dev^","isUrlFilterCaseSensitive":false},"priority":1},{"id":54,"action":{"type":"block"},"condition":{"urlFilter":"||adspublicidades.agency^","isUrlFilterCaseSensitive":false},"priority":1},{"id":55,"action":{"type":"block"},"condition":{"urlFilter":"||igoal-ads.com.br^","isUrlFilterCaseSensitive":false},"priority":1},{"id":56,"action":{"type":"block"},"condition":{"urlFilter":"||lzrikate.com^","isUrlFilterCaseSensitive":false},"priority":1},{"id":57,"action":{"type":"block"},"condition":{"urlFilter":"||nativemoney.com.br^","isUrlFilterCaseSensitive":false},"priority":1},{"id":58,"action":{"type":"block"},"condition":{"urlFilter":"||nsn-server.xyz^","isUrlFilterCaseSensitive":false},"priority":1},{"id":59,"action":{"type":"block"},"condition":{"urlFilter":"||solution-solutions.com^","isUrlFilterCaseSensitive":false},"priority":1},{"id":60,"action":{"type":"block"},"condition":{"urlFilter":"||tech-solution-blog.com^","isUrlFilterCaseSensitive":false},"priority":1},{"id":61,"action":{"type":"block"},"condition":{"urlFilter":"||tradertimerz.media^","isUrlFilterCaseSensitive":false},"priority":1},{"id":62,"action":{"type":"block"},"condition":{"urlFilter":"||admasters.media^","domainType":"thirdParty","isUrlFilterCaseSensitive":false},"priority":2},{"id":63,"action":{"type":"block"},"condition":{"urlFilter":"||adsblue.net^","domainType":"thirdParty","isUrlFilterCaseSensitive":false},"priority":2},{"id":64,"action":{"type":"block"},"condition":{"urlFilter":"||adseleto.com^","domainType":"thirdParty","isUrlFilterCaseSensitive":false},"priority":2},{"id":65,"action":{"type":"block"},"condition":{"urlFilter":"||adzep.com.br^","domainType":"thirdParty","isUrlFilterCaseSensitive":false},"priority":2},{"id":66,"action":{"type":"block"},"condition":{"urlFilter":"||cazamba.com^","domainType":"thirdParty","isUrlFilterCaseSensitive":false},"priority":2},{"id":67,"action":{"type":"block"},"condition":{"urlFilter":"||denakop.com^","domainType":"thirdParty","isUrlFilterCaseSensitive":false},"priority":2},{"id":68,"action":{"type":"block"},"condition":{"urlFilter":"||grumft.com^","domainType":"thirdParty","isUrlFilterCaseSensitive":false},"priority":2},{"id":69,"action":{"type":"block"},"condition":{"urlFilter":"||igaming-service.io^","domainType":"thirdParty","isUrlFilterCaseSensitive":false},"priority":2},{"id":70,"action":{"type":"block"},"condition":{"urlFilter":"||joinads.me^","domainType":"thirdParty","isUrlFilterCaseSensitive":false},"priority":2},{"id":71,"action":{"type":"block"},"condition":{"urlFilter":"||juicebarads.com^","domainType":"thirdParty","isUrlFilterCaseSensitive":false},"priority":2},{"id":72,"action":{"type":"block"},"condition":{"urlFilter":"||nobeta.com.br^","domainType":"thirdParty","isUrlFilterCaseSensitive":false},"priority":2},{"id":73,"action":{"type":"block"},"condition":{"urlFilter":"||premiumads.com.br^","domainType":"thirdParty","isUrlFilterCaseSensitive":false},"priority":2},{"id":74,"action":{"type":"block"},"condition":{"urlFilter":"||r4you.co^","domainType":"thirdParty","isUrlFilterCaseSensitive":false},"priority":2},{"id":75,"action":{"type":"block"},"condition":{"urlFilter":"||sendwebpush.com^","domainType":"thirdParty","isUrlFilterCaseSensitive":false},"priority":2},{"id":76,"action":{"type":"block"},"condition":{"urlFilter":"||simpleads.com.br^","domainType":"thirdParty","isUrlFilterCaseSensitive":false},"priority":2},{"id":77,"action":{"type":"block"},"condition":{"urlFilter":"||tradermilionarios.co^","domainType":"thirdParty","isUrlFilterCaseSensitive":false},"priority":2},{"id":78,"action":{"type":"block"},"condition":{"urlFilter":"||pulpsbarndomed.com^","domainType":"thirdParty","isUrlFilterCaseSensitive":false},"priority":2},{"id":79,"action":{"type":"block"},"condition":{"urlFilter":"||purebushesprop.com^","domainType":"thirdParty","isUrlFilterCaseSensitive":false},"priority":2},{"id":80,"action":{"type":"block"},"condition":{"urlFilter":"||qbcpicrtdje.com^","domainType":"thirdParty","isUrlFilterCaseSensitive":false},"priority":2},{"id":81,"action":{"type":"block"},"condition":{"urlFilter":"||qhenklhhykopwmm.top^","domainType":"thirdParty","isUrlFilterCaseSensitive":false},"priority":2},{"id":82,"action":{"type":"block"},"condition":{"urlFilter":"||qjcdnpv.com^","domainType":"thirdParty","isUrlFilterCaseSensitive":false},"priority":2},{"id":83,"action":{"type":"block"},"condition":{"urlFilter":"||qusgthaetm.top^","domainType":"thirdParty","isUrlFilterCaseSensitive":false},"priority":2},{"id":84,"action":{"type":"block"},"condition":{"urlFilter":"||realmpallduns.com^","domainType":"thirdParty","isUrlFilterCaseSensitive":false},"priority":2},{"id":85,"action":{"type":"block"},"condition":{"urlFilter":"||redoutcomecomfort.com^","domainType":"thirdParty","isUrlFilterCaseSensitive":false},"priority":2},{"id":86,"action":{"type":"block"},"condition":{"urlFilter":"||relaissynced.com^","domainType":"thirdParty","isUrlFilterCaseSensitive":false},"priority":2},{"id":87,"action":{"type":"block"},"condition":{"urlFilter":"||ricettafitness.com^","domainType":"thirdParty","isUrlFilterCaseSensitive":false},"priority":2},{"id":88,"action":{"type":"block"},"condition":{"urlFilter":"||riminghoggoofy.com^","domainType":"thirdParty","isUrlFilterCaseSensitive":false},"priority":2},{"id":89,"action":{"type":"block"},"condition":{"urlFilter":"||rnakkaybh.com^","domainType":"thirdParty","isUrlFilterCaseSensitive":false},"priority":2},{"id":90,"action":{"type":"block"},"condition":{"urlFilter":"||rnnabjrfeh.top^","domainType":"thirdParty","isUrlFilterCaseSensitive":false},"priority":2},{"id":91,"action":{"type":"block"},"condition":{"urlFilter":"||rosqb6vb1cqp.com^","domainType":"thirdParty","isUrlFilterCaseSensitive":false},"priority":2},{"id":92,"action":{"type":"block"},"condition":{"urlFilter":"||rpphgyjeljx.com^","domainType":"thirdParty","isUrlFilterCaseSensitive":false},"priority":2},{"id":93,"action":{"type":"block"},"condition":{"urlFilter":"||rriuqknbv.top^","domainType":"thirdParty","isUrlFilterCaseSensitive":false},"priority":2},{"id":94,"action":{"type":"block"},"condition":{"urlFilter":"||ruthcraveastray.com^","domainType":"thirdParty","isUrlFilterCaseSensitive":false},"priority":2},{"id":95,"action":{"type":"block"},"condition":{"urlFilter":"||samplerpouch.com^","domainType":"thirdParty","isUrlFilterCaseSensitive":false},"priority":2},{"id":96,"action":{"type":"block"},"condition":{"urlFilter":"||sdxqusoze.com^","domainType":"thirdParty","isUrlFilterCaseSensitive":false},"priority":2},{"id":97,"action":{"type":"block"},"condition":{"urlFilter":"||selfswayjay.com^","domainType":"thirdParty","isUrlFilterCaseSensitive":false},"priority":2},{"id":98,"action":{"type":"block"},"condition":{"urlFilter":"||serfle.com^","domainType":"thirdParty","isUrlFilterCaseSensitive":false},"priority":2},{"id":99,"action":{"type":"block"},"condition":{"urlFilter":"||skillpropulsion.com^","domainType":"thirdParty","isUrlFilterCaseSensitive":false},"priority":2},{"id":100,"action":{"type":"block"},"condition":{"urlFilter":"||skoiy.xyz^","domainType":"thirdParty","isUrlFilterCaseSensitive":false},"priority":2},{"id":101,"action":{"type":"block"},"condition":{"urlFilter":"||soonen.com^","domainType":"thirdParty","isUrlFilterCaseSensitive":false},"priority":2},{"id":102,"action":{"type":"block"},"condition":{"urlFilter":"||sophomoreclassicoriginally.com^","domainType":"thirdParty","isUrlFilterCaseSensitive":false},"priority":2},{"id":103,"action":{"type":"block"},"condition":{"urlFilter":"||sporedfryhum.com^","domainType":"thirdParty","isUrlFilterCaseSensitive":false},"priority":2},{"id":104,"action":{"type":"block"},"condition":{"urlFilter":"||sqhneencmysrk.com^","domainType":"thirdParty","isUrlFilterCaseSensitive":false},"priority":2},{"id":105,"action":{"type":"block"},"condition":{"urlFilter":"||statementssupervisorthorough.com^","domainType":"thirdParty","isUrlFilterCaseSensitive":false},"priority":2},{"id":106,"action":{"type":"block"},"condition":{"urlFilter":"||steamjaws.com^","domainType":"thirdParty","isUrlFilterCaseSensitive":false},"priority":2},{"id":107,"action":{"type":"block"},"condition":{"urlFilter":"||suomaimrphie.top^","domainType":"thirdParty","isUrlFilterCaseSensitive":false},"priority":2},{"id":108,"action":{"type":"block"},"condition":{"urlFilter":"||suptaibo.com^","domainType":"thirdParty","isUrlFilterCaseSensitive":false},"priority":2},{"id":109,"action":{"type":"block"},"condition":{"urlFilter":"||tfzznclztl.com","domainType":"thirdParty","isUrlFilterCaseSensitive":false},"priority":2},{"id":110,"action":{"type":"block"},"condition":{"urlFilter":"||thapsooz.net^","domainType":"thirdParty","isUrlFilterCaseSensitive":false},"priority":2},{"id":111,"action":{"type":"block"},"condition":{"urlFilter":"||thatsouh.com^","domainType":"thirdParty","isUrlFilterCaseSensitive":false},"priority":2},{"id":112,"action":{"type":"block"},"condition":{"urlFilter":"||toldmeroc.com^","domainType":"thirdParty","isUrlFilterCaseSensitive":false},"priority":2},{"id":113,"action":{"type":"block"},"condition":{"urlFilter":"||anunciad.com.br^","domainType":"thirdParty","isUrlFilterCaseSensitive":false},"priority":2},{"id":114,"action":{"type":"block"},"condition":{"urlFilter":"||busktraffic.com^","domainType":"thirdParty","isUrlFilterCaseSensitive":false},"priority":2},{"id":115,"action":{"type":"block"},"condition":{"urlFilter":"||clickadsxxx.com^","domainType":"thirdParty","isUrlFilterCaseSensitive":false},"priority":2},{"id":116,"action":{"type":"block"},"condition":{"urlFilter":"||dopub.site^","isUrlFilterCaseSensitive":false},"priority":1},{"id":117,"action":{"type":"block"},"condition":{"urlFilter":"||eutesalvo.com^","domainType":"thirdParty","isUrlFilterCaseSensitive":false},"priority":2},{"id":118,"action":{"type":"block"},"condition":{"urlFilter":"||geralinks.com.br^","domainType":"thirdParty","isUrlFilterCaseSensitive":false},"priority":2},{"id":119,"action":{"type":"block"},"condition":{"urlFilter":"||grupoxxx.com^","domainType":"thirdParty","isUrlFilterCaseSensitive":false},"priority":2},{"id":120,"action":{"type":"block"},"condition":{"urlFilter":"||kyotraffic.com^","domainType":"thirdParty","isUrlFilterCaseSensitive":false},"priority":2},{"id":121,"action":{"type":"block"},"condition":{"urlFilter":"||linkgp.com.br^","domainType":"thirdParty","isUrlFilterCaseSensitive":false},"priority":2},{"id":122,"action":{"type":"block"},"condition":{"urlFilter":"||maxfullad.com^","domainType":"thirdParty","isUrlFilterCaseSensitive":false},"priority":2},{"id":123,"action":{"type":"block"},"condition":{"urlFilter":"||webpsts.com^","isUrlFilterCaseSensitive":false},"priority":1},{"id":124,"action":{"type":"block"},"condition":{"urlFilter":"||xpowergel.com^","domainType":"thirdParty","isUrlFilterCaseSensitive":false},"priority":2},{"id":125,"action":{"type":"block"},"condition":{"urlFilter":"||ad.lomadee.com^","domainType":"thirdParty","isUrlFilterCaseSensitive":false},"priority":2},{"id":126,"action":{"type":"block"},"condition":{"urlFilter":"||ad.lomadee.fun^","isUrlFilterCaseSensitive":false},"priority":1},{"id":127,"action":{"type":"block"},"condition":{"urlFilter":"||ads-query.luizalabs.com^","isUrlFilterCaseSensitive":false},"priority":1},{"id":128,"action":{"type":"block"},"condition":{"urlFilter":"||azioncdn.net/ads_videos/","initiatorDomains":["letras.mus.br"],"isUrlFilterCaseSensitive":false},"priority":201},{"id":129,"action":{"type":"block"},"condition":{"urlFilter":"||aziume.com.br/banner/","isUrlFilterCaseSensitive":false},"priority":1},{"id":130,"action":{"type":"block"},"condition":{"urlFilter":"||cworks.cloud/fileadmin/scripts/r7AdControl.js","initiatorDomains":["tnh1.com.br"],"isUrlFilterCaseSensitive":false},"priority":201},{"id":131,"action":{"type":"block"},"condition":{"urlFilter":"||cworks.cloud/fileadmin/scripts/r7PubliDesktop.js","initiatorDomains":["tnh1.com.br"],"isUrlFilterCaseSensitive":false},"priority":201},{"id":132,"action":{"type":"block"},"condition":{"urlFilter":"||dino.com.br/widget/","domainType":"thirdParty","isUrlFilterCaseSensitive":false},"priority":2},{"id":133,"action":{"type":"block"},"condition":{"urlFilter":"||formulanegocioonline.digital/marca-trafego/","domainType":"thirdParty","isUrlFilterCaseSensitive":false},"priority":2},{"id":134,"action":{"type":"block"},"condition":{"urlFilter":"||go.hotmart.com^","domainType":"thirdParty","isUrlFilterCaseSensitive":false},"priority":2},{"id":135,"action":{"type":"block"},"condition":{"urlFilter":"||iili.io^","initiatorDomains":["politicosdosuldabahia.com.br"],"isUrlFilterCaseSensitive":false},"priority":201},{"id":136,"action":{"type":"block"},"condition":{"urlFilter":"||imgur.com^","initiatorDomains":["politicosdosuldabahia.com.br","zonadoguaxinim.com.br"],"isUrlFilterCaseSensitive":false},"priority":151},{"id":137,"action":{"type":"block"},"condition":{"urlFilter":"||juniortavares.com/banners/","isUrlFilterCaseSensitive":false},"priority":1},{"id":138,"action":{"type":"block"},"condition":{"urlFilter":"||ljii.github.io^","domainType":"thirdParty","isUrlFilterCaseSensitive":false},"priority":2},{"id":139,"action":{"type":"block"},"condition":{"urlFilter":"||melhorplano.net/plugin-search-broadband-plans?","initiatorDomains":["minhaconexao.com.br"],"isUrlFilterCaseSensitive":false},"priority":201},{"id":140,"action":{"type":"block"},"condition":{"urlFilter":"||outbrain.com^","initiatorDomains":["visortmo.com"],"isUrlFilterCaseSensitive":false},"priority":201},{"id":141,"action":{"type":"block"},"condition":{"urlFilter":"||piscapisca.pt/i/","domainType":"thirdParty","isUrlFilterCaseSensitive":false},"priority":2},{"id":142,"action":{"type":"block"},"condition":{"urlFilter":"||postimg.cc^","initiatorDomains":["barbacenamais.com.br"],"isUrlFilterCaseSensitive":false},"priority":201},{"id":143,"action":{"type":"block"},"condition":{"urlFilter":"||publyads.jstag.space^","isUrlFilterCaseSensitive":false},"priority":1},{"id":144,"action":{"type":"block"},"condition":{"urlFilter":"||pubs.xl.pt^","isUrlFilterCaseSensitive":false},"priority":1},{"id":145,"action":{"type":"block"},"condition":{"urlFilter":"||storehosting.com.br/banner/","isUrlFilterCaseSensitive":false},"priority":1},{"id":146,"action":{"type":"block"},"condition":{"urlFilter":"||sunoresearch.com.br/ads-manager/","domainType":"thirdParty","isUrlFilterCaseSensitive":false},"priority":2},{"id":147,"action":{"type":"block"},"condition":{"urlFilter":"||supercasa.pt/mrec","domainType":"thirdParty","isUrlFilterCaseSensitive":false},"priority":2},{"id":148,"action":{"type":"block"},"condition":{"urlFilter":"||t.co^","initiatorDomains":["souapenasumsitenormal.com"],"isUrlFilterCaseSensitive":false},"priority":201},{"id":149,"action":{"type":"block"},"condition":{"urlFilter":"||tediado.com.br/banner/","isUrlFilterCaseSensitive":false},"priority":1},{"id":150,"action":{"type":"block"},"condition":{"urlFilter":"||telco-api.melhorplano.net/api/search/get-recommended-plans/","initiatorDomains":["minhaconexao.com.br"],"isUrlFilterCaseSensitive":false},"priority":201},{"id":151,"action":{"type":"block"},"condition":{"urlFilter":"||thingle.io/iframe-content.php","domainType":"thirdParty","isUrlFilterCaseSensitive":false},"priority":2},{"id":152,"action":{"type":"block"},"condition":{"urlFilter":"||upee.online/adsupee.js","domainType":"thirdParty","isUrlFilterCaseSensitive":false},"priority":2},{"id":153,"action":{"type":"block"},"condition":{"urlFilter":"||x2n.com.br/media/","domainType":"thirdParty","isUrlFilterCaseSensitive":false},"priority":2},{"id":154,"action":{"type":"block"},"condition":{"urlFilter":"||externo.x-power-gel.com^","domainType":"thirdParty","isUrlFilterCaseSensitive":false},"priority":2},{"id":155,"action":{"type":"block"},"condition":{"urlFilter":"||hqporno.com.br/delivery/","isUrlFilterCaseSensitive":false},"priority":1},{"id":156,"action":{"type":"block"},"condition":{"urlFilter":"||mangayaoi.net/banner/","isUrlFilterCaseSensitive":false},"priority":1},{"id":157,"action":{"type":"block"},"condition":{"urlFilter":"||n1internet.com/publicidades/","isUrlFilterCaseSensitive":false},"priority":1},{"id":158,"action":{"type":"block"},"condition":{"urlFilter":"||safadacaseira.xyz/ads/","isUrlFilterCaseSensitive":false},"priority":1},{"id":159,"action":{"type":"block"},"condition":{"urlFilter":"||sexshopboys.com/idevaffiliate/","domainType":"thirdParty","isUrlFilterCaseSensitive":false},"priority":2},{"id":160,"action":{"type":"block"},"condition":{"urlFilter":"||xis-videos.blogspot.com^","domainType":"thirdParty","isUrlFilterCaseSensitive":false},"priority":2},{"id":161,"action":{"type":"block"},"condition":{"urlFilter":"||xtubehentai.com/pophqe/","isUrlFilterCaseSensitive":false},"priority":1},{"id":162,"action":{"type":"block"},"condition":{"urlFilter":"||advertising.sexlog.com^","domainType":"thirdParty","isUrlFilterCaseSensitive":false},"priority":2},{"id":163,"action":{"type":"block"},"condition":{"urlFilter":"||avantajadas.com.br/bnr/","isUrlFilterCaseSensitive":false},"priority":1},{"id":164,"action":{"type":"block"},"condition":{"urlFilter":"||camcaps.io/v2/a/na/","isUrlFilterCaseSensitive":false},"priority":1},{"id":165,"action":{"type":"block"},"condition":{"urlFilter":"||camcaps.io/v3/a/pop/","isUrlFilterCaseSensitive":false},"priority":1},{"id":166,"action":{"type":"block"},"condition":{"urlFilter":"||cameracaseira.com/bnrs/","isUrlFilterCaseSensitive":false},"priority":1},{"id":167,"action":{"type":"block"},"condition":{"urlFilter":"||hentaiyaoi.net/nhentaipop/","isUrlFilterCaseSensitive":false},"priority":1},{"id":168,"action":{"type":"block"},"condition":{"urlFilter":"||porno-cdn.com/preroll.js","isUrlFilterCaseSensitive":false},"priority":1},{"id":169,"action":{"type":"block"},"condition":{"urlFilter":"||testedefudelidade.com/bnr_","isUrlFilterCaseSensitive":false},"priority":1},{"id":170,"action":{"type":"block"},"condition":{"urlFilter":"||97news.com.br/hd-imagens/banners/","isUrlFilterCaseSensitive":false},"priority":1},{"id":171,"action":{"type":"block"},"condition":{"urlFilter":"||acheisudoeste.com.br/hd-imagens/banners/","isUrlFilterCaseSensitive":false},"priority":1},{"id":172,"action":{"type":"block"},"condition":{"urlFilter":"||ad.clicrbs.com.br^","isUrlFilterCaseSensitive":false},"priority":1},{"id":173,"action":{"type":"block"},"condition":{"urlFilter":"||adrenaline.com.br/uploads/personalizacao/","isUrlFilterCaseSensitive":false},"priority":1},{"id":174,"action":{"type":"block"},"condition":{"urlFilter":"||adv.r7.com^","isUrlFilterCaseSensitive":false},"priority":1},{"id":175,"action":{"type":"block"},"condition":{"urlFilter":"||advfn.com/sales/br_advfn/","isUrlFilterCaseSensitive":false},"priority":1},{"id":176,"action":{"type":"block"},"condition":{"urlFilter":"||agorasudoeste.com.br/hd-imagens/banners/","isUrlFilterCaseSensitive":false},"priority":1},{"id":177,"action":{"type":"block"},"condition":{"urlFilter":"||aniclube.app/noping/","isUrlFilterCaseSensitive":false},"priority":1},{"id":178,"action":{"type":"block"},"condition":{"urlFilter":"||animeslog.com/noping/","isUrlFilterCaseSensitive":false},"priority":1},{"id":179,"action":{"type":"block"},"condition":{"urlFilter":"||animesonlinebr.net/noping/","isUrlFilterCaseSensitive":false},"priority":1},{"id":180,"action":{"type":"block"},"condition":{"urlFilter":"||animesonlinep.com/noping/","isUrlFilterCaseSensitive":false},"priority":1},{"id":181,"action":{"type":"block"},"condition":{"urlFilter":"||blogbraga.com.br/ImageMemory/Advertisement/","isUrlFilterCaseSensitive":false},"priority":1},{"id":182,"action":{"type":"block"},"condition":{"urlFilter":"||brumadonamira.com.br/hd-imagens/banners/","isUrlFilterCaseSensitive":false},"priority":1},{"id":183,"action":{"type":"block"},"condition":{"urlFilter":"||brumadourgente.com.br/hd-imagens/banners/","isUrlFilterCaseSensitive":false},"priority":1},{"id":184,"action":{"type":"block"},"condition":{"urlFilter":"||correiodolago.com.br/site/up/banners/","isUrlFilterCaseSensitive":false},"priority":1},{"id":185,"action":{"type":"block"},"condition":{"urlFilter":"||correiodolago.com.br/site/up/popup/","isUrlFilterCaseSensitive":false},"priority":1},{"id":186,"action":{"type":"block"},"condition":{"urlFilter":"||diarioaveiro.pt/api/assets/download/publicities/","isUrlFilterCaseSensitive":false},"priority":1},{"id":187,"action":{"type":"block"},"condition":{"urlFilter":"||diarioaveiro.pt/files/publicity/","isUrlFilterCaseSensitive":false},"priority":1},{"id":188,"action":{"type":"block"},"condition":{"urlFilter":"||diariocoimbra.pt/api/assets/download/publicities/","isUrlFilterCaseSensitive":false},"priority":1},{"id":189,"action":{"type":"block"},"condition":{"urlFilter":"||diariocoimbra.pt/files/publicity/","isUrlFilterCaseSensitive":false},"priority":1},{"id":190,"action":{"type":"block"},"condition":{"urlFilter":"||diarioleiria.pt/api/assets/download/publicities/","isUrlFilterCaseSensitive":false},"priority":1},{"id":191,"action":{"type":"block"},"condition":{"urlFilter":"||diarioleiria.pt/files/publicity/","isUrlFilterCaseSensitive":false},"priority":1},{"id":192,"action":{"type":"block"},"condition":{"urlFilter":"||diarioviseu.pt/api/assets/download/publicities/","isUrlFilterCaseSensitive":false},"priority":1},{"id":193,"action":{"type":"block"},"condition":{"urlFilter":"||diarioviseu.pt/files/publicity/","isUrlFilterCaseSensitive":false},"priority":1},{"id":194,"action":{"type":"block"},"condition":{"urlFilter":"||engeplus.com.br/anuncios/","isUrlFilterCaseSensitive":false},"priority":1},{"id":195,"action":{"type":"block"},"condition":{"urlFilter":"||geekpopnews.com.br/mkt/","isUrlFilterCaseSensitive":false},"priority":1},{"id":196,"action":{"type":"block"},"condition":{"urlFilter":"||geralinks.com.br^*/ads/","isUrlFilterCaseSensitive":false},"priority":1},{"id":197,"action":{"type":"block"},"condition":{"urlFilter":"||gp1.com.br/dfp/","isUrlFilterCaseSensitive":false},"priority":1},{"id":198,"action":{"type":"block"},"condition":{"urlFilter":"||hojeemdia.com.br/scripts/clever_ads.js","isUrlFilterCaseSensitive":false},"priority":1},{"id":199,"action":{"type":"block"},"condition":{"urlFilter":"||jornalrazao.com/storage/images/ads/","isUrlFilterCaseSensitive":false},"priority":1},{"id":200,"action":{"type":"block"},"condition":{"urlFilter":"||magazineluiza.com.br/sponsored-products-sdk/","isUrlFilterCaseSensitive":false},"priority":1},{"id":201,"action":{"type":"block"},"condition":{"urlFilter":"||megacidade.com/images/anuncios/","isUrlFilterCaseSensitive":false},"priority":1},{"id":202,"action":{"type":"block"},"condition":{"urlFilter":"||naointendo.com.br/banners/","isUrlFilterCaseSensitive":false},"priority":1},{"id":203,"action":{"type":"block"},"condition":{"urlFilter":"||netshoes.com.br/sponsored-products-sdk/","isUrlFilterCaseSensitive":false},"priority":1},{"id":204,"action":{"type":"block"},"condition":{"urlFilter":"||ogol.com.br/img/logos/bookmakers/","isUrlFilterCaseSensitive":false},"priority":1},{"id":205,"action":{"type":"block"},"condition":{"urlFilter":"||ojogo.pt/common/mrec_","isUrlFilterCaseSensitive":false},"priority":1},{"id":206,"action":{"type":"block"},"condition":{"urlFilter":"||portaldoholanda.com.br^*/banners/","isUrlFilterCaseSensitive":false},"priority":1},{"id":207,"action":{"type":"block"},"condition":{"urlFilter":"||portalmorada.com.br/assets/uploads/ads_","isUrlFilterCaseSensitive":false},"priority":1},{"id":208,"action":{"type":"block"},"condition":{"urlFilter":"||portuguesecorrector.com/cnc/","isUrlFilterCaseSensitive":false},"priority":1},{"id":209,"action":{"type":"block"},"condition":{"urlFilter":"||redegn.com.br/images/banners/","isUrlFilterCaseSensitive":false},"priority":1},{"id":210,"action":{"type":"block"},"condition":{"urlFilter":"||s.mangalivre.net^","isUrlFilterCaseSensitive":false},"priority":1},{"id":211,"action":{"type":"block"},"condition":{"urlFilter":"||sapo.pt/pub/","isUrlFilterCaseSensitive":false},"priority":1},{"id":212,"action":{"type":"block"},"condition":{"urlFilter":"||sinucasinuca.com.br/template/imagens/ads/","isUrlFilterCaseSensitive":false},"priority":1},{"id":213,"action":{"type":"block"},"condition":{"urlFilter":"||soanimes.net/noping/","isUrlFilterCaseSensitive":false},"priority":1},{"id":214,"action":{"type":"block"},"condition":{"urlFilter":"||statusinvest.com.br/marketing/","isUrlFilterCaseSensitive":false},"priority":1},{"id":215,"action":{"type":"block"},"condition":{"urlFilter":"||superhentai.online/noping/","isUrlFilterCaseSensitive":false},"priority":1},{"id":216,"action":{"type":"block"},"condition":{"urlFilter":"||timnews.com.br/api/v3/ad_unit/","isUrlFilterCaseSensitive":false},"priority":1},{"id":217,"action":{"type":"block"},"condition":{"urlFilter":"||tvhotnews.com.br/img/patrocinadores/","isUrlFilterCaseSensitive":false},"priority":1},{"id":218,"action":{"type":"block"},"condition":{"urlFilter":"||vibemundialfm.com.br/wp-content/uploads/*/anuncio-","isUrlFilterCaseSensitive":false},"priority":1},{"id":219,"action":{"type":"block"},"condition":{"urlFilter":"||xad.dnoticias.pt^","isUrlFilterCaseSensitive":false},"priority":1},{"id":220,"action":{"type":"block"},"condition":{"urlFilter":"||zcp.zwame.pt^","isUrlFilterCaseSensitive":false},"priority":1},{"id":221,"action":{"type":"block"},"condition":{"urlFilter":"||zerozero.pt/images/takeover/","isUrlFilterCaseSensitive":false},"priority":1},{"id":222,"action":{"type":"block"},"condition":{"urlFilter":"||zwame.pt/comparador/","isUrlFilterCaseSensitive":false},"priority":1},{"id":225,"action":{"type":"block"},"condition":{"urlFilter":"||acientistaagricola.pt/wp-content/uploads/*/*banner","isUrlFilterCaseSensitive":false},"priority":1},{"id":226,"action":{"type":"block"},"condition":{"urlFilter":"||acientistaagricola.pt/wp-content/uploads/*/areaagricola-1.png","isUrlFilterCaseSensitive":false},"priority":1},{"id":227,"action":{"type":"block"},"condition":{"urlFilter":"||agoravale.com.br/GCWAV/Banners/","isUrlFilterCaseSensitive":false},"priority":1},{"id":228,"action":{"type":"block"},"condition":{"urlFilter":"||angonoticias.com/site/assets/uploads/media_pub/","isUrlFilterCaseSensitive":false},"priority":1},{"id":229,"action":{"type":"block"},"condition":{"urlFilter":"||aquiacontece.com.br/_BANNER/","isUrlFilterCaseSensitive":false},"priority":1},{"id":230,"action":{"type":"block"},"condition":{"urlFilter":"||atelevisao.com/wp-content/themes/*_100x50.gif","isUrlFilterCaseSensitive":false},"priority":1},{"id":231,"action":{"type":"block"},"condition":{"urlFilter":"||atenislisboa.pt/wp-content/uploads/*/bannerFonteViva.gif","isUrlFilterCaseSensitive":false},"priority":1},{"id":232,"action":{"type":"block"},"condition":{"urlFilter":"||baboo.com.br/mkt/","isUrlFilterCaseSensitive":false},"priority":1},{"id":233,"action":{"type":"block"},"condition":{"urlFilter":"||clicrdc.com.br/*/modal-window","resourceTypes":["script"],"isUrlFilterCaseSensitive":false},"priority":101},{"id":234,"action":{"type":"block"},"condition":{"urlFilter":"||conjugacao-de-verbos.com/img/mosalingua/","isUrlFilterCaseSensitive":false},"priority":1},{"id":235,"action":{"type":"block"},"condition":{"urlFilter":"||conjur.com.br/parceiros/iframe","isUrlFilterCaseSensitive":false},"priority":1},{"id":236,"action":{"type":"block"},"condition":{"urlFilter":"||criativaonline.com.br/wp-content/uploads/pum/pum-site-scripts.js^","isUrlFilterCaseSensitive":false},"priority":1},{"id":237,"action":{"type":"block"},"condition":{"urlFilter":"||dnoticias.pt/www-assets.dnoticias.pt/frontoffice/pub/","resourceTypes":["image"],"isUrlFilterCaseSensitive":false},"priority":101},{"id":238,"action":{"type":"block"},"condition":{"urlFilter":"||ecoregional.com.br/wp-content/plugins/icegram/","isUrlFilterCaseSensitive":false},"priority":1},{"id":239,"action":{"type":"block"},"condition":{"urlFilter":"||ecoregional.com.br/wp-content/uploads/*/BannerSiteEco-sicredi-novo.jpg","isUrlFilterCaseSensitive":false},"priority":1},{"id":240,"action":{"type":"block"},"condition":{"urlFilter":"||ecoregional.com.br/wp-content/uploads/*/jardim-pq-*.jpg","isUrlFilterCaseSensitive":false},"priority":1},{"id":241,"action":{"type":"block"},"condition":{"urlFilter":"||expressomt.com.br/public/banners","isUrlFilterCaseSensitive":false},"priority":1},{"id":242,"action":{"type":"block"},"condition":{"urlFilter":"||filmesonlinehdgratis.com.br/_imagens/1xbet-link.gif","isUrlFilterCaseSensitive":false},"priority":1},{"id":243,"action":{"type":"block"},"condition":{"urlFilter":"||flashscore.*/res/data/","resourceTypes":["image"],"isUrlFilterCaseSensitive":false},"priority":101},{"id":244,"action":{"type":"block"},"condition":{"urlFilter":"||folhademaputo.co.mz/banners/","isUrlFilterCaseSensitive":false},"priority":1},{"id":245,"action":{"type":"block"},"condition":{"urlFilter":"||fstatic.com/static/telecineplay/","initiatorDomains":["filmow.com"],"resourceTypes":["image"],"isUrlFilterCaseSensitive":false},"priority":301},{"id":246,"action":{"type":"block"},"condition":{"urlFilter":"||globalnoticias.com.br/arquivos/banners/","resourceTypes":["image"],"isUrlFilterCaseSensitive":false},"priority":101},{"id":247,"action":{"type":"block"},"condition":{"urlFilter":"||hojemais.com.br/images/banners/","isUrlFilterCaseSensitive":false},"priority":1},{"id":248,"action":{"type":"block"},"condition":{"urlFilter":"||i1.wp.com/www.cenariomt.com.br/wp-content/uploads/*/provincia-at.png","isUrlFilterCaseSensitive":false},"priority":1},{"id":249,"action":{"type":"block"},"condition":{"urlFilter":"||iol.pt/iolnegocios/iol-frame/","isUrlFilterCaseSensitive":false},"priority":1},{"id":250,"action":{"type":"block"},"condition":{"urlFilter":"||jornaldeangola.ao/fotos/frontend_1/banner^","isUrlFilterCaseSensitive":false},"priority":1},{"id":251,"action":{"type":"block"},"condition":{"urlFilter":"||jornalnopintcha.gw/wp-content/uploads/*/FAGORAL.png^","isUrlFilterCaseSensitive":false},"priority":1},{"id":252,"action":{"type":"block"},"condition":{"urlFilter":"||jornalnopintcha.gw/wp-content/uploads/*/Orange-Money-Jornal-O-Democrata-*.jpg^","isUrlFilterCaseSensitive":false},"priority":1},{"id":253,"action":{"type":"block"},"condition":{"urlFilter":"||jornalnoticias.co.mz/images/DStv*.gif^","isUrlFilterCaseSensitive":false},"priority":1},{"id":254,"action":{"type":"block"},"condition":{"urlFilter":"||jornaltransparencia.st/banner_top.","isUrlFilterCaseSensitive":false},"priority":1},{"id":255,"action":{"type":"block"},"condition":{"urlFilter":"||jornaltropical.st/lenft.jpg^","isUrlFilterCaseSensitive":false},"priority":1},{"id":256,"action":{"type":"block"},"condition":{"urlFilter":"||jornaltropical.st/rosema_*.gif^","isUrlFilterCaseSensitive":false},"priority":1},{"id":257,"action":{"type":"block"},"condition":{"urlFilter":"||metropoles.com/cupom/rtg/iframe/pill^","resourceTypes":["sub_frame"],"isUrlFilterCaseSensitive":false},"priority":101},{"id":258,"action":{"type":"block"},"condition":{"urlFilter":"||migalhas.com.br/IMGSRC/www.migalhas.com.br*S=Publicidade","isUrlFilterCaseSensitive":false},"priority":1},{"id":259,"action":{"type":"block"},"condition":{"urlFilter":"||minhaconexao.com.br/_mini/static/images/mp-banner-300x250.gif","isUrlFilterCaseSensitive":false},"priority":1},{"id":260,"action":{"type":"block"},"condition":{"urlFilter":"||minhaconexao.com.br/alternative/","resourceTypes":["sub_frame"],"isUrlFilterCaseSensitive":false},"priority":101},{"id":261,"action":{"type":"block"},"condition":{"urlFilter":"||mmorpgbr.com.br/wp-content/uploads/2021/05/Banner-Skin_","resourceTypes":["image"],"isUrlFilterCaseSensitive":false},"priority":101},{"id":262,"action":{"type":"block"},"condition":{"urlFilter":"||narutoonline.com.br/banner.jpg^","isUrlFilterCaseSensitive":false},"priority":1},{"id":263,"action":{"type":"block"},"condition":{"urlFilter":"||net-empregos.com/images/banners/","isUrlFilterCaseSensitive":false},"priority":1},{"id":264,"action":{"type":"block"},"condition":{"urlFilter":"||nossanoite.com.br/assets/img/bannerPublic/","isUrlFilterCaseSensitive":false},"priority":1},{"id":265,"action":{"type":"block"},"condition":{"urlFilter":"||nossanoite.com.br/assets/img/bannerTopo/","isUrlFilterCaseSensitive":false},"priority":1},{"id":266,"action":{"type":"block"},"condition":{"urlFilter":"||noticiasdecoimbra.pt/*/modal/*/modal.min*^","resourceTypes":["stylesheet","script"],"isUrlFilterCaseSensitive":false},"priority":76},{"id":267,"action":{"type":"block"},"condition":{"urlFilter":"||noticiasdecoimbra.pt/wp-content/uploads/*.gif?x","isUrlFilterCaseSensitive":false},"priority":1},{"id":268,"action":{"type":"block"},"condition":{"urlFilter":"||novojornal.co.ao/common/pub/banner^","isUrlFilterCaseSensitive":false},"priority":1},{"id":269,"action":{"type":"block"},"condition":{"urlFilter":"||observatoriodatv.uol.com.br/assets/banners/","domainType":"thirdParty","resourceTypes":["sub_frame"],"isUrlFilterCaseSensitive":false},"priority":102},{"id":270,"action":{"type":"block"},"condition":{"urlFilter":"||odemocratagb.com/wp-content/uploads/*-Banner-","resourceTypes":["image"],"isUrlFilterCaseSensitive":false},"priority":101},{"id":271,"action":{"type":"block"},"condition":{"urlFilter":"||odemocratagb.com/wp-content/uploads/*/30B09956-C93C-4043-B09B-E13A87B07E80.jpeg^","isUrlFilterCaseSensitive":false},"priority":1},{"id":272,"action":{"type":"block"},"condition":{"urlFilter":"||odemocratagb.com/wp-content/uploads/*/MTN.jpg^","isUrlFilterCaseSensitive":false},"priority":1},{"id":273,"action":{"type":"block"},"condition":{"urlFilter":"||olhardireto.com.br/imgsite/banners/","isUrlFilterCaseSensitive":false},"priority":1},{"id":274,"action":{"type":"block"},"condition":{"urlFilter":"||olhardireto.com.br/imgsite/popups/","isUrlFilterCaseSensitive":false},"priority":1},{"id":275,"action":{"type":"block"},"condition":{"urlFilter":"||opais.co.ao/wp-content/banners^","isUrlFilterCaseSensitive":false},"priority":1},{"id":276,"action":{"type":"block"},"condition":{"urlFilter":"||opais.co.ao/wp-content/uploads/*-600x850.","isUrlFilterCaseSensitive":false},"priority":1},{"id":277,"action":{"type":"block"},"condition":{"urlFilter":"||opais.co.ao/wp-content/uploads/*/publicidade-*.jpg^","isUrlFilterCaseSensitive":false},"priority":1},{"id":278,"action":{"type":"block"},"condition":{"urlFilter":"||opais.co.ao/wp-content/uploads/*325x280px.","isUrlFilterCaseSensitive":false},"priority":1},{"id":279,"action":{"type":"block"},"condition":{"urlFilter":"||opais.co.ao/wp-content/uploads/*_1251x210.","isUrlFilterCaseSensitive":false},"priority":1},{"id":280,"action":{"type":"block"},"condition":{"urlFilter":"||otempo.com.br/image/contentid/*/banner-hotel.jpeg","isUrlFilterCaseSensitive":false},"priority":1},{"id":281,"action":{"type":"block"},"condition":{"urlFilter":"||otpokemon.com/local/banner/","isUrlFilterCaseSensitive":false},"priority":1},{"id":282,"action":{"type":"block"},"condition":{"urlFilter":"||paranaportal.uol.com.br/wp-content/*/tenuta","resourceTypes":["image"],"isUrlFilterCaseSensitive":false},"priority":101},{"id":283,"action":{"type":"block"},"condition":{"urlFilter":"||pplware.sapo.pt/parceiros/","resourceTypes":["image"],"isUrlFilterCaseSensitive":false},"priority":101},{"id":284,"action":{"type":"block"},"condition":{"urlFilter":"||record.pt/i/pub/","isUrlFilterCaseSensitive":false},"priority":1},{"id":285,"action":{"type":"block"},"condition":{"urlFilter":"||reportermt.nyc3.digitaloceanspaces.com/*/original","resourceTypes":["image"],"isUrlFilterCaseSensitive":false},"priority":101},{"id":286,"action":{"type":"block"},"condition":{"urlFilter":"||reportermt.nyc3.digitaloceanspaces.com/storage/webdisco/*/outros/","resourceTypes":["image"],"isUrlFilterCaseSensitive":false},"priority":101},{"id":287,"action":{"type":"block"},"condition":{"urlFilter":"||rostos.pt/imagens/pub/","isUrlFilterCaseSensitive":false},"priority":1},{"id":288,"action":{"type":"block"},"condition":{"urlFilter":"||santiagomagazine.cv/content/img/banner_","isUrlFilterCaseSensitive":false},"priority":1},{"id":289,"action":{"type":"block"},"condition":{"urlFilter":"||shrtfly.com/referral/","resourceTypes":["image"],"isUrlFilterCaseSensitive":false},"priority":101},{"id":290,"action":{"type":"block"},"condition":{"urlFilter":"||static.expressodasilhas.cv/media/pub^","isUrlFilterCaseSensitive":false},"priority":1},{"id":291,"action":{"type":"block"},"condition":{"urlFilter":"||tenhomaisdiscosqueamigos.com/wp-content/uploads/*-bg.jpg","isUrlFilterCaseSensitive":false},"priority":1},{"id":292,"action":{"type":"block"},"condition":{"urlFilter":"||terraempresas.com.br/backup/promo/","isUrlFilterCaseSensitive":false},"priority":1},{"id":293,"action":{"type":"block"},"condition":{"urlFilter":"||vivaolinux.com.br/imagens/banners/","resourceTypes":["image"],"isUrlFilterCaseSensitive":false},"priority":101},{"id":294,"action":{"type":"block"},"condition":{"urlFilter":"||wikimetal.com.br/wp-content/uploads/*/Left_Right-Side.png","isUrlFilterCaseSensitive":false},"priority":1},{"id":295,"action":{"type":"block"},"condition":{"urlFilter":"||wixstatic.com/media/*/JIU%20JITSU.webp^","initiatorDomains":["ouroverdefm.com.br"],"isUrlFilterCaseSensitive":false},"priority":201},{"id":296,"action":{"type":"block"},"condition":{"urlFilter":"||wook.pt/accounts/default1/banners/","initiatorDomains":["obichinhodosaber.com"],"isUrlFilterCaseSensitive":false},"priority":201},{"id":297,"action":{"type":"block"},"condition":{"urlFilter":"||xat.com/content/web/*/apps/ad/ad.html^","isUrlFilterCaseSensitive":false},"priority":1},{"id":298,"action":{"type":"block"},"condition":{"urlFilter":"||xl.pt/i/pub.gif","isUrlFilterCaseSensitive":false},"priority":1},{"id":299,"action":{"type":"block"},"condition":{"urlFilter":"||buceta.blog/pop.js","isUrlFilterCaseSensitive":false},"priority":1},{"id":300,"action":{"type":"block"},"condition":{"urlFilter":"||buceteiro.com/wp-content/plugins/popup?","isUrlFilterCaseSensitive":false},"priority":1},{"id":301,"action":{"type":"block"},"condition":{"urlFilter":"||classificadosxbr.com/images/banners/","isUrlFilterCaseSensitive":false},"priority":1},{"id":302,"action":{"type":"block"},"condition":{"urlFilter":"||cnnamador.com/pop/","isUrlFilterCaseSensitive":false},"priority":1},{"id":303,"action":{"type":"block"},"condition":{"urlFilter":"||contosadultos.club/pop.js","isUrlFilterCaseSensitive":false},"priority":1},{"id":304,"action":{"type":"block"},"condition":{"urlFilter":"||gparena.net/uploads/banners/","isUrlFilterCaseSensitive":false},"priority":1},{"id":305,"action":{"type":"block"},"condition":{"urlFilter":"||hentaifoda.com/pub/","isUrlFilterCaseSensitive":false},"priority":1},{"id":306,"action":{"type":"block"},"condition":{"urlFilter":"||hentaihome.net/hentaihomepop.js","isUrlFilterCaseSensitive":false},"priority":1},{"id":307,"action":{"type":"block"},"condition":{"urlFilter":"||hentaistube.com/cdn/videojs-preroll.js","isUrlFilterCaseSensitive":false},"priority":1},{"id":308,"action":{"type":"block"},"condition":{"urlFilter":"||hentaitokyo.net/banner/","isUrlFilterCaseSensitive":false},"priority":1},{"id":309,"action":{"type":"block"},"condition":{"urlFilter":"||hentaitokyo.net/hentaitokyomobilepop.js","isUrlFilterCaseSensitive":false},"priority":1},{"id":310,"action":{"type":"block"},"condition":{"urlFilter":"||hentaiyaoi.net/pop6/","isUrlFilterCaseSensitive":false},"priority":1},{"id":311,"action":{"type":"block"},"condition":{"urlFilter":"||horahentai.net/open.js","isUrlFilterCaseSensitive":false},"priority":1},{"id":312,"action":{"type":"block"},"condition":{"urlFilter":"||hqdesexo.com/anuncio?","isUrlFilterCaseSensitive":false},"priority":1},{"id":313,"action":{"type":"block"},"condition":{"urlFilter":"||hqerotico.com/url-open.js","isUrlFilterCaseSensitive":false},"priority":1},{"id":314,"action":{"type":"block"},"condition":{"urlFilter":"||hqporno.net^*/hqpornopop2.js","isUrlFilterCaseSensitive":false},"priority":1},{"id":315,"action":{"type":"block"},"condition":{"urlFilter":"||mundohentaioficial.com/banner/","isUrlFilterCaseSensitive":false},"priority":1},{"id":316,"action":{"type":"block"},"condition":{"urlFilter":"||mundohentaioficial.com/opopen.js","isUrlFilterCaseSensitive":false},"priority":1},{"id":317,"action":{"type":"block"},"condition":{"urlFilter":"||nhentaibr.com/popfh/","isUrlFilterCaseSensitive":false},"priority":1},{"id":318,"action":{"type":"block"},"condition":{"urlFilter":"||plx.boafoda.com^","isUrlFilterCaseSensitive":false},"priority":1},{"id":319,"action":{"type":"block"},"condition":{"urlFilter":"||plx.mrvideosdesexo.xxx^","isUrlFilterCaseSensitive":false},"priority":1},{"id":320,"action":{"type":"block"},"condition":{"urlFilter":"||pontogay.com/frontEnd/theme/assets/js/publi/openq-xxxyaoi.js","isUrlFilterCaseSensitive":false},"priority":1},{"id":321,"action":{"type":"block"},"condition":{"urlFilter":"||porno18.blog.br/back.js","isUrlFilterCaseSensitive":false},"priority":1},{"id":322,"action":{"type":"block"},"condition":{"urlFilter":"||pornobrasileiro.com.br/gocat.js","isUrlFilterCaseSensitive":false},"priority":1},{"id":323,"action":{"type":"block"},"condition":{"urlFilter":"||pornohd.blog.br/300x","isUrlFilterCaseSensitive":false},"priority":1},{"id":324,"action":{"type":"block"},"condition":{"urlFilter":"||pornopremium.com.br/downloads/js/popads.js","isUrlFilterCaseSensitive":false},"priority":1},{"id":325,"action":{"type":"block"},"condition":{"urlFilter":"||sexprime.xxx/pub/","isUrlFilterCaseSensitive":false},"priority":1},{"id":326,"action":{"type":"block"},"condition":{"urlFilter":"||socaseiras.com.br/banners.php?","isUrlFilterCaseSensitive":false},"priority":1},{"id":327,"action":{"type":"block"},"condition":{"urlFilter":"||superhq.net/pop/","isUrlFilterCaseSensitive":false},"priority":1},{"id":328,"action":{"type":"block"},"condition":{"urlFilter":"||travestisvip.com.br/bnr/","isUrlFilterCaseSensitive":false},"priority":1},{"id":329,"action":{"type":"block"},"condition":{"urlFilter":"||xtubehentai.com/fh/","isUrlFilterCaseSensitive":false},"priority":1},{"id":330,"action":{"type":"block"},"condition":{"urlFilter":"||xvideos.blog.br/wp-json/webhook/vast-xml?","isUrlFilterCaseSensitive":false},"priority":1},{"id":331,"action":{"type":"block"},"condition":{"urlFilter":"||xvideos5.com.br/preroll/","isUrlFilterCaseSensitive":false},"priority":1},{"id":332,"action":{"type":"block"},"condition":{"urlFilter":"||xvideosbr.blog/pop.js","isUrlFilterCaseSensitive":false},"priority":1},{"id":333,"action":{"type":"block"},"condition":{"urlFilter":"||xvideosnovinhas.com/wp-content/plugins/ane-preroll-xvideosnovinhas/preroll.js","isUrlFilterCaseSensitive":false},"priority":1},{"id":334,"action":{"type":"block"},"condition":{"urlFilter":"||xvideospornor.com/300x","isUrlFilterCaseSensitive":false},"priority":1},{"id":335,"action":{"type":"block"},"condition":{"domainType":"thirdParty","initiatorDomains":["curto.win"],"resourceTypes":["sub_frame"],"isUrlFilterCaseSensitive":false},"priority":302},{"id":336,"action":{"type":"block"},"condition":{"urlFilter":"/url-open.js","initiatorDomains":["hentaiputa.com","terceiroz.com"],"isUrlFilterCaseSensitive":false},"priority":151},{"id":337,"action":{"type":"block"},"condition":{"urlFilter":"||bserver.gp-guia.net^","resourceTypes":["sub_frame"],"isUrlFilterCaseSensitive":false},"priority":101},{"id":338,"action":{"type":"block"},"condition":{"urlFilter":"||contoerotico.com/adscod/","isUrlFilterCaseSensitive":false},"priority":1},{"id":339,"action":{"type":"block"},"condition":{"urlFilter":"||gp-pt.net/forum/banners/","resourceTypes":["image"],"isUrlFilterCaseSensitive":false},"priority":101},{"id":340,"action":{"type":"block"},"condition":{"urlFilter":"||hqporno.net/wp-content/cache/min/1/pw/","resourceTypes":["script"],"isUrlFilterCaseSensitive":false},"priority":101},{"id":341,"action":{"type":"block"},"condition":{"urlFilter":"||parlorscenes.com^","resourceTypes":["script"],"isUrlFilterCaseSensitive":false},"priority":101},{"id":342,"action":{"type":"block"},"condition":{"urlFilter":"||pornhits.com/magic^","resourceTypes":["script"],"isUrlFilterCaseSensitive":false},"priority":101},{"id":343,"action":{"type":"block"},"condition":{"urlFilter":"||pornobrasileiro.tv/*/filmes-porno_banner","isUrlFilterCaseSensitive":false},"priority":1},{"id":344,"action":{"type":"block"},"condition":{"urlFilter":"||pornolandia.xxx/static/ref/","isUrlFilterCaseSensitive":false},"priority":1},{"id":345,"action":{"type":"block"},"condition":{"urlFilter":"||sexoquente.blog/lucky-cloud-66dc/","isUrlFilterCaseSensitive":false},"priority":1},{"id":346,"action":{"type":"block"},"condition":{"urlFilter":"||statics.letfap.com/assets/love/index.php","isUrlFilterCaseSensitive":false},"priority":1},{"id":347,"action":{"type":"block"},"condition":{"urlFilter":"||vainovinha.net/js/colmeia","isUrlFilterCaseSensitive":false},"priority":1},{"id":348,"action":{"type":"allow"},"condition":{"urlFilter":"||amazon-adsystem.com/aax2/apstag.js","initiatorDomains":["abola.pt"],"resourceTypes":["script"],"isUrlFilterCaseSensitive":false},"priority":100301},{"id":349,"action":{"type":"allow"},"condition":{"urlFilter":"||custojusto.pt/user/myads/","domainType":"firstParty","isUrlFilterCaseSensitive":false},"priority":100002},{"id":350,"action":{"type":"allow"},"condition":{"urlFilter":"||fatimalife.com.br/api/v1/ad/","domainType":"firstParty","isUrlFilterCaseSensitive":false},"priority":100002},{"id":351,"action":{"type":"allow"},"condition":{"urlFilter":"||g.doubleclick.net/gampad/ads?","initiatorDomains":["drogasil.com.br"],"resourceTypes":["xmlhttprequest"],"isUrlFilterCaseSensitive":false},"priority":100301},{"id":352,"action":{"type":"allow"},"condition":{"urlFilter":"||g.doubleclick.net/gampad/adx?","initiatorDomains":["magazineluiza.com.br"],"resourceTypes":["xmlhttprequest"],"isUrlFilterCaseSensitive":false},"priority":100301},{"id":353,"action":{"type":"allow"},"condition":{"urlFilter":"||g.doubleclick.net/pagead/managed/js/gpt/*/pubads_impl.js?","initiatorDomains":["drogasil.com.br","jn.pt"],"resourceTypes":["script"],"isUrlFilterCaseSensitive":false},"priority":100251},{"id":354,"action":{"type":"allow"},"condition":{"urlFilter":"||g.doubleclick.net/tag/js/gpt.js","initiatorDomains":["drogasil.com.br","jn.pt"],"resourceTypes":["script"],"isUrlFilterCaseSensitive":false},"priority":100251},{"id":355,"action":{"type":"allow"},"condition":{"urlFilter":"||google.com/adsense/search/async-ads.js","initiatorDomains":["geniol.com.br"],"isUrlFilterCaseSensitive":false},"priority":100201},{"id":356,"action":{"type":"allow"},"condition":{"urlFilter":"||googleads.github.io/videojs-ima/node_modules/video.js/dist/video-js.min.css","initiatorDomains":["cultura.uol.com.br"],"isUrlFilterCaseSensitive":false},"priority":100201},{"id":357,"action":{"type":"allow"},"condition":{"urlFilter":"||googleads.github.io/videojs-ima/node_modules/video.js/dist/video.min.js","initiatorDomains":["cultura.uol.com.br"],"isUrlFilterCaseSensitive":false},"priority":100201},{"id":358,"action":{"type":"allow"},"condition":{"urlFilter":"||imasdk.googleapis.com/js/sdkloader/ima3.js","initiatorDomains":["cnnbrasil.com.br","jogos360.com.br","r7.com","rfm.sapo.pt","rr.sapo.pt","terra.com.br","timnews.com.br","tupi.fm"],"isUrlFilterCaseSensitive":false},"priority":100114},{"id":359,"action":{"type":"allow"},"condition":{"urlFilter":"||imasdk.googleapis.com/js/sdkloader/ima3_debug.js","initiatorDomains":["mais.sbt.com.br"],"isUrlFilterCaseSensitive":false},"priority":100201},{"id":360,"action":{"type":"allow"},"condition":{"urlFilter":"||img.vagalume.fm/ads/hotspot/","domainType":"firstParty","resourceTypes":["image"],"isUrlFilterCaseSensitive":false},"priority":100102},{"id":361,"action":{"type":"allow"},"condition":{"urlFilter":"||live.primis.tech/live/","initiatorDomains":["antenadosnofutebol.com.br","bolavip.com","somosfanaticos.fans"],"resourceTypes":["script"],"isUrlFilterCaseSensitive":false},"priority":100235},{"id":362,"action":{"type":"allow"},"condition":{"urlFilter":"||lms.ev.org.br/mpls/WebAds/","domainType":"firstParty","isUrlFilterCaseSensitive":false},"priority":100002},{"id":363,"action":{"type":"allow"},"condition":{"urlFilter":"||pagead2.googlesyndication.com/pagead/js/adsbygoogle.js?","initiatorDomains":["jn.pt"],"resourceTypes":["script"],"isUrlFilterCaseSensitive":false},"priority":100301},{"id":364,"action":{"type":"allow"},"condition":{"urlFilter":"||pubads.g.doubleclick.net/gampad/","initiatorDomains":["rainha.com.br","topper.com.br"],"resourceTypes":["image"],"isUrlFilterCaseSensitive":false},"priority":100251},{"id":365,"action":{"type":"allow"},"condition":{"urlFilter":"||tm.jsuol.com.br/modules/external/admanager/clickjogos_ads.js","initiatorDomains":["clickjogos.com.br"],"resourceTypes":["script"],"isUrlFilterCaseSensitive":false},"priority":100301},{"id":366,"action":{"type":"allow"},"condition":{"urlFilter":"||tm.jsuol.com.br/modules/external/admanager/noticias_ads.js","initiatorDomains":["noticias.uol.com.br"],"resourceTypes":["script"],"isUrlFilterCaseSensitive":false},"priority":100301},{"id":367,"action":{"type":"allow"},"condition":{"urlFilter":"||tpc.googlesyndication.com/simgad/","initiatorDomains":["drogasil.com.br","rainha.com.br","topper.com.br"],"resourceTypes":["image"],"isUrlFilterCaseSensitive":false},"priority":100235},{"id":368,"action":{"type":"allow"},"condition":{"urlFilter":"||g.doubleclick.net/gampad/ads","initiatorDomains":["magazineluiza.com.br"],"resourceTypes":["xmlhttprequest"],"isUrlFilterCaseSensitive":false},"priority":100301},{"id":369,"action":{"type":"allow"},"condition":{"urlFilter":"||g.doubleclick.net/gpt/pubads_impl_","initiatorDomains":["magazineluiza.com.br"],"resourceTypes":["script","xmlhttprequest"],"isUrlFilterCaseSensitive":false},"priority":100276},{"id":370,"action":{"type":"allow"},"condition":{"urlFilter":"||g.doubleclick.net/tag/js/gpt.js","initiatorDomains":["magazineluiza.com.br"],"resourceTypes":["script","xmlhttprequest"],"isUrlFilterCaseSensitive":false},"priority":100276},{"id":371,"action":{"type":"allowAllRequests"},"condition":{"urlFilter":"||tpc.googlesyndication.com^","initiatorDomains":["magazineluiza.com.br"],"resourceTypes":["main_frame","sub_frame"],"isUrlFilterCaseSensitive":false},"priority":140276}]