[{"id":1,"action":{"type":"block"},"condition":{"urlFilter":".com/cpc/","resourceTypes":["script"],"isUrlFilterCaseSensitive":false},"priority":101},{"id":2,"action":{"type":"block"},"condition":{"urlFilter":".com/qc/","isUrlFilterCaseSensitive":false},"priority":1},{"id":3,"action":{"type":"block"},"condition":{"urlFilter":".net/ads/","excludedInitiatorDomains":["linkneverdie.net"],"isUrlFilterCaseSensitive":false},"priority":2},{"id":4,"action":{"type":"block"},"condition":{"urlFilter":".net/cpf/","resourceTypes":["script"],"isUrlFilterCaseSensitive":false},"priority":101},{"id":5,"action":{"type":"block"},"condition":{"urlFilter":".tv/ads/","resourceTypes":["sub_frame","script","image"],"isUrlFilterCaseSensitive":false},"priority":68},{"id":6,"action":{"type":"block"},"condition":{"urlFilter":".vn/Ad/","isUrlFilterCaseSensitive":false},"priority":1},{"id":7,"action":{"type":"block"},"condition":{"urlFilter":".vn/c3s-ad/","resourceTypes":["xmlhttprequest"],"isUrlFilterCaseSensitive":false},"priority":101},{"id":8,"action":{"type":"block"},"condition":{"urlFilter":".vn/qc/","isUrlFilterCaseSensitive":false},"priority":1},{"id":9,"action":{"type":"block"},"condition":{"urlFilter":"/Content/JS/jwplayer/vast.js","resourceTypes":["script"],"isUrlFilterCaseSensitive":false},"priority":101},{"id":10,"action":{"type":"block"},"condition":{"urlFilter":"/_BannerSlot.aspx","initiatorDomains":["bongdaso66.net"],"resourceTypes":["sub_frame"],"isUrlFilterCaseSensitive":false},"priority":301},{"id":11,"action":{"type":"block"},"condition":{"urlFilter":"/aas/r45d/vki/*","resourceTypes":["script"],"isUrlFilterCaseSensitive":false},"priority":101},{"id":12,"action":{"type":"block"},"condition":{"urlFilter":"/ads/*.gif","isUrlFilterCaseSensitive":false},"priority":1},{"id":13,"action":{"type":"block"},"condition":{"urlFilter":"/ads/*.xml","resourceTypes":["xmlhttprequest"],"isUrlFilterCaseSensitive":false},"priority":101},{"id":14,"action":{"type":"block"},"condition":{"urlFilter":"/ads/popup_","isUrlFilterCaseSensitive":false},"priority":1},{"id":15,"action":{"type":"block"},"condition":{"urlFilter":"/adv/*","initiatorDomains":["bongdaso66.net"],"resourceTypes":["image"],"isUrlFilterCaseSensitive":false},"priority":301},{"id":16,"action":{"type":"block"},"condition":{"urlFilter":"/banner-ads.","isUrlFilterCaseSensitive":false},"priority":1},{"id":17,"action":{"type":"block"},"condition":{"urlFilter":"/banner/*.gif","excludedInitiatorDomains":["marsvenus.vn"],"isUrlFilterCaseSensitive":false},"priority":2},{"id":18,"action":{"type":"block"},"condition":{"urlFilter":"/beardeddragon","resourceTypes":["script"],"isUrlFilterCaseSensitive":false},"priority":101},{"id":19,"action":{"type":"block"},"condition":{"urlFilter":"/blueserving.","isUrlFilterCaseSensitive":false},"priority":1},{"id":20,"action":{"type":"block"},"condition":{"urlFilter":"/cms/Arfcc.min.js","domainType":"thirdParty","initiatorDomains":["cafef.vn","gamek.vn","genk.vn","kenh14.vn","soha.vn","tuoitre.vn","afamily.vn","thanhnien.vn"],"resourceTypes":["script"],"isUrlFilterCaseSensitive":false},"priority":215},{"id":21,"action":{"type":"block"},"condition":{"urlFilter":"/cms/arf-","domainType":"thirdParty","initiatorDomains":["cafef.vn","gamek.vn","genk.vn","kenh14.vn","soha.vn","tuoitre.vn","afamily.vn"],"resourceTypes":["script"],"isUrlFilterCaseSensitive":false},"priority":217},{"id":22,"action":{"type":"block"},"condition":{"urlFilter":"/core/*","initiatorDomains":["gamek.vn","genk.vn","kenh14.vn","cafef.vn","thanhnien.vn"],"resourceTypes":["script"],"isUrlFilterCaseSensitive":false},"priority":221},{"id":23,"action":{"type":"block"},"condition":{"urlFilter":"/detroitchicago","resourceTypes":["script"],"isUrlFilterCaseSensitive":false},"priority":101},{"id":24,"action":{"type":"block"},"condition":{"urlFilter":"/disable-devtool.min.js","resourceTypes":["script"],"isUrlFilterCaseSensitive":false},"priority":101},{"id":25,"action":{"type":"block"},"condition":{"urlFilter":"/giadinhonline.vn/files/qc/*","isUrlFilterCaseSensitive":false},"priority":1},{"id":26,"action":{"type":"block"},"condition":{"urlFilter":"/i.imgur.com","initiatorDomains":["xemphimchill.xyz"],"isUrlFilterCaseSensitive":false},"priority":201},{"id":27,"action":{"type":"block"},"condition":{"urlFilter":"/i.imgur.com/*.gif","initiatorDomains":["keonhacai55.cc","phimlongtieng.net","www.phimdinhcaoz.com","phimdinhcao.net","xoilacxj.cc","90phutz46.live","vebozc.cc","cakhiai.cc","listnhacai88.com","xoilaczz63.live","xemtivingon.org","phimlongtieng.com","mitomvz.cc","rakhoix.cc","plcdn.xyz","phimmoi.ing","motphimww.net"],"isUrlFilterCaseSensitive":false},"priority":107},{"id":28,"action":{"type":"block"},"condition":{"urlFilter":"/khophim-poster.cuoiia.top/*.gif","initiatorDomains":["xemphim18.net"],"resourceTypes":["image"],"isUrlFilterCaseSensitive":false},"priority":301},{"id":29,"action":{"type":"block"},"condition":{"urlFilter":"/mmo/*","initiatorDomains":["vuighe4.com"],"resourceTypes":["image","xmlhttprequest"],"isUrlFilterCaseSensitive":false},"priority":276},{"id":30,"action":{"type":"block"},"condition":{"urlFilter":"/newchill/*gif","resourceTypes":["image"],"isUrlFilterCaseSensitive":false},"priority":101},{"id":31,"action":{"type":"block"},"condition":{"urlFilter":"/polyad.","isUrlFilterCaseSensitive":false},"priority":1},{"id":32,"action":{"type":"block"},"condition":{"urlFilter":"/pop.js","initiatorDomains":["motchill.now","ohaytv.my"],"resourceTypes":["script"],"isUrlFilterCaseSensitive":false},"priority":251},{"id":33,"action":{"type":"block"},"condition":{"urlFilter":"/popunder7.","isUrlFilterCaseSensitive":false},"priority":1},{"id":34,"action":{"type":"block"},"condition":{"urlFilter":"/porpoiseant","resourceTypes":["script"],"isUrlFilterCaseSensitive":false},"priority":101},{"id":35,"action":{"type":"block"},"condition":{"urlFilter":"/qcao/*","excludedInitiatorDomains":["thegioididong.com"],"isUrlFilterCaseSensitive":false},"priority":2},{"id":36,"action":{"type":"block"},"condition":{"urlFilter":"/quang%20cao/*","isUrlFilterCaseSensitive":false},"priority":1},{"id":37,"action":{"type":"block"},"condition":{"urlFilter":"/quang_cao/*","isUrlFilterCaseSensitive":false},"priority":1},{"id":38,"action":{"type":"block"},"condition":{"urlFilter":"/quangcao.","isUrlFilterCaseSensitive":false},"priority":1},{"id":39,"action":{"type":"block"},"condition":{"urlFilter":"/quangcao/*","isUrlFilterCaseSensitive":false},"priority":1},{"id":40,"action":{"type":"block"},"condition":{"urlFilter":"/root/ads/*","isUrlFilterCaseSensitive":false},"priority":1},{"id":41,"action":{"type":"block"},"condition":{"urlFilter":"/sbbanner.com","isUrlFilterCaseSensitive":false},"priority":1},{"id":42,"action":{"type":"block"},"condition":{"urlFilter":"/script/oneAds.js","domainType":"firstParty","resourceTypes":["script"],"isUrlFilterCaseSensitive":false},"priority":102},{"id":43,"action":{"type":"block"},"condition":{"urlFilter":"/siropu/am/core.min.js","resourceTypes":["script"],"isUrlFilterCaseSensitive":false},"priority":101},{"id":44,"action":{"type":"block"},"condition":{"urlFilter":"/storage.adpia.vn","resourceTypes":["script","image"],"isUrlFilterCaseSensitive":false},"priority":76},{"id":45,"action":{"type":"block"},"condition":{"urlFilter":"/stores/ads_data/*","isUrlFilterCaseSensitive":false},"priority":1},{"id":46,"action":{"type":"block"},"condition":{"urlFilter":"/taichinhdoanhnghiep.net.vn/files/qc","isUrlFilterCaseSensitive":false},"priority":1},{"id":47,"action":{"type":"block"},"condition":{"urlFilter":"/tracking_info.gif","initiatorDomains":["cafef.vn","gamek.vn","genk.vn","kenh14.vn","soha.vn","tuoitre.vn","afamily.vn","thanhnien.vn"],"isUrlFilterCaseSensitive":false},"priority":114},{"id":48,"action":{"type":"block"},"condition":{"urlFilter":"/v/*/vast.js","excludedInitiatorDomains":["cdn2.kenhvn2.com"],"resourceTypes":["script"],"isUrlFilterCaseSensitive":false},"priority":102},{"id":49,"action":{"type":"block"},"condition":{"urlFilter":"/vast.js","initiatorDomains":["phimmoi.tuphim.net","boctem.com","hayhaytv.org","phimdacap.tv","hoathinhtq.site","tvhay26.com","tvzinghd.co","player.cloudbeta.win"],"resourceTypes":["script"],"isUrlFilterCaseSensitive":false},"priority":214},{"id":50,"action":{"type":"block"},"condition":{"urlFilter":"/videojs.ads.","excludedInitiatorDomains":["danet.vn"],"isUrlFilterCaseSensitive":false},"priority":2},{"id":51,"action":{"type":"block"},"condition":{"urlFilter":"/videojs.ima.js","excludedInitiatorDomains":["jut.su","earthcam.com"],"isUrlFilterCaseSensitive":false},"priority":2},{"id":52,"action":{"type":"block"},"condition":{"urlFilter":"/wp-auto-affiliate-links/*","isUrlFilterCaseSensitive":false},"priority":1},{"id":53,"action":{"type":"block"},"condition":{"urlFilter":"||10gb.vn/assets/ads/","isUrlFilterCaseSensitive":false},"priority":1},{"id":54,"action":{"type":"block"},"condition":{"urlFilter":"||123nhadatviet.com/Media/CK/banners/","isUrlFilterCaseSensitive":false},"priority":1},{"id":55,"action":{"type":"block"},"condition":{"urlFilter":"||123nhadatviet.net/Media/CK/banners/","isUrlFilterCaseSensitive":false},"priority":1},{"id":56,"action":{"type":"block"},"condition":{"urlFilter":"||2banh.vn/images/banners/","isUrlFilterCaseSensitive":false},"priority":1},{"id":57,"action":{"type":"block"},"condition":{"urlFilter":"||acscdn.com/script/aclib.js","initiatorDomains":["ytstv.me"],"resourceTypes":["script"],"isUrlFilterCaseSensitive":false},"priority":301},{"id":58,"action":{"type":"block"},"condition":{"urlFilter":"||ads*.autodaily.vn","isUrlFilterCaseSensitive":false},"priority":1},{"id":59,"action":{"type":"block"},"condition":{"urlFilter":"||ads.nghenhinvietnam.vn^","initiatorDomains":["nghenhinvietnam.vn"],"isUrlFilterCaseSensitive":false},"priority":201},{"id":60,"action":{"type":"block"},"condition":{"urlFilter":"||ahaphimz.com/js/pov.js","resourceTypes":["script"],"isUrlFilterCaseSensitive":false},"priority":101},{"id":61,"action":{"type":"block"},"condition":{"urlFilter":"||animehay.ink^*.gif","isUrlFilterCaseSensitive":false},"priority":1},{"id":62,"action":{"type":"block"},"condition":{"urlFilter":"||animet3.info^*.gif","isUrlFilterCaseSensitive":false},"priority":1},{"id":63,"action":{"type":"block"},"condition":{"urlFilter":"||animevietsubs.net/vast/","resourceTypes":["image"],"isUrlFilterCaseSensitive":false},"priority":101},{"id":64,"action":{"type":"block"},"condition":{"urlFilter":"||animew.info/_next/image?url=https%3A%2F%2Flh3.googleusercontent.com","resourceTypes":["image"],"isUrlFilterCaseSensitive":false},"priority":101},{"id":65,"action":{"type":"block"},"condition":{"urlFilter":"||animew.info/_next/image?url=https%3A%2F%2Fp21-ad-sg.ibyteimg.com","resourceTypes":["image"],"isUrlFilterCaseSensitive":false},"priority":101},{"id":66,"action":{"type":"block"},"condition":{"urlFilter":"||api.adda.link^","resourceTypes":["image"],"isUrlFilterCaseSensitive":false},"priority":101},{"id":67,"action":{"type":"block"},"condition":{"urlFilter":"||asecdn.w88media.com/VN/250x250-VN.gif","initiatorDomains":["mythethao.net"],"isUrlFilterCaseSensitive":false},"priority":201},{"id":68,"action":{"type":"block"},"condition":{"urlFilter":"||baohaugiang.com.vn/uploads/SlideHomeimg/","isUrlFilterCaseSensitive":false},"priority":1},{"id":70,"action":{"type":"block"},"condition":{"urlFilter":"||baonga.com/FileUpload/Images/*banner","isUrlFilterCaseSensitive":false},"priority":1},{"id":71,"action":{"type":"block"},"condition":{"urlFilter":"||bf.333xbet.com^","domainType":"thirdParty","resourceTypes":["media"],"isUrlFilterCaseSensitive":false},"priority":102},{"id":72,"action":{"type":"block"},"condition":{"urlFilter":"||biphim.now/public/prom_ad/prom_ad.js","resourceTypes":["script"],"isUrlFilterCaseSensitive":false},"priority":101},{"id":73,"action":{"type":"block"},"condition":{"urlFilter":"||blog.abit.vn/wp-content/uploads/2020/05/abit_","resourceTypes":["image"],"isUrlFilterCaseSensitive":false},"priority":101},{"id":74,"action":{"type":"block"},"condition":{"urlFilter":"||blogger.googleusercontent.com^","initiatorDomains":["hhninja13.tv","xem15.com","hhtm.pro","hoathinh3dtq.site","hhh3d.tv","hoathinhtq.site","hayphim.cc","yanhh3d.tv","yanhh3d.tv","phimhoathinh3d.vip"],"resourceTypes":["image"],"isUrlFilterCaseSensitive":false},"priority":211},{"id":75,"action":{"type":"block"},"condition":{"urlFilter":"||bonbanh.com/ad/","isUrlFilterCaseSensitive":false},"priority":1},{"id":76,"action":{"type":"block"},"condition":{"urlFilter":"||bp.blogspot.com","initiatorDomains":["timdaily.vn","xemtivi4k.com"],"resourceTypes":["image"],"isUrlFilterCaseSensitive":false},"priority":251},{"id":77,"action":{"type":"block"},"condition":{"urlFilter":"||bp.blogspot.com/*banner","excludedInitiatorDomains":["aowvn.org","www.umu.pro.vn"],"resourceTypes":["image"],"isUrlFilterCaseSensitive":false},"priority":102},{"id":78,"action":{"type":"block"},"condition":{"urlFilter":"||cdn-data.gtvplus.vn/banners/","initiatorDomains":["gametv.vn"],"resourceTypes":["image"],"isUrlFilterCaseSensitive":false},"priority":301},{"id":79,"action":{"type":"block"},"condition":{"urlFilter":"||cdn.lfastcdn.com^*.gif","initiatorDomains":["bongdainfox.tv","xoilaczz63.live","90phutz46.live","rakhoix.cc","cakhiai.cc","mitomvz.cc"],"resourceTypes":["image"],"isUrlFilterCaseSensitive":false},"priority":218},{"id":80,"action":{"type":"block"},"condition":{"urlFilter":"||cdn.thichxemphim1.net/wp-content/themes/halimmovies-child/jscm.min.js","initiatorDomains":["thichxemphim1.net"],"isUrlFilterCaseSensitive":false},"priority":201},{"id":81,"action":{"type":"block"},"condition":{"urlFilter":"||cdn.webhoctienganh.com/asset/home/img/banner/","initiatorDomains":["webhoctienganh.com"],"resourceTypes":["image"],"isUrlFilterCaseSensitive":false},"priority":301},{"id":82,"action":{"type":"block"},"condition":{"urlFilter":"||cdn2-img.net^*.gif","initiatorDomains":["hhpanda.li","dongchill.pro","biphim.now","motchill.love","subnhanh.sh","subnhanhvl.li","bichill.video","dongphim.la"],"resourceTypes":["image"],"isUrlFilterCaseSensitive":false},"priority":214},{"id":83,"action":{"type":"block"},"condition":{"urlFilter":"||chillphimmoi.pro/assets/*.gif","resourceTypes":["image"],"isUrlFilterCaseSensitive":false},"priority":101},{"id":84,"action":{"type":"block"},"condition":{"urlFilter":"||chillphimmoi.pro/assets/js/popup.js","isUrlFilterCaseSensitive":false},"priority":1},{"id":85,"action":{"type":"block"},"condition":{"urlFilter":"||chodansinh.net^*.gif","isUrlFilterCaseSensitive":false},"priority":1},{"id":86,"action":{"type":"block"},"condition":{"urlFilter":"||chotlo3s.com^*gif","isUrlFilterCaseSensitive":false},"priority":1},{"id":87,"action":{"type":"block"},"condition":{"urlFilter":"||cloud.motchill-stream.win/common/ads/","initiatorDomains":["motchilltv.la"],"resourceTypes":["image"],"isUrlFilterCaseSensitive":false},"priority":301},{"id":88,"action":{"type":"block"},"condition":{"urlFilter":"||code.gunnymienphi.net^*.gif","isUrlFilterCaseSensitive":false},"priority":1},{"id":89,"action":{"type":"block"},"condition":{"urlFilter":"||danketoan.com/banner/","isUrlFilterCaseSensitive":false},"priority":1},{"id":90,"action":{"type":"block"},"condition":{"urlFilter":"||data.voz.vn/94bf/166a6849b5cd7d.jpg","initiatorDomains":["voz.vn"],"isUrlFilterCaseSensitive":false},"priority":201},{"id":91,"action":{"type":"block"},"condition":{"urlFilter":"||datcang.vn/images/khicon.jpg","isUrlFilterCaseSensitive":false},"priority":1},{"id":92,"action":{"type":"block"},"condition":{"urlFilter":"||docnhanh.vn/images/ads/","resourceTypes":["image"],"isUrlFilterCaseSensitive":false},"priority":101},{"id":93,"action":{"type":"block"},"condition":{"urlFilter":"||doctruyenchu.info/ads/","resourceTypes":["image"],"isUrlFilterCaseSensitive":false},"priority":101},{"id":94,"action":{"type":"block"},"condition":{"urlFilter":"||doctruyenchu.info/home/js/ads.js","domainType":"firstParty","resourceTypes":["script"],"isUrlFilterCaseSensitive":false},"priority":102},{"id":95,"action":{"type":"block"},"condition":{"urlFilter":"||domdomcomics.net/script.js","domainType":"firstParty","resourceTypes":["script"],"isUrlFilterCaseSensitive":false},"priority":102},{"id":96,"action":{"type":"block"},"condition":{"urlFilter":"||dongchill.pro/ads/ads_xx.js","domainType":"firstParty","resourceTypes":["script"],"isUrlFilterCaseSensitive":false},"priority":102},{"id":97,"action":{"type":"block"},"condition":{"urlFilter":"||dongphim.la/ads/ads_xx.js","resourceTypes":["script"],"isUrlFilterCaseSensitive":false},"priority":101},{"id":98,"action":{"type":"block"},"condition":{"urlFilter":"||down-cvs-vn.img.susercontent.com^","initiatorDomains":["forum.gocmod.com"],"resourceTypes":["image"],"isUrlFilterCaseSensitive":false},"priority":301},{"id":99,"action":{"type":"block"},"condition":{"urlFilter":"||fastscans4.net/_next/static/media/voucher.","resourceTypes":["image"],"isUrlFilterCaseSensitive":false},"priority":101},{"id":100,"action":{"type":"block"},"condition":{"urlFilter":"||ff.imacdn.com^","initiatorDomains":["xem1080.com"],"resourceTypes":["image"],"isUrlFilterCaseSensitive":false},"priority":301},{"id":101,"action":{"type":"block"},"condition":{"urlFilter":"||file1.dangcongsan.vn^*.gif","initiatorDomains":["dangcongsan.vn"],"resourceTypes":["image"],"isUrlFilterCaseSensitive":false},"priority":301},{"id":102,"action":{"type":"block"},"condition":{"urlFilter":"||forum.idichvuseo.com/images/quang-cao","isUrlFilterCaseSensitive":false},"priority":1},{"id":103,"action":{"type":"block"},"condition":{"urlFilter":"||fshare.vn/lib/jwplayer/jwplayer.js","isUrlFilterCaseSensitive":false},"priority":1},{"id":104,"action":{"type":"block"},"condition":{"urlFilter":"||fuhunn.net/content/rest?t=ads_config","resourceTypes":["xmlhttprequest"],"isUrlFilterCaseSensitive":false},"priority":101},{"id":105,"action":{"type":"block"},"condition":{"urlFilter":"||fun6668.com/Banner/","initiatorDomains":["mythethao.net"],"isUrlFilterCaseSensitive":false},"priority":201},{"id":106,"action":{"type":"block"},"condition":{"urlFilter":"||fundingchoicesmessages.google.com^","domainType":"thirdParty","isUrlFilterCaseSensitive":false},"priority":2},{"id":107,"action":{"type":"block"},"condition":{"urlFilter":"||gavangtv.cdn.vccloud.vn^*.gif","initiatorDomains":["xem19.gavang1.net","xem20.gavang1.net"],"resourceTypes":["image"],"isUrlFilterCaseSensitive":false},"priority":251},{"id":108,"action":{"type":"block"},"condition":{"urlFilter":"||ghienphim.io/client_assets/js/minijumb.js","isUrlFilterCaseSensitive":false},"priority":1},{"id":109,"action":{"type":"block"},"condition":{"urlFilter":"||ghienphim.io^*.gif","resourceTypes":["image"],"isUrlFilterCaseSensitive":false},"priority":101},{"id":110,"action":{"type":"block"},"condition":{"urlFilter":"||ght.kernh41.com^","domainType":"thirdParty","resourceTypes":["script"],"isUrlFilterCaseSensitive":false},"priority":102},{"id":111,"action":{"type":"block"},"condition":{"urlFilter":"||github.com/vietcodeno1/basic-lesson/","initiatorDomains":["phimno1.me"],"isUrlFilterCaseSensitive":false},"priority":201},{"id":112,"action":{"type":"block"},"condition":{"urlFilter":"||github.com^","initiatorDomains":["xemphim18.net"],"resourceTypes":["image"],"isUrlFilterCaseSensitive":false},"priority":301},{"id":113,"action":{"type":"block"},"condition":{"urlFilter":"||goal.90phut24.xyz^*.gif","resourceTypes":["image"],"isUrlFilterCaseSensitive":false},"priority":101},{"id":114,"action":{"type":"block"},"condition":{"urlFilter":"||googleusercontent.com^","initiatorDomains":["hhtqvietsub.me"],"isUrlFilterCaseSensitive":false},"priority":201},{"id":115,"action":{"type":"block"},"condition":{"urlFilter":"||heovktgame.club/wp-content/plugins/banner-management/","resourceTypes":["image"],"isUrlFilterCaseSensitive":false},"priority":101},{"id":116,"action":{"type":"block"},"condition":{"urlFilter":"||hhhay.ink^*.gif","resourceTypes":["image"],"isUrlFilterCaseSensitive":false},"priority":101},{"id":117,"action":{"type":"block"},"condition":{"urlFilter":"||hhkungfu.club/88vn","initiatorDomains":["hhchina.shop"],"resourceTypes":["image"],"isUrlFilterCaseSensitive":false},"priority":301},{"id":118,"action":{"type":"block"},"condition":{"urlFilter":"||hhpanda.li/ads/","domainType":"firstParty","resourceTypes":["script"],"isUrlFilterCaseSensitive":false},"priority":102},{"id":119,"action":{"type":"block"},"condition":{"urlFilter":"||hinhso.com^","initiatorDomains":["diendanmaychu.vn"],"resourceTypes":["image"],"isUrlFilterCaseSensitive":false},"priority":301},{"id":120,"action":{"type":"block"},"condition":{"urlFilter":"||hosocongty.vn/uploads/products/","domainType":"firstParty","resourceTypes":["image"],"isUrlFilterCaseSensitive":false},"priority":102},{"id":121,"action":{"type":"block"},"condition":{"urlFilter":"||hotphimvn.cc/disable.js","resourceTypes":["script"],"isUrlFilterCaseSensitive":false},"priority":101},{"id":123,"action":{"type":"block"},"condition":{"urlFilter":"||huphimtv.com/assets/themes/js/wonderfarm68.js","isUrlFilterCaseSensitive":false},"priority":1},{"id":124,"action":{"type":"block"},"condition":{"urlFilter":"||i.ex-cdn.com/nhadautu.vn/files/qc/","initiatorDomains":["nhadautu.vn"],"isUrlFilterCaseSensitive":false},"priority":201},{"id":125,"action":{"type":"block"},"condition":{"urlFilter":"||i.imgur.com/81uid6d.jpg","initiatorDomains":["vozer.net"],"isUrlFilterCaseSensitive":false},"priority":201},{"id":126,"action":{"type":"block"},"condition":{"urlFilter":"||i.imgur.com/FbUH5AQ.png","initiatorDomains":["vozer.net"],"isUrlFilterCaseSensitive":false},"priority":201},{"id":127,"action":{"type":"block"},"condition":{"urlFilter":"||i.imgur.com^","initiatorDomains":["nhacdj.vn","diendanit.net","banbuondalat.com","hoathinhtq.site","xem.tructiepnba.me","www.ssphim.us","phimbet.biz"],"resourceTypes":["image"],"isUrlFilterCaseSensitive":false},"priority":216},{"id":128,"action":{"type":"block"},"condition":{"urlFilter":"||i.imgur.com^*.gif","initiatorDomains":["ghienphim.io","mv.dailyphimz.com","mv.phimmoiaz.cc","phimgichill.net","mythethao.net","xemtivi4k.com","vtipster.net","huphimtv.com","phimmoi.club","xemtivi.tvhayhd.tv","hoathinh4k3.net","vutruphim.tv","ketqua247vn.club"],"resourceTypes":["image"],"isUrlFilterCaseSensitive":false},"priority":209},{"id":129,"action":{"type":"block"},"condition":{"urlFilter":"||i.postimg.cc^","initiatorDomains":["www.phimmoichilla.xyz"],"resourceTypes":["image"],"isUrlFilterCaseSensitive":false},"priority":301},{"id":130,"action":{"type":"block"},"condition":{"urlFilter":"||i.upanh.org/2024/08/26/10010994843d1ae219dfae70cb-34989a380c05c803e.jpeg","initiatorDomains":["file.gocmod.com"],"resourceTypes":["image"],"isUrlFilterCaseSensitive":false},"priority":301},{"id":131,"action":{"type":"block"},"condition":{"urlFilter":"||i.upanh.org^","initiatorDomains":["forum.gocmod.com"],"resourceTypes":["image"],"isUrlFilterCaseSensitive":false},"priority":301},{"id":132,"action":{"type":"block"},"condition":{"urlFilter":"||i45.servimg.com/u/f45/","initiatorDomains":["gocmod.com"],"isUrlFilterCaseSensitive":false},"priority":201},{"id":133,"action":{"type":"block"},"condition":{"urlFilter":"||iamcdn.net/players/playera.dmins.js","isUrlFilterCaseSensitive":false},"priority":1},{"id":134,"action":{"type":"block"},"condition":{"urlFilter":"||iamcdn.net/players/playhydraxs.min.js","isUrlFilterCaseSensitive":false},"priority":1},{"id":135,"action":{"type":"block"},"condition":{"urlFilter":"||image-eu-na-ctnytbefjq.4shares.live/90link/*.gif","resourceTypes":["image"],"isUrlFilterCaseSensitive":false},"priority":101},{"id":136,"action":{"type":"block"},"condition":{"urlFilter":"||image.cdend.com^*.gif","initiatorDomains":["phimmoi.club"],"resourceTypes":["image"],"isUrlFilterCaseSensitive":false},"priority":301},{"id":137,"action":{"type":"block"},"condition":{"urlFilter":"||images.tuyensinh247.com^*.gif","domainType":"thirdParty","isUrlFilterCaseSensitive":false},"priority":2},{"id":138,"action":{"type":"block"},"condition":{"urlFilter":"||img.iketqua.com^*.gif","resourceTypes":["image"],"isUrlFilterCaseSensitive":false},"priority":101},{"id":139,"action":{"type":"block"},"condition":{"urlFilter":"||img.phimmoi.in^*.gif","initiatorDomains":["phimmoi.ing"],"resourceTypes":["image"],"isUrlFilterCaseSensitive":false},"priority":301},{"id":140,"action":{"type":"block"},"condition":{"urlFilter":"||img.upanh.tv^*.gif","initiatorDomains":["phimtuoitho.site"],"resourceTypes":["image"],"isUrlFilterCaseSensitive":false},"priority":301},{"id":141,"action":{"type":"block"},"condition":{"urlFilter":"||imgyn.imageshh.com^*.gif","initiatorDomains":["mphim14.org"],"resourceTypes":["image"],"isUrlFilterCaseSensitive":false},"priority":301},{"id":142,"action":{"type":"block"},"condition":{"urlFilter":"||kenhgamez.co^*.gif","isUrlFilterCaseSensitive":false},"priority":1},{"id":143,"action":{"type":"block"},"condition":{"urlFilter":"||kenhtin.net/upload/images/banner-","isUrlFilterCaseSensitive":false},"priority":1},{"id":144,"action":{"type":"block"},"condition":{"urlFilter":"||kienthuc.net.vn/*.ads","isUrlFilterCaseSensitive":false},"priority":1},{"id":145,"action":{"type":"block"},"condition":{"urlFilter":"||laodong.vn/*QuangcaoOnline","isUrlFilterCaseSensitive":false},"priority":1},{"id":146,"action":{"type":"block"},"condition":{"urlFilter":"||lh3.googleusercontent.com/*=s0","initiatorDomains":["animevietsub.cx","hoathinh4k3.net","hayghechill.com"],"resourceTypes":["image"],"isUrlFilterCaseSensitive":false},"priority":235},{"id":147,"action":{"type":"block"},"condition":{"urlFilter":"||linkads.xyz^","initiatorDomains":["hayhaytv.cc"],"resourceTypes":["image"],"isUrlFilterCaseSensitive":false},"priority":301},{"id":148,"action":{"type":"block"},"condition":{"urlFilter":"||listnhacai88.com^*.gif","resourceTypes":["image"],"isUrlFilterCaseSensitive":false},"priority":101},{"id":149,"action":{"type":"block"},"condition":{"urlFilter":"||live.staticflickr.com","initiatorDomains":["timdaily.vn"],"resourceTypes":["image"],"isUrlFilterCaseSensitive":false},"priority":301},{"id":150,"action":{"type":"block"},"condition":{"urlFilter":"||maclife.io^*.gif","isUrlFilterCaseSensitive":false},"priority":1},{"id":151,"action":{"type":"block"},"condition":{"urlFilter":"||media.nghean24h.vn","initiatorDomains":["nghean24h.vn"],"resourceTypes":["image"],"isUrlFilterCaseSensitive":false},"priority":301},{"id":152,"action":{"type":"block"},"condition":{"urlFilter":"||mocfun.net/uploads/banners/","isUrlFilterCaseSensitive":false},"priority":1},{"id":153,"action":{"type":"block"},"condition":{"urlFilter":"||motchill.love/js/ads_xx.js","isUrlFilterCaseSensitive":false},"priority":1},{"id":154,"action":{"type":"block"},"condition":{"urlFilter":"||motchilliu.net/banner","resourceTypes":["image"],"isUrlFilterCaseSensitive":false},"priority":101},{"id":155,"action":{"type":"block"},"condition":{"urlFilter":"||motphimtv.cam/js/ads.js?","domainType":"firstParty","resourceTypes":["script"],"isUrlFilterCaseSensitive":false},"priority":102},{"id":156,"action":{"type":"block"},"condition":{"urlFilter":"||mplmncb.com/banners-web","initiatorDomains":["truyenqqto.com"],"resourceTypes":["image"],"isUrlFilterCaseSensitive":false},"priority":301},{"id":157,"action":{"type":"block"},"condition":{"urlFilter":"||mplmncb.com/popup/","initiatorDomains":["truyenqqto.com"],"resourceTypes":["script"],"isUrlFilterCaseSensitive":false},"priority":301},{"id":158,"action":{"type":"block"},"condition":{"urlFilter":"||nettruyenviet.com/assets/js/pop","resourceTypes":["script"],"isUrlFilterCaseSensitive":false},"priority":101},{"id":159,"action":{"type":"block"},"condition":{"urlFilter":"||nettruyenww.com/public/assets/js/pop","domainType":"firstParty","resourceTypes":["script"],"isUrlFilterCaseSensitive":false},"priority":102},{"id":160,"action":{"type":"block"},"condition":{"urlFilter":"||newoneinoldoneout.pro/banners-web/","initiatorDomains":["nettruyenww.com"],"resourceTypes":["image"],"isUrlFilterCaseSensitive":false},"priority":301},{"id":161,"action":{"type":"block"},"condition":{"urlFilter":"||newoneinoldoneout.pro/popup","initiatorDomains":["nettruyenww.com"],"resourceTypes":["script"],"isUrlFilterCaseSensitive":false},"priority":301},{"id":162,"action":{"type":"block"},"condition":{"urlFilter":"||nhadatvang.vn/images/","initiatorDomains":["muabanraovat.com"],"isUrlFilterCaseSensitive":false},"priority":201},{"id":163,"action":{"type":"block"},"condition":{"urlFilter":"||nhipcaudautu.vn/*gafin","resourceTypes":["script"],"isUrlFilterCaseSensitive":false},"priority":101},{"id":164,"action":{"type":"block"},"condition":{"urlFilter":"||nhipcaudautu.vn/Media/*.gif","isUrlFilterCaseSensitive":false},"priority":1},{"id":165,"action":{"type":"block"},"condition":{"urlFilter":"||notepad.vn/media/images/like68.jpg","isUrlFilterCaseSensitive":false},"priority":1},{"id":166,"action":{"type":"block"},"condition":{"urlFilter":"||phim.vkool8.net/images/ads/","resourceTypes":["image"],"isUrlFilterCaseSensitive":false},"priority":101},{"id":167,"action":{"type":"block"},"condition":{"urlFilter":"||phim.vkool8.net/js/pov.js","domainType":"firstParty","resourceTypes":["script"],"isUrlFilterCaseSensitive":false},"priority":102},{"id":170,"action":{"type":"block"},"condition":{"urlFilter":"||phimhdc.us^*.gif","resourceTypes":["image"],"isUrlFilterCaseSensitive":false},"priority":101},{"id":171,"action":{"type":"block"},"condition":{"urlFilter":"||phimmoi.ing/js/ads.js","resourceTypes":["script"],"isUrlFilterCaseSensitive":false},"priority":101},{"id":172,"action":{"type":"block"},"condition":{"urlFilter":"||phimmoichilltv.net/newchill/","domainType":"firstParty","resourceTypes":["script"],"isUrlFilterCaseSensitive":false},"priority":102},{"id":173,"action":{"type":"block"},"condition":{"urlFilter":"||phimmoichillz.my/pop","resourceTypes":["image"],"isUrlFilterCaseSensitive":false},"priority":101},{"id":174,"action":{"type":"block"},"condition":{"urlFilter":"||phimmoichillz.my^*.gif","resourceTypes":["image"],"isUrlFilterCaseSensitive":false},"priority":101},{"id":175,"action":{"type":"block"},"condition":{"urlFilter":"||phimmoinhat.top^*.gif","isUrlFilterCaseSensitive":false},"priority":1},{"id":176,"action":{"type":"block"},"condition":{"urlFilter":"||phimnhanhvl.com^*.gif","isUrlFilterCaseSensitive":false},"priority":1},{"id":177,"action":{"type":"block"},"condition":{"urlFilter":"||phimnhua.net^*.gif","isUrlFilterCaseSensitive":false},"priority":1},{"id":178,"action":{"type":"block"},"condition":{"urlFilter":"||phimreview.org^*.gif","resourceTypes":["image"],"isUrlFilterCaseSensitive":false},"priority":101},{"id":179,"action":{"type":"block"},"condition":{"urlFilter":"||phimss.net/assets/ads/","resourceTypes":["image"],"isUrlFilterCaseSensitive":false},"priority":101},{"id":180,"action":{"type":"block"},"condition":{"urlFilter":"||phimvuihd.org^*.gif","resourceTypes":["image"],"isUrlFilterCaseSensitive":false},"priority":101},{"id":181,"action":{"type":"block"},"condition":{"urlFilter":"||photo2.tinhte.vn/data/attachment-files/*banner","isUrlFilterCaseSensitive":false},"priority":1},{"id":182,"action":{"type":"block"},"condition":{"urlFilter":"||photo2.tinhte.vn^*.gif","initiatorDomains":["vebo4.net","xem.vebo31.net"],"isUrlFilterCaseSensitive":false},"priority":151},{"id":183,"action":{"type":"block"},"condition":{"urlFilter":"||pic1025.com^*gif","initiatorDomains":["xemtivi4k.com"],"isUrlFilterCaseSensitive":false},"priority":201},{"id":184,"action":{"type":"block"},"condition":{"urlFilter":"||play.pdccf.online/staticpdc/ads/","initiatorDomains":["phimdacap.tv"],"resourceTypes":["image"],"isUrlFilterCaseSensitive":false},"priority":301},{"id":185,"action":{"type":"block"},"condition":{"urlFilter":"||qthang.net/js/blocker","domainType":"firstParty","resourceTypes":["script"],"isUrlFilterCaseSensitive":false},"priority":102},{"id":186,"action":{"type":"block"},"condition":{"urlFilter":"||quaivatdienanh.com/*banner","resourceTypes":["image"],"isUrlFilterCaseSensitive":false},"priority":101},{"id":187,"action":{"type":"block"},"condition":{"urlFilter":"||quangcaosanpham.com/images/","domainType":"thirdParty","isUrlFilterCaseSensitive":false},"priority":2},{"id":188,"action":{"type":"block"},"condition":{"urlFilter":"||quoracdn.net^","initiatorDomains":["www.phimlongtieng.net","phimlongtieng.com","www.phimdinhcaoz.com","phimdinhcao.com"],"resourceTypes":["image"],"isUrlFilterCaseSensitive":false},"priority":226},{"id":189,"action":{"type":"block"},"condition":{"urlFilter":"||raovat.tuoitre.vn^","initiatorDomains":["tuoitre.vn"],"isUrlFilterCaseSensitive":false},"priority":201},{"id":190,"action":{"type":"block"},"condition":{"urlFilter":"||raovatdidong.vn/images/","initiatorDomains":["muabanraovat.com"],"isUrlFilterCaseSensitive":false},"priority":201},{"id":191,"action":{"type":"block"},"condition":{"urlFilter":"||s2.truyentot.com^*.gif","initiatorDomains":["hhtq8.vip","hhtq3d.net","hhtq5.vip","hhvsub.com"],"resourceTypes":["image"],"isUrlFilterCaseSensitive":false},"priority":226},{"id":192,"action":{"type":"block"},"condition":{"urlFilter":"||sansale.online/hh3d.js","initiatorDomains":["yanhh3d.tv","yanhh3d.tv"],"resourceTypes":["script"],"isUrlFilterCaseSensitive":false},"priority":251},{"id":193,"action":{"type":"block"},"condition":{"urlFilter":"||sansale.online/hhtm.js","initiatorDomains":["hhtm.pro"],"isUrlFilterCaseSensitive":false},"priority":201},{"id":194,"action":{"type":"block"},"condition":{"urlFilter":"||server.zmedia.vn/static/","resourceTypes":["script"],"isUrlFilterCaseSensitive":false},"priority":101},{"id":195,"action":{"type":"block"},"condition":{"urlFilter":"||sggp.org.vn/*banner","isUrlFilterCaseSensitive":false},"priority":1},{"id":196,"action":{"type":"block"},"condition":{"urlFilter":"||sharecode.vn/assets/images/thiet-ke-web-gia-re.jpg","isUrlFilterCaseSensitive":false},"priority":1},{"id":197,"action":{"type":"block"},"condition":{"urlFilter":"||sharecode.vn/assets/images/thiet-ke-website.jpg","isUrlFilterCaseSensitive":false},"priority":1},{"id":198,"action":{"type":"block"},"condition":{"urlFilter":"||sohuutritue.net.vn/files/qc/","isUrlFilterCaseSensitive":false},"priority":1},{"id":199,"action":{"type":"block"},"condition":{"urlFilter":"||soikeo365.net^*.gif","isUrlFilterCaseSensitive":false},"priority":1},{"id":200,"action":{"type":"block"},"condition":{"urlFilter":"||soikeoz.vip^*.gif","isUrlFilterCaseSensitive":false},"priority":1},{"id":201,"action":{"type":"block"},"condition":{"urlFilter":"||static-mn.mediastation.live^*.gif","initiatorDomains":["mn.mediastation.live","home2.mannhan9.pro","home1.mannhan10.pro"],"resourceTypes":["image"],"isUrlFilterCaseSensitive":false},"priority":235},{"id":202,"action":{"type":"block"},"condition":{"urlFilter":"||static-sk.mediastation.live^*.gif","initiatorDomains":["home2.mannhan9.pro"],"resourceTypes":["image"],"isUrlFilterCaseSensitive":false},"priority":301},{"id":203,"action":{"type":"block"},"condition":{"urlFilter":"||static.cdnno.com/storage/topbox/*.webp","initiatorDomains":["metruyencv.com"],"resourceTypes":["image"],"isUrlFilterCaseSensitive":false},"priority":301},{"id":204,"action":{"type":"block"},"condition":{"urlFilter":"||static.ybox.vn^*.gif","initiatorDomains":["ybox.vn"],"isUrlFilterCaseSensitive":false},"priority":201},{"id":205,"action":{"type":"block"},"condition":{"urlFilter":"||stc02bc54661548.cloud.anycastapnic.com^*gif","initiatorDomains":["xem19.gavang1.net","xem20.gavang1.net","gavang3.link"],"resourceTypes":["image"],"isUrlFilterCaseSensitive":false},"priority":235},{"id":206,"action":{"type":"block"},"condition":{"urlFilter":"||storage.fshare.vn/images/","domainType":"thirdParty","isUrlFilterCaseSensitive":false},"priority":2},{"id":207,"action":{"type":"block"},"condition":{"urlFilter":"||subnhanh.sh/js/ads_xx.js","isUrlFilterCaseSensitive":false},"priority":1},{"id":208,"action":{"type":"block"},"condition":{"urlFilter":"||subnhanh.sh/js/ads_xx.min.js","domainType":"firstParty","resourceTypes":["script"],"isUrlFilterCaseSensitive":false},"priority":102},{"id":209,"action":{"type":"block"},"condition":{"urlFilter":"||subnhanhvl.li/js/ads_xx.js","domainType":"firstParty","resourceTypes":["script"],"isUrlFilterCaseSensitive":false},"priority":102},{"id":210,"action":{"type":"block"},"condition":{"urlFilter":"||suckhoelamdep.vn^*.gif","resourceTypes":["image"],"isUrlFilterCaseSensitive":false},"priority":101},{"id":211,"action":{"type":"block"},"condition":{"urlFilter":"||tailieuvnu.com/wp-content/uploads/2022/12/28/shopee-2*.png","resourceTypes":["image"],"isUrlFilterCaseSensitive":false},"priority":101},{"id":213,"action":{"type":"block"},"condition":{"urlFilter":"||tepbac.com/upload/advertiment/","resourceTypes":["image"],"isUrlFilterCaseSensitive":false},"priority":101},{"id":214,"action":{"type":"block"},"condition":{"urlFilter":"||the.tube/js/detect-ab.js","resourceTypes":["script"],"isUrlFilterCaseSensitive":false},"priority":101},{"id":215,"action":{"type":"block"},"condition":{"urlFilter":"||the.tube/js/simpleblocker.js","resourceTypes":["script"],"isUrlFilterCaseSensitive":false},"priority":101},{"id":216,"action":{"type":"block"},"condition":{"urlFilter":"||thoigian.com.vn/mFiles/N/06/","resourceTypes":["image"],"isUrlFilterCaseSensitive":false},"priority":101},{"id":217,"action":{"type":"block"},"condition":{"urlFilter":"||thoigian.com.vn^*.gif","isUrlFilterCaseSensitive":false},"priority":1},{"id":218,"action":{"type":"block"},"condition":{"urlFilter":"||thuysanvietnam.com.vn^*.gif","isUrlFilterCaseSensitive":false},"priority":1},{"id":219,"action":{"type":"block"},"condition":{"urlFilter":"||tiemsachhay.net^*.gif","resourceTypes":["image"],"isUrlFilterCaseSensitive":false},"priority":101},{"id":220,"action":{"type":"block"},"condition":{"urlFilter":"||timsanpham.com/images/","domainType":"thirdParty","isUrlFilterCaseSensitive":false},"priority":2},{"id":221,"action":{"type":"block"},"condition":{"urlFilter":"||tinhayvip.com^*.gif","isUrlFilterCaseSensitive":false},"priority":1},{"id":222,"action":{"type":"block"},"condition":{"urlFilter":"||tinmoi.vn/?mod=ajax&act=getAds","isUrlFilterCaseSensitive":false},"priority":1},{"id":223,"action":{"type":"block"},"condition":{"urlFilter":"||tinsoikeo.live^*.gif","resourceTypes":["image"],"isUrlFilterCaseSensitive":false},"priority":101},{"id":224,"action":{"type":"block"},"condition":{"urlFilter":"||toithuthuat.com^*.gif","isUrlFilterCaseSensitive":false},"priority":1},{"id":225,"action":{"type":"block"},"condition":{"urlFilter":"||tracker.idocdn.com^","initiatorDomains":["freeplayervideo.com","abysscdn.com","player-cdn.com","geoip.redirect-ads.com","playhydrax.com"],"isUrlFilterCaseSensitive":false},"priority":121},{"id":226,"action":{"type":"block"},"condition":{"urlFilter":"||traderviet.tv/data/siropu/am/user/","resourceTypes":["image"],"isUrlFilterCaseSensitive":false},"priority":101},{"id":227,"action":{"type":"block"},"condition":{"urlFilter":"||tram3d.vip^*.gif","domainType":"firstParty","resourceTypes":["image"],"isUrlFilterCaseSensitive":false},"priority":102},{"id":228,"action":{"type":"block"},"condition":{"urlFilter":"||tructiep.vn/website/adv/","isUrlFilterCaseSensitive":false},"priority":1},{"id":230,"action":{"type":"block"},"condition":{"urlFilter":"||truyenconect.com/uploads/*-truyenconect_com-*.","isUrlFilterCaseSensitive":false},"priority":1},{"id":231,"action":{"type":"block"},"condition":{"urlFilter":"||truyentuan.xyz/wp-content/banners","isUrlFilterCaseSensitive":false},"priority":1},{"id":232,"action":{"type":"block"},"condition":{"urlFilter":"||truyentuan.xyz/wp-content/themes/nos/js/pop-before.js","isUrlFilterCaseSensitive":false},"priority":1},{"id":233,"action":{"type":"block"},"condition":{"urlFilter":"||truyenwikidich.net/static/js/adx/","resourceTypes":["script"],"isUrlFilterCaseSensitive":false},"priority":101},{"id":234,"action":{"type":"block"},"condition":{"urlFilter":"||tudomuaban.com/public/upload/ad/","isUrlFilterCaseSensitive":false},"priority":1},{"id":235,"action":{"type":"block"},"condition":{"urlFilter":"||tuviso.com/public/media//banner/","isUrlFilterCaseSensitive":false},"priority":1},{"id":236,"action":{"type":"block"},"condition":{"urlFilter":"||tuyensinh247.com/","domainType":"thirdParty","resourceTypes":["image"],"isUrlFilterCaseSensitive":false},"priority":102},{"id":237,"action":{"type":"block"},"condition":{"urlFilter":"||tuyensinhso.vn/images/banners/*.gif","domainType":"firstParty","resourceTypes":["image"],"isUrlFilterCaseSensitive":false},"priority":102},{"id":238,"action":{"type":"block"},"condition":{"urlFilter":"||tvhay.vc/guide/popup.xp-f.js","isUrlFilterCaseSensitive":false},"priority":1},{"id":239,"action":{"type":"block"},"condition":{"urlFilter":"||tvhayd.com^*.gif","resourceTypes":["image"],"isUrlFilterCaseSensitive":false},"priority":101},{"id":240,"action":{"type":"block"},"condition":{"urlFilter":"||tvphim.li/ads/popup","domainType":"firstParty","resourceTypes":["script"],"isUrlFilterCaseSensitive":false},"priority":102},{"id":241,"action":{"type":"block"},"condition":{"urlFilter":"||tvzinghd.co/wp-content/themes/zingtv/js/qci9bc.js","domainType":"firstParty","resourceTypes":["script"],"isUrlFilterCaseSensitive":false},"priority":102},{"id":243,"action":{"type":"block"},"condition":{"urlFilter":"||uniad.","domainType":"thirdParty","isUrlFilterCaseSensitive":false},"priority":2},{"id":244,"action":{"type":"block"},"condition":{"urlFilter":"||upanh.vn-z.vn/images/2024/05/20/Ban-sao-Deskin-banner-1.jpeg","initiatorDomains":["vn-z.vn"],"resourceTypes":["image"],"isUrlFilterCaseSensitive":false},"priority":301},{"id":245,"action":{"type":"block"},"condition":{"urlFilter":"||upload.bongda365.news//banner/","initiatorDomains":["bongda365.news"],"isUrlFilterCaseSensitive":false},"priority":201},{"id":246,"action":{"type":"block"},"condition":{"urlFilter":"||v.xemphimviet.xyz/client_assets/js/minijumb.js","domainType":"firstParty","resourceTypes":["script"],"isUrlFilterCaseSensitive":false},"priority":102},{"id":247,"action":{"type":"block"},"condition":{"urlFilter":"||vesotantai.com/upload/photo/","resourceTypes":["image"],"isUrlFilterCaseSensitive":false},"priority":101},{"id":248,"action":{"type":"block"},"condition":{"urlFilter":"||vidian.online/images/*.gif","isUrlFilterCaseSensitive":false},"priority":1},{"id":249,"action":{"type":"block"},"condition":{"urlFilter":"||vietjack.com/FrontEndWeb/js/sp.js","resourceTypes":["script"],"isUrlFilterCaseSensitive":false},"priority":101},{"id":250,"action":{"type":"block"},"condition":{"urlFilter":"||vivuphim.info^*.gif","isUrlFilterCaseSensitive":false},"priority":1},{"id":251,"action":{"type":"block"},"condition":{"urlFilter":"||vnesports.net^*.gif","isUrlFilterCaseSensitive":false},"priority":1},{"id":252,"action":{"type":"block"},"condition":{"urlFilter":"||vov.vn/ads/show-ads","isUrlFilterCaseSensitive":false},"priority":1},{"id":253,"action":{"type":"block"},"condition":{"urlFilter":"||vsc60.com/wp-content/themes/vuasanco/assets/scripts/scripts.js","isUrlFilterCaseSensitive":false},"priority":1},{"id":254,"action":{"type":"block"},"condition":{"urlFilter":"||wibu47.com^*.gif","resourceTypes":["image"],"isUrlFilterCaseSensitive":false},"priority":101},{"id":255,"action":{"type":"block"},"condition":{"urlFilter":"||www.bk8vnaf.com^*.gif","initiatorDomains":["phimgichill.net"],"resourceTypes":["image"],"isUrlFilterCaseSensitive":false},"priority":301},{"id":256,"action":{"type":"block"},"condition":{"urlFilter":"||www.bongdalu808.com^*.gif","isUrlFilterCaseSensitive":false},"priority":1},{"id":257,"action":{"type":"block"},"condition":{"urlFilter":"||www.clbgamesvn.com/diendan/popup/popup.js","domainType":"firstParty","resourceTypes":["script"],"isUrlFilterCaseSensitive":false},"priority":102},{"id":258,"action":{"type":"block"},"condition":{"urlFilter":"||www.imghippo.com^*.gif","initiatorDomains":["tvzinghd.co"],"resourceTypes":["image"],"isUrlFilterCaseSensitive":false},"priority":301},{"id":260,"action":{"type":"block"},"condition":{"urlFilter":"||www.thuocbietduoc.com.vn/adv/","isUrlFilterCaseSensitive":false},"priority":1},{"id":261,"action":{"type":"block"},"condition":{"urlFilter":"||www.thuocbietduoc.com.vn/aqc/","resourceTypes":["image"],"isUrlFilterCaseSensitive":false},"priority":101},{"id":262,"action":{"type":"block"},"condition":{"urlFilter":"||xahoingaynay.com.vn/upload/","resourceTypes":["image"],"isUrlFilterCaseSensitive":false},"priority":101},{"id":263,"action":{"type":"block"},"condition":{"urlFilter":"||xc.1357668.com^*.gif","initiatorDomains":["live.7mvn4.com"],"isUrlFilterCaseSensitive":false},"priority":201},{"id":264,"action":{"type":"block"},"condition":{"urlFilter":"||xmedia.antt.vn/upload/*.gif","initiatorDomains":["antt.vn"],"resourceTypes":["image"],"isUrlFilterCaseSensitive":false},"priority":301},{"id":265,"action":{"type":"block"},"condition":{"urlFilter":"||xxoilac.com^*.gif","resourceTypes":["image"],"isUrlFilterCaseSensitive":false},"priority":101},{"id":266,"action":{"type":"block"},"condition":{"urlFilter":"||zcine.net^*.gif","resourceTypes":["image"],"isUrlFilterCaseSensitive":false},"priority":101},{"id":267,"action":{"type":"block"},"condition":{"urlFilter":"||zunia.vn/ads.html","initiatorDomains":["tracnghiem.net"],"resourceTypes":["sub_frame"],"isUrlFilterCaseSensitive":false},"priority":301},{"id":268,"action":{"type":"block"},"condition":{"urlFilter":"||ad.vidverto.io^","isUrlFilterCaseSensitive":false},"priority":1},{"id":269,"action":{"type":"block"},"condition":{"urlFilter":"||adflex.vn^","domainType":"thirdParty","isUrlFilterCaseSensitive":false},"priority":2},{"id":270,"action":{"type":"block"},"condition":{"urlFilter":"||adpia.vn^","domainType":"thirdParty","isUrlFilterCaseSensitive":false},"priority":2},{"id":271,"action":{"type":"block"},"condition":{"urlFilter":"||ads-cdn.fptplay.net^","isUrlFilterCaseSensitive":false},"priority":1},{"id":272,"action":{"type":"block"},"condition":{"urlFilter":"||ads.mxhnkn.pro^","isUrlFilterCaseSensitive":false},"priority":1},{"id":273,"action":{"type":"block"},"condition":{"urlFilter":"||ads.starzd.com^","isUrlFilterCaseSensitive":false},"priority":1},{"id":274,"action":{"type":"block"},"condition":{"urlFilter":"||adtima-static.zadn.vn^","resourceTypes":["script"],"isUrlFilterCaseSensitive":false},"priority":101},{"id":275,"action":{"type":"block"},"condition":{"urlFilter":"||adtima-static.zascdn.me^","isUrlFilterCaseSensitive":false},"priority":1},{"id":276,"action":{"type":"block"},"condition":{"urlFilter":"||adtima.vn^","domainType":"thirdParty","isUrlFilterCaseSensitive":false},"priority":2},{"id":277,"action":{"type":"block"},"condition":{"urlFilter":"||adtimaserver.vn^","isUrlFilterCaseSensitive":false},"priority":1},{"id":278,"action":{"type":"block"},"condition":{"urlFilter":"||aff.cdnntx.com^","isUrlFilterCaseSensitive":false},"priority":1},{"id":279,"action":{"type":"block"},"condition":{"urlFilter":"||affordedseasick.com^","isUrlFilterCaseSensitive":false},"priority":1},{"id":280,"action":{"type":"block"},"condition":{"urlFilter":"||aj1047.online^","isUrlFilterCaseSensitive":false},"priority":1},{"id":281,"action":{"type":"block"},"condition":{"urlFilter":"||aj1559.online^","isUrlFilterCaseSensitive":false},"priority":1},{"id":282,"action":{"type":"block"},"condition":{"urlFilter":"||aj2393.online^","isUrlFilterCaseSensitive":false},"priority":1},{"id":283,"action":{"type":"block"},"condition":{"urlFilter":"||ajsc.yodimedia.com^","isUrlFilterCaseSensitive":false},"priority":1},{"id":284,"action":{"type":"block"},"condition":{"urlFilter":"||amcdn.vn^","isUrlFilterCaseSensitive":false},"priority":1},{"id":285,"action":{"type":"block"},"condition":{"urlFilter":"||ants.vn^","domainType":"thirdParty","isUrlFilterCaseSensitive":false},"priority":2},{"id":286,"action":{"type":"block"},"condition":{"urlFilter":"||api.adfly.vn^","isUrlFilterCaseSensitive":false},"priority":1},{"id":287,"action":{"type":"block"},"condition":{"urlFilter":"||apinas.nct.vn^","isUrlFilterCaseSensitive":false},"priority":1},{"id":288,"action":{"type":"block"},"condition":{"urlFilter":"||asg.phukienthoitranggiare.com^","isUrlFilterCaseSensitive":false},"priority":1},{"id":289,"action":{"type":"block"},"condition":{"urlFilter":"||baobabsruesome.com^","isUrlFilterCaseSensitive":false},"priority":1},{"id":290,"action":{"type":"block"},"condition":{"urlFilter":"||bardicjazzed.com^","isUrlFilterCaseSensitive":false},"priority":1},{"id":291,"action":{"type":"block"},"condition":{"urlFilter":"||bidgear-syndication.com^","isUrlFilterCaseSensitive":false},"priority":1},{"id":292,"action":{"type":"block"},"condition":{"urlFilter":"||blueseed.tv^","domainType":"thirdParty","isUrlFilterCaseSensitive":false},"priority":2},{"id":293,"action":{"type":"block"},"condition":{"urlFilter":"||brittlesturdyunlovable.com^","isUrlFilterCaseSensitive":false},"priority":1},{"id":294,"action":{"type":"block"},"condition":{"urlFilter":"||cdn.adop.asia^","isUrlFilterCaseSensitive":false},"priority":1},{"id":295,"action":{"type":"block"},"condition":{"urlFilter":"||cdn.tpmedia.online^","isUrlFilterCaseSensitive":false},"priority":1},{"id":296,"action":{"type":"block"},"condition":{"urlFilter":"||cdnv.tpmedia.online^","isUrlFilterCaseSensitive":false},"priority":1},{"id":297,"action":{"type":"block"},"condition":{"urlFilter":"||chouthep.net^","isUrlFilterCaseSensitive":false},"priority":1},{"id":298,"action":{"type":"block"},"condition":{"urlFilter":"||click.advertnative.com^","isUrlFilterCaseSensitive":false},"priority":1},{"id":299,"action":{"type":"block"},"condition":{"urlFilter":"||cnt.trvdp.com^","isUrlFilterCaseSensitive":false},"priority":1},{"id":300,"action":{"type":"block"},"condition":{"urlFilter":"||contineljs.com^","isUrlFilterCaseSensitive":false},"priority":1},{"id":301,"action":{"type":"block"},"condition":{"urlFilter":"||cpt.geniee.jp^","isUrlFilterCaseSensitive":false},"priority":1},{"id":302,"action":{"type":"block"},"condition":{"urlFilter":"||delivery.yomedia.vn^","isUrlFilterCaseSensitive":false},"priority":1},{"id":303,"action":{"type":"block"},"condition":{"urlFilter":"||discourseoxidizingtransfer.com^","isUrlFilterCaseSensitive":false},"priority":1},{"id":304,"action":{"type":"block"},"condition":{"urlFilter":"||distinctrobin.com^","isUrlFilterCaseSensitive":false},"priority":1},{"id":305,"action":{"type":"block"},"condition":{"urlFilter":"||effacedefend.com^","isUrlFilterCaseSensitive":false},"priority":1},{"id":306,"action":{"type":"block"},"condition":{"urlFilter":"||fpgedsewst.com^","isUrlFilterCaseSensitive":false},"priority":1},{"id":307,"action":{"type":"block"},"condition":{"urlFilter":"||fv.togataurnfuls.com^","isUrlFilterCaseSensitive":false},"priority":1},{"id":308,"action":{"type":"block"},"condition":{"urlFilter":"||gammaplatform.com^","domainType":"thirdParty","isUrlFilterCaseSensitive":false},"priority":2},{"id":309,"action":{"type":"block"},"condition":{"urlFilter":"||genieesspv.jp^","domainType":"thirdParty","isUrlFilterCaseSensitive":false},"priority":2},{"id":310,"action":{"type":"block"},"condition":{"urlFilter":"||genmonet.com^","isUrlFilterCaseSensitive":false},"priority":1},{"id":311,"action":{"type":"block"},"condition":{"urlFilter":"||glodretsa.net^","isUrlFilterCaseSensitive":false},"priority":1},{"id":312,"action":{"type":"block"},"condition":{"urlFilter":"||grubsnuchale.com^","isUrlFilterCaseSensitive":false},"priority":1},{"id":313,"action":{"type":"block"},"condition":{"urlFilter":"||grunoaph.net^","isUrlFilterCaseSensitive":false},"priority":1},{"id":314,"action":{"type":"block"},"condition":{"urlFilter":"||gullyending.com^","isUrlFilterCaseSensitive":false},"priority":1},{"id":315,"action":{"type":"block"},"condition":{"urlFilter":"||hymenvapour.com^","isUrlFilterCaseSensitive":false},"priority":1},{"id":316,"action":{"type":"block"},"condition":{"urlFilter":"||iads.staticscdn.net^","isUrlFilterCaseSensitive":false},"priority":1},{"id":317,"action":{"type":"block"},"condition":{"urlFilter":"||iads.vision^","isUrlFilterCaseSensitive":false},"priority":1},{"id":318,"action":{"type":"block"},"condition":{"urlFilter":"||imad24.com^","isUrlFilterCaseSensitive":false},"priority":1},{"id":319,"action":{"type":"block"},"condition":{"urlFilter":"||img.yeuketqua.net^","isUrlFilterCaseSensitive":false},"priority":1},{"id":320,"action":{"type":"block"},"condition":{"urlFilter":"||immaculate-suspect.com^","isUrlFilterCaseSensitive":false},"priority":1},{"id":321,"action":{"type":"block"},"condition":{"urlFilter":"||js.aiservice.vn^","isUrlFilterCaseSensitive":false},"priority":1},{"id":322,"action":{"type":"block"},"condition":{"urlFilter":"||jsc.yodimedia.com^","isUrlFilterCaseSensitive":false},"priority":1},{"id":323,"action":{"type":"block"},"condition":{"urlFilter":"||link.cado.pro^","isUrlFilterCaseSensitive":false},"priority":1},{"id":324,"action":{"type":"block"},"condition":{"urlFilter":"||media.yomedia.vn^","isUrlFilterCaseSensitive":false},"priority":1},{"id":325,"action":{"type":"block"},"condition":{"urlFilter":"||meta.vn^","domainType":"thirdParty","isUrlFilterCaseSensitive":false},"priority":2},{"id":326,"action":{"type":"block"},"condition":{"urlFilter":"||midgetmaying.com^","isUrlFilterCaseSensitive":false},"priority":1},{"id":327,"action":{"type":"block"},"condition":{"urlFilter":"||ny.foonerne.com^","isUrlFilterCaseSensitive":false},"priority":1},{"id":328,"action":{"type":"block"},"condition":{"urlFilter":"||pk910324e.com^","isUrlFilterCaseSensitive":false},"priority":1},{"id":329,"action":{"type":"block"},"condition":{"urlFilter":"||platform.adlinknetwork.vn^","isUrlFilterCaseSensitive":false},"priority":1},{"id":330,"action":{"type":"block"},"condition":{"urlFilter":"||player.gliacloud.com^","isUrlFilterCaseSensitive":false},"priority":1},{"id":331,"action":{"type":"block"},"condition":{"urlFilter":"||pub.akadigital.vn^","isUrlFilterCaseSensitive":false},"priority":1},{"id":332,"action":{"type":"block"},"condition":{"urlFilter":"||pub.lavamedia.vn^","isUrlFilterCaseSensitive":false},"priority":1},{"id":333,"action":{"type":"block"},"condition":{"urlFilter":"||pub.lavanetwork.net^","domainType":"thirdParty","isUrlFilterCaseSensitive":false},"priority":2},{"id":334,"action":{"type":"block"},"condition":{"urlFilter":"||qc.coccoc.com^","domainType":"thirdParty","isUrlFilterCaseSensitive":false},"priority":2},{"id":335,"action":{"type":"block"},"condition":{"urlFilter":"||qc.violet.vn^","isUrlFilterCaseSensitive":false},"priority":1},{"id":336,"action":{"type":"block"},"condition":{"urlFilter":"||qcv5.blogtruyenmoi.com^","isUrlFilterCaseSensitive":false},"priority":1},{"id":337,"action":{"type":"block"},"condition":{"urlFilter":"||qz.almudestilths.com^","isUrlFilterCaseSensitive":false},"priority":1},{"id":338,"action":{"type":"block"},"condition":{"urlFilter":"||realclick.vn^","domainType":"thirdParty","isUrlFilterCaseSensitive":false},"priority":2},{"id":339,"action":{"type":"block"},"condition":{"urlFilter":"||rkgwzfwjgk.com^","isUrlFilterCaseSensitive":false},"priority":1},{"id":340,"action":{"type":"block"},"condition":{"urlFilter":"||rq.overseagyassa.com^","isUrlFilterCaseSensitive":false},"priority":1},{"id":341,"action":{"type":"block"},"condition":{"urlFilter":"||sbbanner.com^","isUrlFilterCaseSensitive":false},"priority":1},{"id":342,"action":{"type":"block"},"condition":{"urlFilter":"||ss.yomedia.vn^","isUrlFilterCaseSensitive":false},"priority":1},{"id":343,"action":{"type":"block"},"condition":{"urlFilter":"||static.adconnect.vn^","isUrlFilterCaseSensitive":false},"priority":1},{"id":344,"action":{"type":"block"},"condition":{"urlFilter":"||static.dable.io^","isUrlFilterCaseSensitive":false},"priority":1},{"id":345,"action":{"type":"block"},"condition":{"urlFilter":"||static.eclick.vn^","isUrlFilterCaseSensitive":false},"priority":1},{"id":346,"action":{"type":"block"},"condition":{"urlFilter":"||static.philacct.com^","isUrlFilterCaseSensitive":false},"priority":1},{"id":347,"action":{"type":"block"},"condition":{"urlFilter":"||stummertitis.com^","isUrlFilterCaseSensitive":false},"priority":1},{"id":348,"action":{"type":"block"},"condition":{"urlFilter":"||syphonseity.com^","isUrlFilterCaseSensitive":false},"priority":1},{"id":349,"action":{"type":"block"},"condition":{"urlFilter":"||taboola.com^","domainType":"thirdParty","resourceTypes":["script"],"isUrlFilterCaseSensitive":false},"priority":102},{"id":350,"action":{"type":"block"},"condition":{"urlFilter":"||tags.fly-ads.net^","isUrlFilterCaseSensitive":false},"priority":1},{"id":351,"action":{"type":"block"},"condition":{"urlFilter":"||tags.native-ad.net^","isUrlFilterCaseSensitive":false},"priority":1},{"id":352,"action":{"type":"block"},"condition":{"urlFilter":"||toathoule.com^","isUrlFilterCaseSensitive":false},"priority":1},{"id":353,"action":{"type":"block"},"condition":{"urlFilter":"||truyentuan.xyz^","domainType":"firstParty","resourceTypes":["sub_frame"],"isUrlFilterCaseSensitive":false},"priority":102},{"id":354,"action":{"type":"block"},"condition":{"urlFilter":"||tutsterblanche.com^","isUrlFilterCaseSensitive":false},"priority":1},{"id":355,"action":{"type":"block"},"condition":{"urlFilter":"||tvc.biphim.club^","isUrlFilterCaseSensitive":false},"priority":1},{"id":356,"action":{"type":"block"},"condition":{"urlFilter":"||v9banners.com^","isUrlFilterCaseSensitive":false},"priority":1},{"id":357,"action":{"type":"block"},"condition":{"urlFilter":"||vads.net.vn^","isUrlFilterCaseSensitive":false},"priority":1},{"id":358,"action":{"type":"block"},"condition":{"urlFilter":"||xenosmussal.com^","isUrlFilterCaseSensitive":false},"priority":1},{"id":359,"action":{"type":"block"},"condition":{"urlFilter":"||xszpuvwr7.com^","isUrlFilterCaseSensitive":false},"priority":1},{"id":360,"action":{"type":"block"},"condition":{"urlFilter":"||zaloweb.","isUrlFilterCaseSensitive":false},"priority":1},{"id":361,"action":{"type":"allow"},"condition":{"urlFilter":"/favicon.ico","isUrlFilterCaseSensitive":false},"priority":100001},{"id":362,"action":{"type":"allow"},"condition":{"urlFilter":"/images/ad-300x250.jpg","domainType":"firstParty","initiatorDomains":["lehait.net"],"resourceTypes":["image"],"isUrlFilterCaseSensitive":false},"priority":100302},{"id":363,"action":{"type":"allow"},"condition":{"urlFilter":"/wp-content/plugins/advanced-ads/admin/assets/js/advertisement.js","domainType":"firstParty","resourceTypes":["script"],"isUrlFilterCaseSensitive":false},"priority":100102},{"id":364,"action":{"type":"allow"},"condition":{"urlFilter":"||4.bp.blogspot.com/-Faf4F4bEgfs/X6bgItBh8RI/AAAAAAAADr4/TI07qDfVYWk4cPdNAj8Mn5Q_yVzuG2cJgCK4BGAYYCw/s1600/gvnvh18.png","initiatorDomains":["www.gvnvh.net"],"resourceTypes":["image"],"isUrlFilterCaseSensitive":false},"priority":100301},{"id":365,"action":{"type":"allow"},"condition":{"urlFilter":"||alwingulla.com/88/tag.min.js","initiatorDomains":["apkmoddone.com"],"resourceTypes":["script","xmlhttprequest"],"isUrlFilterCaseSensitive":false},"priority":100276},{"id":366,"action":{"type":"allow"},"condition":{"urlFilter":"||anime47.cam/ads/v/8.26.9/jw","isUrlFilterCaseSensitive":false},"priority":100001},{"id":367,"action":{"type":"allow"},"condition":{"urlFilter":"||anime47.cam/ads/v/8.26.9/translations","isUrlFilterCaseSensitive":false},"priority":100001},{"id":368,"action":{"type":"allow"},"condition":{"urlFilter":"||cdnjs.cloudflare.com/ajax/libs/videojs-contrib-ads/6.0.0/videojs-contrib-ads.js","initiatorDomains":["sctvonline.vn"],"resourceTypes":["script"],"isUrlFilterCaseSensitive":false},"priority":100301},{"id":369,"action":{"type":"allow"},"condition":{"urlFilter":"||contextual.media.net/dmedianet.js","initiatorDomains":["azrom.net"],"isUrlFilterCaseSensitive":false},"priority":100201},{"id":370,"action":{"type":"allow"},"condition":{"urlFilter":"||googleads.g.doubleclick.net/pagead/","initiatorDomains":["cungthi.online","romgoc.net"],"isUrlFilterCaseSensitive":false},"priority":100151},{"id":371,"action":{"type":"allow"},"condition":{"urlFilter":"||imasdk.googleapis.com^","initiatorDomains":["vieon.vn","fptplay.vn","24h.com.vn","game24h.vn","sctvonline.vn","danet.vn"],"resourceTypes":["script","xmlhttprequest"],"isUrlFilterCaseSensitive":false},"priority":100193},{"id":372,"action":{"type":"allow"},"condition":{"urlFilter":"||jsc.adskeeper.co.uk^","initiatorDomains":["ios.codevn.net"],"resourceTypes":["script"],"isUrlFilterCaseSensitive":false},"priority":100301},{"id":373,"action":{"type":"allow"},"condition":{"urlFilter":"||linkads.xyz/www.aphim.info/ads2video/embed.html","initiatorDomains":["vungtv.us","247phim.cc"],"resourceTypes":["sub_frame"],"isUrlFilterCaseSensitive":false},"priority":100251},{"id":374,"action":{"type":"allow"},"condition":{"urlFilter":"||media.nghean24h.vn/image_resize","initiatorDomains":["nghean24h.vn"],"resourceTypes":["image"],"isUrlFilterCaseSensitive":false},"priority":100301},{"id":375,"action":{"type":"allow"},"condition":{"urlFilter":"||media1.admicro.vn/cms/","initiatorDomains":["tuoitre.vn"],"resourceTypes":["script"],"isUrlFilterCaseSensitive":false},"priority":100301},{"id":376,"action":{"type":"allow"},"condition":{"urlFilter":"||on-web-cdn.gviet.vn/public/js/player/ads/ima3.js","initiatorDomains":["vtvcab.vn"],"resourceTypes":["script"],"isUrlFilterCaseSensitive":false},"priority":100301},{"id":377,"action":{"type":"allow"},"condition":{"urlFilter":"||pagead2.googlesyndication.com^","initiatorDomains":["thuthuatmeovat.net","kites.vn","phuongtrinhhoahoc.com","letrongdai.vn","romgoc.net","traderviet.tv","sum.vn","truyenaudiocv.org","khuchotot.com","1shortlink.com","thelanb.com","cungthi.online","lehait.net","nhacsong.pro","kientruc360.info","giavang.net","vnjpclub.com","753x.blogspot.com","ngohoanganhtuan.com","ngohoanganhtuan.net","toeicexamstore.xyz","vungoctuan.vn","ichi.pro","gocmod.com","tromcap.com","dafontvn.com","www.gvnvh.net","sesenblog.com","filess.us","xaydungplus.com","nguonhd.net","anhdep24.com","windowslite.net","tiengnhatdongian.com","quangcaoyenbai.com","ios.codevn.net","traffic1s.com","audiotruyenfull.com","minhpc.com","vongquaymayman.one","toilaquantri.com","diendancauduong.com","taisachonthi.com","mifirm.net","web1s.com","anonyviet.com","4g.tintuc247.top","web1s.asia","vanhoatamlinh.com","kiemlua.vn","khotailieuonthi247.com","ipacrack.com","duan24h.net","www.iosviet.com","hoctoan123.com","yhocdata.com","ycongnghe.com","imail.edu.vn","thitotnghiepthpt.vn","mod.lnpchannel.com","handydecor.com.vn","apkmoddone.phongroblox.com"],"resourceTypes":["script","image","xmlhttprequest"],"isUrlFilterCaseSensitive":false},"priority":100170},{"id":378,"action":{"type":"allow"},"condition":{"urlFilter":"||player.sohatv.vn/resource/","initiatorDomains":["cafef.vn","gamek.vn","genk.vn","kenh14.vn"],"resourceTypes":["script"],"isUrlFilterCaseSensitive":false},"priority":100226},{"id":379,"action":{"type":"allow"},"condition":{"urlFilter":"||securepubads.g.doubleclick.net/tag/js/gpt.js","initiatorDomains":["handydecor.com.vn"],"resourceTypes":["script"],"isUrlFilterCaseSensitive":false},"priority":100301},{"id":380,"action":{"type":"allow"},"condition":{"urlFilter":"||services.vlitag.com^","initiatorDomains":["game24h.vn"],"resourceTypes":["script","xmlhttprequest"],"isUrlFilterCaseSensitive":false},"priority":100276},{"id":381,"action":{"type":"allow"},"condition":{"urlFilter":"||static.ads-twitter.com/uwt.js","initiatorDomains":["linkneverdie.net","linkneverdie.top","linkneverdie2.com"],"resourceTypes":["script"],"isUrlFilterCaseSensitive":false},"priority":100235},{"id":382,"action":{"type":"allow"},"condition":{"urlFilter":"||static.amcdn.vn/tka/cdn.js","initiatorDomains":["genk.vn"],"resourceTypes":["script"],"isUrlFilterCaseSensitive":false},"priority":100301},{"id":383,"action":{"type":"allow"},"condition":{"urlFilter":"||static.doubleclick.net/instream/ad_status.js","initiatorDomains":["handydecor.com.vn"],"resourceTypes":["xmlhttprequest"],"isUrlFilterCaseSensitive":false},"priority":100301},{"id":384,"action":{"type":"allow"},"condition":{"urlFilter":"||tpc.googlesyndication.com/sodar/sodar2.js","initiatorDomains":["cungthi.online"],"isUrlFilterCaseSensitive":false},"priority":100201},{"id":385,"action":{"type":"allow"},"condition":{"urlFilter":"||vlitag.com/vli-assets/prebid/","initiatorDomains":["game24h.vn"],"resourceTypes":["script"],"isUrlFilterCaseSensitive":false},"priority":100301},{"id":386,"action":{"type":"allow"},"condition":{"urlFilter":"||voz.vn/u/adx.","resourceTypes":["xmlhttprequest"],"isUrlFilterCaseSensitive":false},"priority":100101},{"id":387,"action":{"type":"allow"},"condition":{"urlFilter":"||www3.doubleclick.net^","initiatorDomains":["the.tube"],"resourceTypes":["xmlhttprequest"],"isUrlFilterCaseSensitive":false},"priority":100301},{"id":388,"action":{"type":"allow"},"condition":{"urlFilter":"||xahoingaynay.com.vn/upload/20989/20200817/Asset_2_8x_9596af5d4e.png","domainType":"firstParty","isUrlFilterCaseSensitive":false},"priority":100002},{"id":419,"action":{"type":"block"},"condition":{"domainType":"thirdParty","initiatorDomains":["sexdiaryx.live"],"resourceTypes":["script"],"isUrlFilterCaseSensitive":false},"priority":302},{"id":420,"action":{"type":"block"},"condition":{"urlFilter":"/assets/js/vast.js","excludedInitiatorDomains":["phevkl.blog","viet69.now"],"resourceTypes":["script"],"isUrlFilterCaseSensitive":false},"priority":102},{"id":421,"action":{"type":"block"},"condition":{"urlFilter":"/player/vast.js","resourceTypes":["script"],"isUrlFilterCaseSensitive":false},"priority":101},{"id":422,"action":{"type":"block"},"condition":{"urlFilter":"/theme/custom.int.js","initiatorDomains":["top1sex.me","sex.tuoi69.store","hd.javhay.site","coiphimsex.net","vx.phimsexvip.cc","phimsexviet.io","phimsexvietnam.app","web.clipsex.xxx","gm.phimsexnhanh.tv","clipsex.cam","ww1.ditnhau.cc"],"resourceTypes":["script"],"isUrlFilterCaseSensitive":false},"priority":211},{"id":423,"action":{"type":"block"},"condition":{"urlFilter":"/wp-content/uploads/*.gif","initiatorDomains":["tuoi69.vote","tuoinung.bid","teletiengviet.com","phevkl.blog","viet69.now"],"resourceTypes":["image"],"isUrlFilterCaseSensitive":false},"priority":221},{"id":424,"action":{"type":"allow"},"condition":{"urlFilter":"||pagead2.googlesyndication.com^","initiatorDomains":["www.gaingon18.me"],"isUrlFilterCaseSensitive":false},"priority":100201},{"id":425,"action":{"type":"block"},"condition":{"urlFilter":"||ads.6789live.com^","isUrlFilterCaseSensitive":false},"priority":1},{"id":426,"action":{"type":"block"},"condition":{"urlFilter":"||avhduwvirosl.com^","isUrlFilterCaseSensitive":false},"priority":1},{"id":427,"action":{"type":"block"},"condition":{"urlFilter":"||blogger.googleusercontent.com^*.gif","initiatorDomains":["www.gvnvh.net"],"resourceTypes":["image"],"isUrlFilterCaseSensitive":false},"priority":301},{"id":428,"action":{"type":"block"},"condition":{"urlFilter":"||blurbreimbursetrombone.com^","isUrlFilterCaseSensitive":false},"priority":1},{"id":429,"action":{"type":"block"},"condition":{"urlFilter":"||cdn-01.w3img.com^*.gif","initiatorDomains":["javhd.tech","sexviettop.blog","khosex.blog","vlxxai.net","javhd.social","sexsoc.info"],"resourceTypes":["image"],"isUrlFilterCaseSensitive":false},"priority":218},{"id":430,"action":{"type":"block"},"condition":{"urlFilter":"||cdn.adxcontent.com^","isUrlFilterCaseSensitive":false},"priority":1},{"id":431,"action":{"type":"block"},"condition":{"urlFilter":"||cdn.javbabe.net^","resourceTypes":["sub_frame"],"isUrlFilterCaseSensitive":false},"priority":101},{"id":433,"action":{"type":"block"},"condition":{"urlFilter":"||cliphot69.skin^*.gif","resourceTypes":["image"],"isUrlFilterCaseSensitive":false},"priority":101},{"id":434,"action":{"type":"block"},"condition":{"urlFilter":"||cliphotvn69.com^*.gif","resourceTypes":["image"],"isUrlFilterCaseSensitive":false},"priority":101},{"id":435,"action":{"type":"block"},"condition":{"urlFilter":"||cloufdlare.com/ads/vn1.html","initiatorDomains":["vl.phe.to"],"resourceTypes":["sub_frame"],"isUrlFilterCaseSensitive":false},"priority":301},{"id":436,"action":{"type":"block"},"condition":{"urlFilter":"||demo123.info/*ads/","initiatorDomains":["phim.sexxsub.pro"],"resourceTypes":["image"],"isUrlFilterCaseSensitive":false},"priority":301},{"id":437,"action":{"type":"block"},"condition":{"urlFilter":"||discordapp.","initiatorDomains":["phym18.lol","phim18vip.vip","avvietsub.info","phimsexsub.xyz"],"resourceTypes":["image"],"isUrlFilterCaseSensitive":false},"priority":226},{"id":438,"action":{"type":"block"},"condition":{"urlFilter":"||github.com/taylordale7372189/","initiatorDomains":["sieudam.vin"],"resourceTypes":["image"],"isUrlFilterCaseSensitive":false},"priority":301},{"id":439,"action":{"type":"block"},"condition":{"urlFilter":"||hentaihvn.tv/qx/","resourceTypes":["sub_frame"],"isUrlFilterCaseSensitive":false},"priority":101},{"id":440,"action":{"type":"block"},"condition":{"urlFilter":"||hentaivn.love^*.gif","resourceTypes":["image"],"isUrlFilterCaseSensitive":false},"priority":101},{"id":441,"action":{"type":"block"},"condition":{"urlFilter":"||i.ibb.co^*.gif","initiatorDomains":["javnong.cc"],"resourceTypes":["image"],"isUrlFilterCaseSensitive":false},"priority":301},{"id":442,"action":{"type":"block"},"condition":{"urlFilter":"||i.imgur.com^","initiatorDomains":["phym18.lol","phim18hd.sex","xamvn.taxi","fullcliphot.com","jav.sexkhongchehd.com","xx.sexkhongchemoi.com","bimmup.tv"],"resourceTypes":["image"],"isUrlFilterCaseSensitive":false},"priority":216},{"id":443,"action":{"type":"block"},"condition":{"urlFilter":"||i9zk5f8szj4x8saj5wcks8acja5sk1dz8stjs2g8isdcn6ejxn8zsr5xjs5h.com^","isUrlFilterCaseSensitive":false},"priority":1},{"id":444,"action":{"type":"block"},"condition":{"urlFilter":"||img.av3x.net/upload/av3x.net/banners/","initiatorDomains":["phimsexhay669.pro"],"isUrlFilterCaseSensitive":false},"priority":201},{"id":445,"action":{"type":"block"},"condition":{"urlFilter":"||img.buomtv.vip/palivn/ad/","initiatorDomains":["www.buomtv.io"],"resourceTypes":["image"],"isUrlFilterCaseSensitive":false},"priority":301},{"id":446,"action":{"type":"block"},"condition":{"urlFilter":"||img.congdongmassage.com/banner/","initiatorDomains":["congdongmassage.com"],"resourceTypes":["image"],"isUrlFilterCaseSensitive":false},"priority":301},{"id":447,"action":{"type":"block"},"condition":{"urlFilter":"||jav.sexkhongchehd.com/theme/main.isa.js","domainType":"firstParty","resourceTypes":["script"],"isUrlFilterCaseSensitive":false},"priority":102},{"id":448,"action":{"type":"block"},"condition":{"urlFilter":"||jav.sexsub.icu^*.gif","initiatorDomains":["sex.tuoi69.store","hd.javhay.site","jav.sexsub.icu","vietxxx.xyz"],"resourceTypes":["image"],"isUrlFilterCaseSensitive":false},"priority":226},{"id":449,"action":{"type":"block"},"condition":{"urlFilter":"||javtopxx.com/public/images/banner/","resourceTypes":["image"],"isUrlFilterCaseSensitive":false},"priority":101},{"id":450,"action":{"type":"block"},"condition":{"urlFilter":"||kgfjrb711.com^","isUrlFilterCaseSensitive":false},"priority":1},{"id":451,"action":{"type":"block"},"condition":{"urlFilter":"||loclipsex.net^*.gif","resourceTypes":["image"],"isUrlFilterCaseSensitive":false},"priority":101},{"id":452,"action":{"type":"block"},"condition":{"urlFilter":"||lxmanga.store/storage/images/banners","isUrlFilterCaseSensitive":false},"priority":1},{"id":454,"action":{"type":"block"},"condition":{"urlFilter":"||mneydirec.com^","isUrlFilterCaseSensitive":false},"priority":1},{"id":455,"action":{"type":"block"},"condition":{"urlFilter":"||mwejhobumo.com^","isUrlFilterCaseSensitive":false},"priority":1},{"id":456,"action":{"type":"block"},"condition":{"urlFilter":"||ngaytho.me^*.gif","isUrlFilterCaseSensitive":false},"priority":1},{"id":457,"action":{"type":"block"},"condition":{"urlFilter":"||nrs6ffl9w.com^","isUrlFilterCaseSensitive":false},"priority":1},{"id":458,"action":{"type":"block"},"condition":{"urlFilter":"||nungmup.net^*.gif","initiatorDomains":["nungmup.net"],"resourceTypes":["image"],"isUrlFilterCaseSensitive":false},"priority":301},{"id":459,"action":{"type":"block"},"condition":{"urlFilter":"||phim.sexhayvl.org/theme/main.isa.js","resourceTypes":["script"],"isUrlFilterCaseSensitive":false},"priority":101},{"id":460,"action":{"type":"block"},"condition":{"urlFilter":"||phimsexsub.ch/wp-admin/admin-ajax.php?action=htmlcountry_get_data","isUrlFilterCaseSensitive":false},"priority":1},{"id":461,"action":{"type":"block"},"condition":{"urlFilter":"||phimsexsub.ch^*.gif","resourceTypes":["image"],"isUrlFilterCaseSensitive":false},"priority":101},{"id":462,"action":{"type":"block"},"condition":{"urlFilter":"||phym18.lol/static/js/adlia.js","isUrlFilterCaseSensitive":false},"priority":1},{"id":463,"action":{"type":"block"},"condition":{"urlFilter":"||play.stream4.me/jwplayer/vast.js","initiatorDomains":["play.stream4.me"],"resourceTypes":["script"],"isUrlFilterCaseSensitive":false},"priority":301},{"id":464,"action":{"type":"block"},"condition":{"urlFilter":"||qcvip.xyz^","initiatorDomains":["phevkl.blog","viet69.now"],"resourceTypes":["script"],"isUrlFilterCaseSensitive":false},"priority":251},{"id":465,"action":{"type":"block"},"condition":{"urlFilter":"||quatvn.skin/ads.js","resourceTypes":["script"],"isUrlFilterCaseSensitive":false},"priority":101},{"id":466,"action":{"type":"block"},"condition":{"urlFilter":"||quoracdn.net^","initiatorDomains":["vlxx.tech","vlxyz.tube","sieudam.vin","phevkl.blog","viet69.now","phim18vip.vip","chichnhau.blog","pheclipsex.com"],"resourceTypes":["image"],"isUrlFilterCaseSensitive":false},"priority":214},{"id":467,"action":{"type":"block"},"condition":{"urlFilter":"||rphang.online^*.gif","isUrlFilterCaseSensitive":false},"priority":1},{"id":468,"action":{"type":"block"},"condition":{"urlFilter":"||sayhentai.one/assets/js/ads.js","isUrlFilterCaseSensitive":false},"priority":1},{"id":469,"action":{"type":"block"},"condition":{"urlFilter":"||sayhentai.one/storage/images/banner/","resourceTypes":["image"],"isUrlFilterCaseSensitive":false},"priority":101},{"id":471,"action":{"type":"block"},"condition":{"urlFilter":"||sexhd88.club/wp-content/themes/vidorev/img/jun881.png","resourceTypes":["image"],"isUrlFilterCaseSensitive":false},"priority":101},{"id":472,"action":{"type":"block"},"condition":{"urlFilter":"||sexhd88.club^*.gif","resourceTypes":["image"],"isUrlFilterCaseSensitive":false},"priority":101},{"id":473,"action":{"type":"block"},"condition":{"urlFilter":"||sieukhung.meme^*.gif","resourceTypes":["image"],"isUrlFilterCaseSensitive":false},"priority":101},{"id":474,"action":{"type":"block"},"condition":{"urlFilter":"||t7cp4fldl.com^","isUrlFilterCaseSensitive":false},"priority":1},{"id":475,"action":{"type":"block"},"condition":{"urlFilter":"||telegra.ph/file/","initiatorDomains":["cliphot69.pics"],"resourceTypes":["image"],"isUrlFilterCaseSensitive":false},"priority":301},{"id":476,"action":{"type":"block"},"condition":{"urlFilter":"||telegra.ph^","initiatorDomains":["fulllivehot.live"],"resourceTypes":["image"],"isUrlFilterCaseSensitive":false},"priority":301},{"id":477,"action":{"type":"block"},"condition":{"urlFilter":"||topviet69.vip^*.gif","resourceTypes":["image"],"isUrlFilterCaseSensitive":false},"priority":101},{"id":478,"action":{"type":"block"},"condition":{"urlFilter":"||truyen18.fun/media/abc/","resourceTypes":["image"],"isUrlFilterCaseSensitive":false},"priority":101},{"id":479,"action":{"type":"block"},"condition":{"urlFilter":"||truyen18.fun/media/banner/","resourceTypes":["image"],"isUrlFilterCaseSensitive":false},"priority":101},{"id":480,"action":{"type":"block"},"condition":{"urlFilter":"||truyensextv.com/anh/","resourceTypes":["image"],"isUrlFilterCaseSensitive":false},"priority":101},{"id":481,"action":{"type":"block"},"condition":{"urlFilter":"||truyensextv.com^*.gif","isUrlFilterCaseSensitive":false},"priority":1},{"id":482,"action":{"type":"block"},"condition":{"urlFilter":"||truyenvn.vin^*banner","resourceTypes":["image"],"isUrlFilterCaseSensitive":false},"priority":101},{"id":483,"action":{"type":"block"},"condition":{"urlFilter":"||vl3x.vip/ads/","resourceTypes":["script"],"isUrlFilterCaseSensitive":false},"priority":101},{"id":484,"action":{"type":"block"},"condition":{"urlFilter":"||www.buomtv.io/palivn/ad/","resourceTypes":["image"],"isUrlFilterCaseSensitive":false},"priority":101},{"id":485,"action":{"type":"block"},"condition":{"urlFilter":"||www.displayvertising.com^","isUrlFilterCaseSensitive":false},"priority":1},{"id":486,"action":{"type":"block"},"condition":{"urlFilter":"||x.clipsexhot.org/theme/main.isa.js","initiatorDomains":["x.clipsexhot.org"],"resourceTypes":["script"],"isUrlFilterCaseSensitive":false},"priority":301},{"id":487,"action":{"type":"block"},"condition":{"urlFilter":"||xx.sexkhongchemoi.com/theme/main.isa.js","initiatorDomains":["xx.sexkhongchemoi.com"],"resourceTypes":["script"],"isUrlFilterCaseSensitive":false},"priority":301},{"id":488,"action":{"type":"block"},"condition":{"urlFilter":"||ybs2ffs7v.com^","isUrlFilterCaseSensitive":false},"priority":1},{"id":489,"action":{"type":"block"},"condition":{"urlFilter":"||yr.fopbandido.com^","isUrlFilterCaseSensitive":false},"priority":1},{"id":69,"action":{"type":"modifyHeaders","responseHeaders":[{"operation":"append","header":"Content-Security-Policy","value":"script-src data: blob: * 'self' 'unsafe-inline'"}]},"condition":{"urlFilter":"||baomoi.com","isUrlFilterCaseSensitive":false,"resourceTypes":["main_frame","sub_frame","stylesheet","script","image","font","object","xmlhttprequest","ping","media","websocket","other"]},"priority":1},{"id":122,"action":{"type":"modifyHeaders","responseHeaders":[{"operation":"append","header":"Content-Security-Policy","value":"script-src data: 'self' 'unsafe-inline' http: https:"}]},"condition":{"urlFilter":"||huongdanjava.com","isUrlFilterCaseSensitive":false,"resourceTypes":["main_frame","sub_frame","stylesheet","script","image","font","object","xmlhttprequest","ping","media","websocket","other"]},"priority":1},{"id":168,"action":{"type":"modifyHeaders","responseHeaders":[{"operation":"append","header":"Content-Security-Policy","value":"script-src 'self' 'unsafe-inline'"}]},"condition":{"urlFilter":"||phimhaythuyetminh.live","isUrlFilterCaseSensitive":false,"resourceTypes":["main_frame","sub_frame","stylesheet","script","image","font","object","xmlhttprequest","ping","media","websocket","other"]},"priority":1},{"id":169,"action":{"type":"modifyHeaders","responseHeaders":[{"operation":"append","header":"Content-Security-Policy","value":"script-src 'self' 'unsafe-inline' https:"}]},"condition":{"urlFilter":"||phimhdc.us","isUrlFilterCaseSensitive":false,"resourceTypes":["main_frame","sub_frame","stylesheet","script","image","font","object","xmlhttprequest","ping","media","websocket","other"]},"priority":1},{"id":212,"action":{"type":"modifyHeaders","responseHeaders":[{"operation":"append","header":"Content-Security-Policy","value":"script-src 'self' 'unsafe-inline' data: https:"}]},"condition":{"urlFilter":"||taoanhdep.com","isUrlFilterCaseSensitive":false,"resourceTypes":["main_frame","sub_frame","stylesheet","script","image","font","object","xmlhttprequest","ping","media","websocket","other"]},"priority":1},{"id":229,"action":{"type":"modifyHeaders","responseHeaders":[{"operation":"append","header":"Content-Security-Policy","value":"script-src 'self' 'unsafe-inline'"}]},"condition":{"urlFilter":"||truyen4u.pro","isUrlFilterCaseSensitive":false,"resourceTypes":["main_frame","sub_frame","stylesheet","script","image","font","object","xmlhttprequest","ping","media","websocket","other"]},"priority":1},{"id":242,"action":{"type":"modifyHeaders","responseHeaders":[{"operation":"append","header":"Content-Security-Policy","value":"script-src self * data:* 'unsafe-inline'"}]},"condition":{"urlFilter":"||ungtycomicsne.com","isUrlFilterCaseSensitive":false,"resourceTypes":["main_frame","sub_frame","stylesheet","script","image","font","object","xmlhttprequest","ping","media","websocket","other"]},"priority":1},{"id":259,"action":{"type":"modifyHeaders","responseHeaders":[{"operation":"append","header":"Content-Security-Policy","value":"script-src 'self' 'unsafe-inline' http: https:"}]},"condition":{"urlFilter":"||www.iosviet.com^","isUrlFilterCaseSensitive":false,"resourceTypes":["main_frame","sub_frame","stylesheet","script","image","font","object","xmlhttprequest","ping","media","websocket","other"]},"priority":1},{"id":432,"action":{"type":"modifyHeaders","responseHeaders":[{"operation":"append","header":"Content-Security-Policy","value":"script-src 'self' 'unsafe-inline'"}]},"condition":{"urlFilter":"||cliphot69.skin","isUrlFilterCaseSensitive":false,"resourceTypes":["main_frame","sub_frame","stylesheet","script","image","font","object","xmlhttprequest","ping","media","websocket","other"]},"priority":1},{"id":453,"action":{"type":"modifyHeaders","responseHeaders":[{"operation":"append","header":"Content-Security-Policy","value":"script-src 'self' 'unsafe-inline' http"}]},"condition":{"urlFilter":"||mangadm.cc","isUrlFilterCaseSensitive":false,"resourceTypes":["main_frame","sub_frame","stylesheet","script","image","font","object","xmlhttprequest","ping","media","websocket","other"]},"priority":1},{"id":470,"action":{"type":"modifyHeaders","responseHeaders":[{"operation":"append","header":"Content-Security-Policy","value":"script-src 'self' 'unsafe-eval'"}]},"condition":{"urlFilter":"||sexdiaryx.live","isUrlFilterCaseSensitive":false,"resourceTypes":["main_frame","sub_frame","stylesheet","script","image","font","object","xmlhttprequest","ping","media","websocket","other"]},"priority":1}]