{"file_hashes":[{"block_hashes":["5+2q32ZHR80eN/SkSLc0RrgqFug1kTYS5414VTPGE9w=","nK7ZefoGQCui3eiPi8E/sb00T3CJg1Snv8NFnYYEdr0=","JEQC6Yno1hl/ZzHUzE9FuZMOxvSTeey8fFhjr5Yqvm4="],"block_size":4096,"path":"background.js"},{"block_hashes":["BMOmajCx+Y3L+cvnFk+94OdgpzFobQv+QzG66b1rkuU=","T5pXARxaMTjKl79pVgqkPY7wFovI0B0h789H5IMWVPI="],"block_size":4096,"path":"captcha/awscaptcha.js"},{"block_hashes":["ihbUuNc1O//pw4QvVj0eCW8rNehZpGyYGehxI+MqJng=","XAWwVhnwkoYwGHrUIhZl2CvgRnyGbQm0MmY9KIn5AgI="],"block_size":4096,"path":"captcha/funcaptcha.js"},{"block_hashes":["HElEz+OpLLn8hPEc3b8OQe47CW3hqXHLMUt504Tcd4E=","pdkWKtoFxBRJ3vA6LhIRSxszVD8aoGKrVoZP7t5cd0c=","wZ8xJMT3iFMwRfWVChoA1iN7aqQbFJQz5mHcTkVKZWc="],"block_size":4096,"path":"captcha/geetest.js"},{"block_hashes":["1fg2FZdnu8U1LW2/PQKcHmkAnd/hIrcYqCIu4m9MDzg=","0QsZfFvxQebhCiXqIP93H0+LdPPBV86JJb+szcpcBFA=","Bjd8qcnRsuKIg7XPbvhfVr81JynxuxSxWDqV/OI85iU="],"block_size":4096,"path":"captcha/lemincaptcha.js"},{"block_hashes":["V7spilHH2BjyZzQgBCMQuyIPVSjwiyFJw1EF/53foMk="],"block_size":4096,"path":"captcha/perimeterx.js"},{"block_hashes":["L0g7ixbkEYGyHONUOQQPOU8OOu+PYp1M28PLXtJCNas=","8lm+hl40S6sCD0Vw2vl3MpP8ZtEp28Vylyg3OjlNkA4="],"block_size":4096,"path":"captcha/recaptcha.js"},{"block_hashes":["uKizqjqXT7utDRgVZI30z9OYXfC7koaV5H4hzA9BgM0=","RLt8CxTlaNxDsdUSCv4GeQ9pTQzVy2lJVS040W0aD18="],"block_size":4096,"path":"captcha/textcaptcha.js"},{"block_hashes":["KbGsn7bE8hW8/udjQfioBWvuEzh/0nH2iakHpCFaDYU=","UXfKfCvQy3kbFyOQAUprK+aONNj0oVtd0pPr2vNwFWc="],"block_size":4096,"path":"captcha/turnstile.js"},{"block_hashes":["JtNucIXE9yr1rFZyE1qeOVPibmcI3FtbD8/fUeF5Vac="],"block_size":4096,"path":"eventhook.js"},{"block_hashes":["2DIhj1B+IuaNhcHK0EhnBpY4JamsRpaIZ711IwI7M0E="],"block_size":4096,"path":"eventhook/loader.js"},{"block_hashes":["dnVoxq9Xd1hoXbYlzjNruBvrpwQVrVrElvqBMUC8tt4=","1FJw5HELANO4xjpGgMuKKI0Ur+k2dIxyClfvqgsKjwQ=","cZJgF8ap45g2QqCWwkB6j21gaZkH/dz7thaw6pcppoU="],"block_size":4096,"path":"icon/128g.png"},{"block_hashes":["xTmpxUmHMeq+Rlm85Dao9nAu6N+bFU9BvQyL9wJ1Tpo=","gIjTnumcntNg/SewVO/6MqNHTXZKv2I6DI5RxsgJ2GU="],"block_size":4096,"path":"icon/16g.png"},{"block_hashes":["RtrJagSgkAJ54Hvuncu2VFJiw0FA7lcyuHFtHjRvr1I=","e5AyizGNfIw3d9EUiUTXMbJ97DyZxFCnSVfyhgdhWBY="],"block_size":4096,"path":"icon/32g.png"},{"block_hashes":["7+zNNqS6ZZDpovo+PfJROxentYS19yiUJB3qi+ED+lQ=","R7hxEiC19mgAHvvPa5gJyAjQLMd1rJpHmFLcFa10Qs4=","qKhhJdsqF+b4o9b5istijuNge0BE/U2qx/zxeunFkQ8="],"block_size":4096,"path":"icon/48g.png"},{"block_hashes":["O4wsVKJslquLPUKVlJJYk72NPEgwgJDVZa3TR/yygls=","h+HBEkcJuaSAQw9aTzaoHiZDdLPPdVHv8o/uMhJ6Q5Q=","T/xCntd1b9jAI1wuJ113TiN1cAJqC+3wEumm5FBpzcM="],"block_size":4096,"path":"lib/selector.js"},{"block_hashes":["4GM1/ILISSKokA0wMl0kPkxt7ljS9qGlnAR8CGd9wNw=","rB4S1405A1ydrJaZ/ZJsLCO6bBuJTYmXC8kmQ2yVNJI=","bGH2xT28HmbltK0jlUVCO//d5rXZ7QR6wrnHVq8oy4g="],"block_size":4096,"path":"locate.js"},{"block_hashes":["CpVJb82GL0zfiUAupTD8VYs7GNQoxKR4jICBz6NzIz0=","HqHroYBMJsl06vXqDlPj6D3N/0O1UDnT6fbMWEb+sRg=","W+TR0bemT28DkjPSNiApNxa5Z56wD8pE/EyHo7dqk8M=","80lU8JZG3JOs8GOL7VmPj/xKzodxylhJgqLS8fUoxVU="],"block_size":4096,"path":"pages/funcaptcha-demo.js"},{"block_hashes":["FjppqhjVuXSB/vot51fZWh5xUbpPLq/srSewp8lDDAk="],"block_size":4096,"path":"pages/integrate.js"},{"block_hashes":["MSOZUnzrMiKBs9yLZ2a3oC2pD2nXRVokUOiKGSANF30="],"block_size":4096,"path":"pages/setup.js"},{"block_hashes":["9WGr1z8eVlTUGYzOHayKQzuETfDiC4mJ2gNsYdF0EYE=","BRgLK0n4q220+n4UYi609bhH/jTaKDhaeUkrjCLbbtg=","H3CNMNOKZHtSgp+h44Ldw0M19QsydKtHx73U2O9/tRY="],"block_size":4096,"path":"popup.css"},{"block_hashes":["Lr1DraJUwLFC89HHeGAk6UH6QnBREHPYZc8OILX+fOE="],"block_size":4096,"path":"popup.html"},{"block_hashes":["OMOD36I1S8+XuYREm6hgvZYZLngn6IpcwzpmhnwLLR4=","SehUlc7zeOizVDR5mpw9bvCIIpp057iQg4J4ojmbs/A=","ckFQQGi3kr3jcwJTfVHhxd2yGrCE6jKY7cuEBLdMqSk=","e65LSyjnrYadsomlIGTTfTHVIx4I5opYG0deNHExfuE=","Z/SPJ3snrLx6uXC9LDS8FQ10l9ht/IwI6isbc3sZdgY=","0Hk91nTbBmb4RllGVdu/dMKLM554naO5NIptpC+EnJM=","YrkNz5Ds2Iq/B5WOx6IZsXTk/h+dXRSoUGybooE83mU=","4tYh+Ck/A+ILeB19l8KG5lXyrDNcQTvWcXOYrgkTclA=","ZvwTEe0G+smFZQOtv+4tFcW8XcrTjZ4HkVW2uc8FdJw=","PCBxIYoGV7orERUEYXW0iSIblCKUI5XgkasnOZBgCFg=","ggDfhOjsYLzo+svjHGNbc5aCvAU508DXjlzFP0BLTwU=","m48/7Gfu/EySCKV7eL67HQv2YTiasbkWUJ2Xaryu820=","kJa1Cy84O/N8/UDVp2I2Ru0m1xL77JORwsfak3bxc0U=","TKGmP97DXbZIxZ4Tp/K5P0B8jRXcaqLRZnyeuW3MFqA=","TjFvl1SFlC5+EzlOEKaBzVQqibJ6TUd0hp7RnLPKYuE="],"block_size":4096,"path":"popup.js"},{"block_hashes":["5JGO7r2cfjBRUy3kulzECH4TPRpYSle90u/G41CsKBU="],"block_size":4096,"path":"setup.html"}],"version":2}